domain,company_name,orgnr,email,phone,contact_page,source,is_webshop,webshop_signals,webshop_debug,debug
,Favvan Aktiebolag,556298-6603,,,,,,,,
inredningdesign.nu,,,,,https://inredningdesign.nu,browser,no,,,net::ERR_NAME_NOT_RESOLVED at https://inredningdesign.nu | method:browser
,P A Hydraulservice Aktiebolag,556266-8698,,,,,,,,
baroness.se,,,info@baroness.se,+46 476 122 00,https://baroness.se,browser,no,,main@https://baroness.se/:samplingRan(sampled=0),
,mr Baby & Lek AB,556543-4866,,,,,,,,
,Barteknik i Linköping AB,556453-1118,,,,,,,,
,Olov Wågberg Elservice Aktiebolag,556539-2775,,,,,,,,
,Bröderna Pellinen Livs AB,556532-2418,,,,,,,,
ni.se,,,mikebike.sundman@ni.se; adrian@ni.se; inneservice@ni.se,+46 8 555 762 80; +46 8 555 762 91; +46 8 555 762 71,https://ni.se/kontakt,browser,no,,main@https://ni.se/:samplingRan(sampled=0),
,Strongarm AB,556543-6069,,,,,,,,
,Kertic International Aktiebolag,556537-3692,,,,,,,,
,Wall & Westford Aktiebolag,556538-9649,,,,,,,,
,Vårby Gård Livs Aktiebolag,556544-5276,,,,,,,,
,Delta of Sweden Aktiebolag,556523-0629,,,,,,,,
,Lexner-Jonsson Rid Aktiebolag,556532-3788,,,,,,,,
,E.M.S. International AB,556536-7447,,,,,,,,
,Kjell Gunnarsson AB,556514-9530,,,,,,,,
,Tores Allköp Aktiebolag,556267-1957,,,,,,,,
,Mapei AB,556536-1010,,,,,,,,
swedx.se,Skärmar Kiosker Videovägg Signo Digitala Gatupratare Tillbehör KONTAKT SWEDX AB,556528-3677,,+46 8 441 84 44,https://swedx.se,static,yes,cart; product_cards; priced_cards,static@https://swedx.se:hasCart(uiPhrase) | static@https://swedx.se:pricedCards(priceMicrodata) | static@https://swedx.se:productCards(109) | DECISION@static@https://swedx.se,
,Tuvancenter AB,556533-7432,,,,,,,,
,Melanders Fisk Aktiebolag,556536-0434,,,,,,,,
,Albert & Herbert Överskott i Hudiksvall AB,556537-3361,,,,,,,,
,Jägers Redovisning & Försäljning AB,556540-1154,,,,,,,,
,Mia & Nettan's AB,556542-8421,,,,,,,,
,Pondus Clothing Company Torp AB,556547-8467,,,,,,,,
,Mono Trading Sweden AB,556548-7294,,,,,,,,
,Lighthouse Systems Nordic AB,556546-0176,,,,,,,,
,Jenssen hair supplies AB,556266-9894,,,,,,,,
,Oetterli Marketing Aktiebolag,556525-6889,,,,,,,,
,I M Gunnarsson Handels Aktiebolag,556509-4983,,,,,,,,
,Matta i Sandhamn AB,556510-8478,,,,,,,,
,Sellukem AB,556504-3923,,,,,,,,
,Stål & Verktyg Anno -92 Aktiebolag,556454-2099,,,,,,,,
,Hem Livs i Kungsbacka AB,556527-1250,,,,,,,,
,West Food i Göteborg AB,556540-4851,,,,,,,,
axelssonsconsult.com,Axelsson Consult i Lammhul AB,,,+46 472 26 10 51; +46 472 26 09 85,https://axelssonsconsult.com,static,no,,,
rehabshop.se,Rehabshop AB,,webb.uppsala@mirva.se,+46 31 711 99 14,https://rehabshop.se,static,yes,checkout_provider; cart; product_cards; priced_cards; provider:klarna,static@https://rehabshop.se:hasCart(urlPath:/varukorg) | static@https://rehabshop.se:pricedCards(multiPrices) | static@https://rehabshop.se:providers(klarna) | static@https://rehabshop.se:productCards(200) | DECISION@static@https://rehabshop.se,
,Hansaprint AB,556548-9712,,,,,,,,
,MAGNOR GLASVERK Aktiebolag,556539-6628,,,,,,,,
,Buller Data Aktiebolag,556476-4610,,,,,,,,
,Tactic Sverige Aktiebolag,556535-0468,,,,,,,,
,B. Beckers Fashion AB,556536-8460,,,,,,,,
,Hedön Invest AB,556514-9878,,,,,,,,
,VAN BRABANDT INTERIOR CONCEPT AB,556519-3488,,,,,,,,
,DEF Invest Aktiebolag,556259-0165,,,,,,,,
,ABÖ Development AB,556267-3243,,,,,,,,
,Hedåkers Säteri AB,556531-5958,,,,,,,,
,Produits de France AB,556539-2874,,,,,,,,
,Bil- & Maskinteknik i Örebro Aktiebolag,556292-1790,,,,,,,,
blomsterhuseteuropa.se,Grevon blommor AB,,,+46 411 130 33; +46 410 462 40,https://blomsterhuseteuropa.se,static,yes,checkout_provider; product_cards; provider:woocommerce,static@https://blomsterhuseteuropa.se:providers(woocommerce) | static@https://blomsterhuseteuropa.se:productCards(4) | DECISION@static@https://blomsterhuseteuropa.se,
,Dialight Traffic Systems AB,556530-3681,,,,,,,,
,MO Kompaniet AB,556529-6521,,,,,,,,
wredeoffice.se,K.J.J. Wrede Office AB,,jerry@wredeoffice.se,+46 70 890 95 90,https://wredeoffice.se,static,no,cart; product_cards,static@https://wredeoffice.se:hasCart(urlPath:/cart) | static@https://wredeoffice.se:productCards(200),
,BK Invest Aktiebolag,556532-4737,,,,,,,,
,Hjo Grosshandel Aktiebolag,556471-4862,,,,,,,,
,Nordex Finland AB,556547-9853,,,,,,,,
,Megastar Computer Aktiebolag,556539-8798,,,,,,,,
,MagiCAD Group AB,556281-8970,,,,,,,,
,Lennartsson Dräneringstjänst Aktiebolag,556285-6665,,,,,,,,
,Köttgross i Linköping AB,556532-5874,,,,,,,,
,Professionell Produktmedia Lidingö AB,556510-7991,,,,,,,,
,Jespersens Motor Aktiebolag,556256-0374,,,,,,,,
,ISO Tool AB,556256-0655,,,,,,,,
,Craft of Scandinavia AB,556529-1845,,,,,,,,
,dicloud AB,556534-9015,,,,,,,,
,Ljud & Bild Center i Stenungsund AB,556536-3610,,,,,,,,
optimabelysning.se,Optima Belysning och Teknik AB,556279-0369,info@optimabelysning.se; rickard@optimabelysning.se; malin@optimabelysning.se,+46 72 218 22 89; +46 73 151 33 85; +46 70 298 23 29,https://optimabelysning.se,static,no,product_cards,static@https://optimabelysning.se:productCards(5),
,Cykelhuset U V AB,556540-4273,,,,,,,,
,KappAhl Mode Holding AB,556545-0037,,,,,,,,
,Butik 4165206 Nova Köpcentrum AB,556540-1600,,,,,,,,
,LAHA Installation AB,556545-8048,,,,,,,,
,GK Produkter AB,556540-2806,,,,,,,,
,Exotic Snacks AB,556543-4148,,,,,,,,
,Cherol Import AB,556545-5986,,,,,,,,
,Himalaya Te & Kaffespecialist AB,556542-0261,,,,,,,,
,Fartygsmagasinet i Stockholm Aktiebolag,556280-4475,,,,,,,,
aprobo.com,Aprobo AB,,info@aprobo.com,+46 10 183 31 80,https://aprobo.com,static,yes,product_cards; priced_cards,static@https://aprobo.com:pricedCards(multiPrices) | static@https://aprobo.com:productCards(41) | DECISION@static@https://aprobo.com,
,Floating Systems Sweden AB,556554-5240,,,,,,,,
aaaaa.se,,,,,https://aaaaa.se,browser,no,,,net::ERR_CONNECTION_CLOSED at https://aaaaa.se | method:browser
,Green Miracle Products Aktiebolag,556504-6322,,,,,,,,
,Trosa Möbler AB,556459-6269,,,,,,,,
se.hilleberg.com,Hilleberg the Tentmaker,,imy@imy.se; info@outdoor-service.com,,https://hilleberg.com/swe/support/terms-of-service,browser,yes,cart; checkout,main@https://hilleberg.com/swe:hasCheckout(urlPath:/order) | main@https://hilleberg.com/swe:hasCart(uiPhrase) | DECISION@main@https://hilleberg.com/swe | contact_like@https://hilleberg.com/swe/support/terms-of-service:hasCheckout(urlPath:/order) | contact_like@https://hilleberg.com/swe/support/terms-of-service:hasCart(uiPhrase) | DECISION@contact_like@https://hilleberg.com/swe/support/terms-of-service,
,Europress AB,556540-8514,,,,,,,,
,Orrbyhallen AB,556545-5085,,,,,,,,
,Anders Trä i Loftahammar AB,556535-4064,,,,,,,,
,Guldateljen Eriksson & Grönholm Aktiebolag,556285-9222,,,,,,,,
,North Carpet AB,556534-0576,,,,,,,,
,Gandalf Distribution AB,556536-9476,,,,,,,,
circlek.se,,,,,https://www.circlek.se/mastercard/kundservice,browser,no,checkout; sampled_3; sample_price_1,main@https://www.circlek.se/:hasCheckout(urlPath:/betalning) | main@https://www.circlek.se/:samplingRan(sampled=3) | sampleURL@https://circlek.se/biluthyrning:status=200:PRICE | sampleURL@https://circlek.se/biluthyrning/prisinformation:status=200 | sampleURL@https://circlek.se/personbilar:status=200 | contact_like@https://www.circlek.se/om-oss:hasCheckout(urlPath:/betalning) | contact_like@https://www.circlek.se/kundservice:hasCheckout(urlPath:/betalning) | contact_like@https://www.circlek.se/mastercard/kundservice:hasCheckout(urlPath:/betalning),
smpcardio.se,Cardio AB,,,+46 900 1700; +46 31 68 10 55,https://smpcardio.se,static,no,,,
horta.se,,,domains@loopia.com; more@loopia.com,,https://horta.se/contact-us,browser,no,checkout,main@https://horta.se/:hasCheckout(urlPath:/order) | contact_like@https://horta.se/impressum:hasCheckout(urlPath:/order) | contact_like@https://horta.se/kontakt:hasCheckout(urlPath:/order) | contact_like@https://horta.se/kontakta-oss:hasCheckout(urlPath:/order) | contact_like@https://horta.se/contact:hasCheckout(urlPath:/order) | contact_like@https://horta.se/contact-us:hasCheckout(urlPath:/order),
,VDL Bus Nordic AB,556547-2171,,,,,,,,
,Rottna Fastighets AB,556297-3833,,,,,,,,
,Leklust AB,556491-8810,,,,,,,,
,Tobaksvagnen i Skogar AB,556520-4145,,,,,,,,
,Bromma Sport och Rehab AB,556453-4484,,,,,,,,
,Interakustik AB,556523-2989,,,,,,,,
,Liljendal Äventyrshotell AB,556541-0171,,,,,,,,
,Karl-mats i Svärdsjö Aktiebolag,556518-8124,,,,,,,,
,Hammarö Färg AB,556536-3354,,,,,,,,
,MK MobilKontakt AB,556282-4176,,,,,,,,
coffeestation.se,Coffee Station Lerum AB,556521-5455,info@coffeestation.se,+46 302 120 70,https://www.coffeestation.se,static,no,,,
,Styrlogic Holding Aktiebolag,556289-4179,,,,,,,,
,Bole Sverige AB,556540-3010,,,,,,,,
,Cajami Holding Aktiebolag,556293-3720,,,,,,,,
,Bilkompassen i Sverige AB,556545-9806,,,,,,,,
,Envirochem IEC AB,556295-9824,,,,,,,,
mattlandet.se,,,,,https://mattlandet.se,browser,no,,,HTTP 403 | method:browser
,Fritidsboende i Sollebrunn AB,556541-6806,,,,,,,,
,Rosenqvist Försäljnings AB,556547-4359,,,,,,,,
,Anders Gustafsson Livs Aktiebolag,556519-3660,,,,,,,,
guldmagasinet-linkoping.se,,,,,https://guldmagasinet-linkoping.se,browser,no,,,net::ERR_NAME_NOT_RESOLVED at https://guldmagasinet-linkoping.se | method:browser
,Aldax AB,556275-7798,,,,,,,,
,Lobelius Agenturer Aktiebolag,556281-2387,,,,,,,,
,GMR Music Group AB,556550-9154,,,,,,,,
,Presspartner Vingåker AB,556523-4142,,,,,,,,
nordicbellows.se,,,info@nordicbellows.se; %20kristina.lindefors@nordicbellows.se; andreas.lindefors@nordicbellows.se,+46 40 42 61 50,https://www.nordicbellows.se/om-oss,browser,no,product_cards,main@https://www.nordicbellows.se/:productCards(2) | main@https://www.nordicbellows.se/:samplingRan(sampled=0) | contact_like@https://www.nordicbellows.se/om-oss/:productCards(2) | contact_like@https://www.nordicbellows.se/kontakt/:productCards(2),
,IM Transmission Aktiebolag,556461-5846,,,,,,,,
,Intejo Trade Aktiebolag,556536-1978,,,,,,,,
,Green Senses Eko Spa by Lendelund AB,556520-3352,,,,,,,,
,Svante Rödin AB,556540-4935,,,,,,,,
,Instant Interactive Information Europe AB,556512-0432,,,,,,,,
,Hunseberg Maskin AB,556282-5645,,,,,,,,
,Bitchem Sweden AB,556528-4485,,,,,,,,
,Unident Finance AB,556540-7912,,,,,,,,
,Naeem Aslam Collection Aktiebolag,556539-7436,,,,,,,,
,Nya Trädgårdscentralen i Dalarna AB,556539-4532,,,,,,,,
,Melins i Tierp AB,556542-3661,,,,,,,,
,Scansindo AB,556543-9394,,,,,,,,
,Logitrade Aktiebolag,556264-1034,,,,,,,,
,Focast i Älmhult AB,556501-1060,,,,,,,,
,Aktiebolaget Defour,556281-5604,,,,,,,,
,Olwex AB,556530-4945,,,,,,,,
,Forsman Handel AB,556551-2463,,,,,,,,
,Västkustens Bagerimaskiner AB,556455-6867,,,,,,,,
,Safic - Alcan Nordic AB,556537-6562,,,,,,,,
,Micro System Duotex AB,556527-8594,,,,,,,,
,Malthe Winje Automation AB,556289-7164,,,,,,,,
,Barkmans Färg AB,556524-0032,,,,,,,,
,Lampverkstaden & Coco Aktiebolag,556524-0495,,,,,,,,
,Backhausen Aktiebolag,556260-2937,,,,,,,,
,Scand-Free Aktiebolag,556276-0313,,,,,,,,
,Wasastan Shop AB,556541-3381,,,,,,,,
,AB Flexbox,556296-1291,,,,,,,,
gardhemskydd.se,Gård Hemskydd AB,556543-4304,,+46 70 921 58 40; +46 8 00 15 00,https://gardhemskydd.se,static,no,,,
,EMMSABB Invest AB,556542-2648,,,,,,,,
,Leica MicroSystems Aktiebolag,556523-5040,,,,,,,,
brasommarmobler.se,,,support@bramobler.se,+46 31 744 11 11,https://www.bramobler.se/kundtjanst,browser,yes,checkout; product_cards; priced_cards; sampled_3; sample_addtocart_2,main@https://www.bramobler.se/:hasCheckout(urlPath:/betalning) | main@https://www.bramobler.se/:pricedCards(multiPrices) | main@https://www.bramobler.se/:productCards(45) | DECISION@main@https://www.bramobler.se/ | contact_like@https://www.bramobler.se/om-oss:hasCheckout(urlPath:/betalning) | contact_like@https://www.bramobler.se/om-oss:samplingRan(sampled=3) | sampleURL@https://brasommarmobler.se/utemobler:status=200:ATC | sampleURL@https://brasommarmobler.se/mobler:status=200:ATC | sampleURL@https://brasommarmobler.se/tradgard:status=200 | contact_like@https://www.bramobler.se/kundtjanst:hasCheckout(urlPath:/betalning),
,V-Tech AB,556552-0730,,,,,,,,
,JUBE Invest AB,556544-2158,,,,,,,,
,Hemprodukter i Västervik AB,556545-3692,,,,,,,,
,Intectra Aktiebolag,556530-6593,,,,,,,,
,On - Way i Sverige Aktiebolag,556530-6684,,,,,,,,
,Marika Wahlin-Alvila AB,556523-4472,,,,,,,,
juhlinsoptik.se,,,info@juhlinsoptik.se,,https://www.juhlinsoptik.se/kontakt,browser,no,product_cards; checkout,main@https://www.juhlinsoptik.se/:productCards(8) | main@https://www.juhlinsoptik.se/:samplingRan(sampled=0) | contact_like@https://www.juhlinsoptik.se/om-oss/historia/:hasCheckout(uiPhrase) | contact_like@https://www.juhlinsoptik.se/om-oss/personal/:hasCheckout(uiPhrase) | contact_like@https://www.juhlinsoptik.se/om-oss/delbetalning/:hasCheckout(uiPhrase),
,Jack & Vera Aktiebolag,556471-8921,,,,,,,,
,I P Målarboden Aktiebolag,556289-8865,,,,,,,,
,Hälsotek i Vetlanda Aktiebolag,556553-8385,,,,,,,,
,Nisses Varuhus Aktiebolag,556292-6039,,,,,,,,
,TYAB AB,556533-4389,,,,,,,,
sanova.se,,,info@sanova.se; patric@sanova.se; johan@sanova.se,+46 510 48 58 90; +46 76 788 99 98; +46 76 492 63 71,https://sanova.se/om-oss,browser,yes,cart; checkout; product_cards,main@https://sanova.se/:hasCheckout(urlPath:/checkout) | main@https://sanova.se/:hasCart(urlPath:/varukorg) | main@https://sanova.se/:productCards(6) | DECISION@main@https://sanova.se/ | contact_like@https://sanova.se/om-oss/:hasCheckout(urlPath:/checkout) | contact_like@https://sanova.se/om-oss/:hasCart(urlPath:/varukorg) | contact_like@https://sanova.se/om-oss/:productCards(6) | DECISION@contact_like@https://sanova.se/om-oss/ | contact_like@https://sanova.se/kontakt/:hasCheckout(urlPath:/checkout) | contact_like@https://sanova.se/kontakt/:hasCart(urlPath:/varukorg) | contact_like@https://sanova.se/kontakt/:productCards(6) | DECISION@contact_like@https://sanova.se/kontakt/,
,Auktionshuset i Örebro Aktiebolag,556265-3815,,,,,,,,
facebook.com,,,dev7561@gmail.com; kundansvarig@studioexpress.se,,https://www.facebook.com/kundtjanst,browser,yes,checkout_provider; checkout; provider:adyen,main@https://www.facebook.com/:samplingRan(sampled=0) | contact_like@https://www.meta.com/en-gb/about/?utm_source=about.facebook.com&utm_medium=redirect:hasCheckout(urlPath:/order) | contact_like@https://www.meta.com/en-gb/about/?utm_source=about.facebook.com&utm_medium=redirect:providers(adyen) | DECISION@contact_like@https://www.meta.com/en-gb/about/?utm_source=about.facebook.com&utm_medium=redirect,
,Näs Fiskodling i Avesta AB,556540-0040,,,,,,,,
,SMC Stockholms Maskincentral Aktiebolag,556298-1828,,,,,,,,
,Cut and Paste Aktiebolag,556547-3153,,,,,,,,
,3 - Sextio Aktiebolag,556519-5616,,,,,,,,
,Nya Skor i Vänersborg Aktiebolag,556270-8296,,,,,,,,
,Varuförmedling i Lindesberg Aktiebolag,556526-7225,,,,,,,,
,Ored & Vind Aktiebolag,556305-7529,,,,,,,,
,Litzén & Co Aktiebolag,556306-1208,,,,,,,,
,Hallands Hus & Markexploatering Aktiebolag,556528-2331,,,,,,,,
isnova.eu,,,,,https://isnova.eu,browser,no,,,
,Guldsmed Johan Jobring AB,556464-0216,,,,,,,,
,Karlskrona Urmakaren Fastighets AB,556466-6633,,,,,,,,
forsbergsbil.com,Norrbacka Motor AB,,verkstad@norrbackamotor.se,+46 910 71 07 77,https://forsbergsbil.com,static,yes,product_cards; priced_cards,static@https://forsbergsbil.com:pricedCards(multiPrices) | static@https://forsbergsbil.com:productCards(2) | DECISION@static@https://forsbergsbil.com,
pspinternational.se,,,info@pspinternational.se,+46 70 424 35 45,https://pspinternational.se/kontakt,browser,yes,sampled_1; sample_pdp_1; sample_addtocart_1,main@https://pspinternational.se/:samplingRan(sampled=1) | sampleURL@https://pspinternational.se/produkter/:status=200:PDP+ATC | DECISION@sample (confirmed) | DECISION@main@https://pspinternational.se/,
,Bissab i Västerås Aktiebolag,556542-2275,,,,,,,,
,Jord of Sweden AB,556550-0864,,,,,,,,
spphoto.se,,,,,https://spphoto.se,browser,no,,,net::ERR_NAME_NOT_RESOLVED at https://spphoto.se | method:browser
,Ekman Agenturer B-M Aktiebolag,556524-1469,,,,,,,,
,Reijo Laitinen Maskinservice AB,556524-2251,,,,,,,,
,Johan Norberg Livs Aktiebolag,556536-8742,,,,,,,,
,Husaffären i Jönköping Aktiebolag,556247-8940,,,,,,,,
,Joakim Engdahl Livs AB,556527-7901,,,,,,,,
,Delsbohallen AB,556260-7605,,,,,,,,
,Offitech AB,556523-8150,,,,,,,,
biofrost.se,Biofrost,,kontakt@biofrost.se,+46 70 588 88 40,https://biofrost.se/contact,browser,yes,cart; product_cards; priced_cards,main@https://biofrost.se/:hasCart(urlPath:/cart) | main@https://biofrost.se/:pricedCards(multiPrices) | main@https://biofrost.se/:productCards(46) | DECISION@main@https://biofrost.se/ | contact_like@https://biofrost.se/contact:hasCart(urlPath:/cart) | contact_like@https://biofrost.se/contact:pricedCards(multiPrices) | contact_like@https://biofrost.se/contact:productCards(8) | DECISION@contact_like@https://biofrost.se/contact,
,Stilmagazinet i Åmål Aktiebolag,556535-1482,,,,,,,,
,Caranth Trading AB,556543-2761,,,,,,,,
,Torslanda Inter Sales AB,556536-4063,,,,,,,,
iscar.se,,,,,https://iscar.se,browser,no,,,net::ERR_NAME_NOT_RESOLVED at https://iscar.se | method:browser
,Alsterhallen Livs AB,556529-8824,,,,,,,,
,NovaStar Svenska Aktiebolag,556531-3300,,,,,,,,
,Thomas Lanz Tobakshandel AB,556519-5780,,,,,,,,
,Trippel & Fachs AB,556523-9927,,,,,,,,
,DN Bilradio AB,556524-1311,,,,,,,,
inlagsbil.se,Inlags Bil AB,,info@inlagsbil.se,+46 300 743 50,https://inlagsbil.se,static,no,,,
,Ergomat Sweden AB,556468-3497,,,,,,,,
,Hedlund Import Aktiebolag,556470-3592,,,,,,,,
,BN Marin Elektronik Aktiebolag,556461-5077,,,,,,,,
,Nomus Fastighets AB,556475-3951,,,,,,,,
olssonsfro.se,,,info@olssonsfro.se; per.andersson@olssonsfro.se; julia.erlingson@olssonsfro.se,+46 42 25 04 50; +46 42 25 04 60,https://www.olssonsfro.se/om-oss,browser,yes,checkout_provider; cart; product_cards; priced_cards; provider:woocommerce,main@https://www.olssonsfro.se/:hasCart(urlPath:/varukorg) | main@https://www.olssonsfro.se/:providers(woocommerce) | DECISION@main@https://www.olssonsfro.se/ | contact_like@https://www.olssonsfro.se/om-oss/:hasCart(urlPath:/varukorg) | contact_like@https://www.olssonsfro.se/om-oss/:pricedCards(multiPrices) | contact_like@https://www.olssonsfro.se/om-oss/:providers(woocommerce) | contact_like@https://www.olssonsfro.se/om-oss/:productCards(10) | DECISION@contact_like@https://www.olssonsfro.se/om-oss/ | contact_like@https://www.olssonsfro.se/kontakta-oss/:hasCart(urlPath:/varukorg) | contact_like@https://www.olssonsfro.se/kontakta-oss/:pricedCards(multiPrices) | contact_like@https://www.olssonsfro.se/kontakta-oss/:providers(woocommerce) | contact_like@https://www.olssonsfro.se/kontakta-oss/:productCards(10) | DECISION@contact_like@https://www.olssonsfro.se/kontakta-oss/,
,Alpingaraget i Stockholm Aktiebolag,556486-5607,,,,,,,,
,RK Mode i Uppsala Aktiebolag,556475-9552,,,,,,,,
racopy.se,,,hasse@racopy.se,+46 18 34 92 20; +46 8 00 17 00; +46 70 778 49 38,https://www.raavpartner.se/kontakta-oss,browser,no,sampled_3,main@https://www.raavpartner.se/:samplingRan(sampled=3) | sampleURL@https://racopy.se/produkter/:status=200 | sampleURL@https://racopy.se/produkter/kabelhantering-cable-management/:status=200 | sampleURL@https://racopy.se/produkter/sony-teos/:status=200,
,Aktiebolaget Ludvika Partiaffär,556480-6239,,,,,,,,
opticus.se,Foto: Ekstrand media,,,+46 321 127 50,https://opticus.se,browser,no,,main@https://www.opticus.se/:samplingRan(sampled=0),
,Baronbackarnas Service Center AB,556508-5007,,,,,,,,
,Handelsboden i Årsta Aktiebolag,556497-6479,,,,,,,,
,InfraCom Connect AB,556522-3939,,,,,,,,
stryker.com,Stryker -,,,,https://www.stryker.com/customer-service,browser,no,,contact_like@https://www.stryker.com/us/en/error/404.html:samplingRan(sampled=0),
,SNF Nordic AB,556539-5315,,,,,,,,
,AVD 2 i Sundsvall AB,556523-7871,,,,,,,,
,Robert Bell Holding AB,556535-5749,,,,,,,,
,Alumeco Sverige AB,556529-9590,,,,,,,,
,Högrabatten AB,556453-1050,,,,,,,,
blomstertid.com,expireddomains,,,,https://blomstertid.com,browser,no,cart,main@https://expireddomains.com/domain/blomstertid.com:hasCart(uiPhrase),
,Sösdala Bensin & Service Aktiebolag,556468-3935,,,,,,,,
,Härproducerat AB,556473-3508,,,,,,,,
,Enterprise Europe AB,556489-4854,,,,,,,,
,Aktiebolaget Farming Sweden,556478-3420,,,,,,,,
,S N Sophisticated Fabrics Aktiebolag,556478-4287,,,,,,,,
,Ekonomipack Carl Lindgren Aktiebolag,556494-6191,,,,,,,,
konditorilorry.com,,,,,https://konditorilorry.com,browser,no,,,HTTP 503 | method:browser
,Lexicon Yrkesutbildning AB,556489-1157,,,,,,,,
,Norling & Co Handels AB,556503-8998,,,,,,,,
bdshaninge.se,,,,,https://bdshaninge.se,browser,no,,,net::ERR_NAME_NOT_RESOLVED at https://bdshaninge.se | method:browser
,Naturform Aktiebolag,556504-9243,,,,,,,,
,Burmans Dykeriservice Aktiebolag,556510-8692,,,,,,,,
,Örsundsbro Livs Aktiebolag,556499-1692,,,,,,,,
,Gottfrid Johansson Musikinstrumenthandel Aktiebolag,556512-1927,,,,,,,,
,Värdeskåpet AB,556512-2701,,,,,,,,
,Renapur Aktiebolag,556502-0160,,,,,,,,
,Onyx Trading Aktiebolag,556510-4188,,,,,,,,
,Joakim Nordström Agenturer Aktiebolag,556517-8331,,,,,,,,
ica.se,,556582-1559; 556021-0261,kundservice@ica.se,+46 8 561 500 00; +46 33 47 47 90; +46 33 47 47 94,https://www.ica.se/kontakt,browser,no,,main@https://www.ica.se/:samplingRan(sampled=0),
,Mikael Ekstrands Blommor AB,556543-2571,,,,,,,,
,Påvelstorp Maskin AB,556515-5990,,,,,,,,
,Gudinna Investment AB,556541-6731,,,,,,,,
,Björkprodukter i Kilafors AB,556466-6278,,,,,,,,
,Forsheda Livs Aktiebolag,556451-3603,,,,,,,,
albinpumpmarine.com,,,,,https://albinpumpmarine.com,browser,no,,,HTTP 522 | method:browser
,Proleko Aktiebolag,556469-4601,,,,,,,,
,Roslagens Marincenter Aktiebolag,556450-1244,,,,,,,,
camfil.com,Integritetspolicy Cookiepolicy Cookieinställningar,,order.se@camfil.com; kjell.nordlander@camfil.com; pontus.lindevall@camfil.com,+46 156 537 00; +46 8 545 125 00; +46 8 603 08 00,https://www.camfil.com/contact,browser,yes,sampled_1; sample_pdp_1; sample_addtocart_1; sample_price_1; product_cards,main@https://www.camfil.com/sv-se:samplingRan(sampled=1) | sampleURL@https://camfil.com/sv-se/kunskapscenter:status=200:PDP+ATC+PRICE | DECISION@sample (confirmed) | DECISION@main@https://www.camfil.com/sv-se | contact_like@https://www.camfil.com/sv-se/support-och-service/support/kontakta-oss/hitta-kontaktperson:productCards(74) | contact_like@https://www.camfil.com/en/support-and-services/support/contact-locator:productCards(77),
,PÅ STUDS Aktiebolag,556464-5991,,,,,,,,
,Superstar Sweden Aktiebolag,556466-4356,,,,,,,,
,Synvård Olskroken Aktiebolag,556482-9157,,,,,,,,
,Sjöhagens Livs Aktiebolag,556489-6537,,,,,,,,
,Stavsnäs-Macken Aktiebolag,556491-5329,,,,,,,,
,Sahlin Gjutteknik Aktiebolag,556476-0972,,,,,,,,
,Techniche Nordic AB,556479-3205,,,,,,,,
,InterNic Consulting AB,556483-2029,,,,,,,,
hosbois.se,Hos Bois,,bois@hosbois.se,+46 70 220 01 25,https://www.hosbois.se/kontakta-oss,browser,no,,main@https://www.hosbois.se/:samplingRan(sampled=0),
,Sandvikens Fritidscenter Aktiebolag,556505-0167,,,,,,,,
,IFX AB,556509-5030,,,,,,,,
,Hagge Warp & Weft Aktiebolag,556509-5220,,,,,,,,
,Rowland livs AB,556521-9192,,,,,,,,
,Boutique BAKÅ AB,556516-4687,,,,,,,,
,Harrion AB,556535-0518,,,,,,,,
,Inrego Aktiebolag,556531-6352,,,,,,,,
amak.se,Försäljningsvillkor Betala med:,,info@amak.se,+46 910 77 69 05,https://amak.se/kontakt,browser,yes,product_cards; priced_cards,main@https://amak.se/ws-/sort/name-asc:pricedCards(multiPrices) | main@https://amak.se/ws-/sort/name-asc:productCards(200) | DECISION@main@https://amak.se/ws-/sort/name-asc | contact_like@https://amak.se/ws-/products/jordkontakt-till-usb-c-jk4:pricedCards(multiPrices) | contact_like@https://amak.se/ws-/products/jordkontakt-till-usb-c-jk4:productCards(35) | DECISION@contact_like@https://amak.se/ws-/products/jordkontakt-till-usb-c-jk4 | contact_like@https://amak.se/ws-/products/jordkontakt-till-usb-jk3:pricedCards(multiPrices) | contact_like@https://amak.se/ws-/products/jordkontakt-till-usb-jk3:productCards(35) | DECISION@contact_like@https://amak.se/ws-/products/jordkontakt-till-usb-jk3,
,Cape Cod Business Design AB,556537-7529,,,,,,,,
,Butik 4075158 Katrineholm Jvg AB,556538-5159,,,,,,,,
,Farnell Components Aktiebolag,556534-3976,,,,,,,,
,B.N Okidoki Aktiebolag,556534-7365,,,,,,,,
,Uppmo framtid AB,556523-5081,,,,,,,,
,KARDELEN Aktiebolag,556453-2553,,,,,,,,
,Gnosjö Maskin & Verktyg Aktiebolag,556462-3840,,,,,,,,
,Fiskeboden Jönköping AB,556467-5543,,,,,,,,
,Mats Wallin i Jönköping AB,556469-9493,,,,,,,,
,Gluefast AB,556486-9690,,,,,,,,
,Antipodes Holdings AB,556478-6464,,,,,,,,
,Despec Sweden AB,556476-3083,,,,,,,,
,Svenska Rehab Info Aktiebolag,556494-0947,,,,,,,,
,Etteråt AB,556497-7055,,,,,,,,
,Ale Blomman Aktiebolag,556483-9818,,,,,,,,
,Input interiör Nord Aktiebolag,556504-9060,,,,,,,,
,GMF Gävle AB,556490-4976,,,,,,,,
,Morast Bygg Aktiebolag,556506-1016,,,,,,,,
,Telemobilia i Gnesta AB,556500-3885,,,,,,,,
,Ergonomilandslaget AB,556519-5442,,,,,,,,
,Stadium Sports Camp AB (svb),556521-6834,,,,,,,,
,TOTALLJUD Aktiebolag,556511-4815,,,,,,,,
,P Rasmussen Electronics Aktiebolag,556533-3001,,,,,,,,
,Prio Assist AB,556533-7010,,,,,,,,
,Rörmockar'n i Sollefteå AB,556515-8572,,,,,,,,
,Göran Sandell i Lerberget Aktiebolag,556526-1244,,,,,,,,
,Casall Professional AB,556547-8947,,,,,,,,
vikingsat.com,Vikingsat,,info@vikingsat.com; thomas@vikingsat.com; christer@vikingsat.com,+46 63 10 70 06; +46 70 230 20 02; +46 70 230 20 01,https://vikingsat.com,browser,yes,product_cards; priced_cards,main@https://vikingsat.com/:pricedCards(multiPrices) | main@https://vikingsat.com/:productCards(9) | DECISION@main@https://vikingsat.com/ | internal@https://vikingsat.com/:pricedCards(multiPrices) | internal@https://vikingsat.com/:productCards(9) | DECISION@internal@https://vikingsat.com/,
,Anderssons Kläder i Lund AB,556460-4832,,,,,,,,
,Markprodukter i Mönsterås Aktiebolag,556482-2954,,,,,,,,
,Belimo AB,556485-4387,,,,,,,,
,Agenta Group Aktiebolag,556490-0958,,,,,,,,
,Jonssons Bud & Allservice AB,556479-2595,,,,,,,,
,Cliff i Halmstad AB,556480-8821,,,,,,,,
,Sun-Wood Aktiebolag,556483-9859,,,,,,,,
,Arexo Food Aktiebolag,556507-2757,,,,,,,,
,Stil och Trend Inredning i Falkenberg Aktiebolag,556502-1176,,,,,,,,
,ARMAL Scandinavia AB,556500-6979,,,,,,,,
,Bröderna Johansson Herrekipering i Varberg AB,556521-9523,,,,,,,,
,Stefan Ahnén AB,556503-5473,,,,,,,,
,Co-Creation Cosmetics AB,556507-9752,,,,,,,,
,Boulder Maskin Aktiebolag,556507-8713,,,,,,,,
,Grindsson AB,556510-7371,,,,,,,,
,Tygklippet i Gällivare AB,556518-1236,,,,,,,,
,AB Erik Hultgrens Bokhandel,556518-7092,,,,,,,,
,Sojanida Trading AB,556521-6735,,,,,,,,
,Hjelmbergs Livs Aktiebolag,556527-9881,,,,,,,,
,Clean Machine i Falkenberg AB,556536-4527,,,,,,,,
,By Denice AB,556470-9508,,,,,,,,
,Con gusto Restaurangprojektering AB,556457-1759,,,,,,,,
narkestraktorcenter.se,Närkes traktorcenter AB,,info@narkestraktorcenter.se,+46 19 57 80 00,https://narkestraktorcenter.se,static,no,,,
golvmaterial.com,,,,,https://golvmaterial.com,browser,no,,,net::ERR_SSL_UNRECOGNIZED_NAME_ALERT at https://golvmaterial.com | method:browser
,RR Bil och Fritid AB,556464-7765,,,,,,,,
,Capella Lampor Aktiebolag,556464-8326,,,,,,,,
,Express-Bild Hälla Aktiebolag,556481-8358,,,,,,,,
mattplattor.se,,556473-6634,info@mattplattor.se,+46 70 657 27 29,https://mattplattor.se/kontakta-oss,browser,yes,checkout_provider; cart; checkout; sampled_3; sample_pdp_1; sample_addtocart_3; sample_price_1; provider:klarna,main@https://mattplattor.se/:hasCheckout(uiPhrase) | main@https://mattplattor.se/:hasCart(urlPath:/cart) | main@https://mattplattor.se/:providers(klarna) | DECISION@main@https://mattplattor.se/ | contact_like@https://mattplattor.se/kontakta-oss:hasCart(urlPath:/cart) | contact_like@https://mattplattor.se/kontakta-oss:samplingRan(sampled=3) | sampleURL@https://mattplattor.se/heltackningsmatta-offentlig-miljo-och-foretag:status=200:ATC | sampleURL@https://mattplattor.se/fakta/lagga-heltackningsmatta-textilplattor:status=200:ATC | sampleURL@https://mattplattor.se/bestall-provbit:status=200:PDP+ATC+PRICE | DECISION@sample (confirmed) | DECISION@contact_like@https://mattplattor.se/kontakta-oss,
,M.T.G. Kontorsservice Aktiebolag,556490-2582,,,,,,,,
,Helen & Per-Erik Livs Aktiebolag,556490-1873,,,,,,,,
,Salto Hästprodukter AB,556504-1265,,,,,,,,
,Monomak AB,556495-0318,,,,,,,,
,Pins Design Sweden Aktiebolag,556503-6752,,,,,,,,
,CARLHAG AB,556505-0803,,,,,,,,
,Motorsport Bröderna Svensson Aktiebolag,556538-2859,,,,,,,,
,Gamla Stans Metall Aktiebolag,556542-0568,,,,,,,,
,Vikbolandets Produktion AB,556533-8497,,,,,,,,
,Capetex AB,556534-5138,,,,,,,,
,Matbutiken i Åtvidaberg AB,556543-5129,,,,,,,,
,Specialvirke Värmland Aktiebolag,556514-6544,,,,,,,,
,Soundpressure Europe AB,556537-3239,,,,,,,,
,Matbolaget i Järvsö AB,556530-1925,,,,,,,,
,B & M Må Bra AB,556533-3191,,,,,,,,
,Bopen Nordic AB,556534-5161,,,,,,,,
,Flora Blommor i Skurup Aktiebolag,556464-1024,,,,,,,,
verktygsboden.se,,,info@verktygsboden.se,+46 679932836; +46 1932838; +46 679989261,https://verktygsboden.se/garage-verkstad/slapvagnsdelar/testinstrument/belysningstestare-12v-for-7-polig-slapvagnskontakt,browser,yes,cart; product_cards; priced_cards,main@https://verktygsboden.se/:hasCart(uiPhrase) | main@https://verktygsboden.se/:pricedCards(multiPrices) | main@https://verktygsboden.se/:productCards(200) | DECISION@main@https://verktygsboden.se/ | contact_like@https://verktygsboden.se/garage-verkstad/fordonslyftar-domkrafter/servicelyftar/servicelyft-3-ton-melsparrar:hasCart(uiPhrase) | contact_like@https://verktygsboden.se/garage-verkstad/fordonslyftar-domkrafter/servicelyftar/servicelyft-3-ton-melsparrar:pricedCards(multiPrices) | contact_like@https://verktygsboden.se/garage-verkstad/fordonslyftar-domkrafter/servicelyftar/servicelyft-3-ton-melsparrar:productCards(200) | DECISION@contact_like@https://verktygsboden.se/garage-verkstad/fordonslyftar-domkrafter/servicelyftar/servicelyft-3-ton-melsparrar | contact_like@https://verktygsboden.se/garage-verkstad/fordonslyftar-domkrafter/servicelyftar/servicelyft-3500-kg-bredare-modell:hasCart(uiPhrase) | contact_like@https://verktygsboden.se/garage-verkstad/fordonslyftar-domkrafter/servicelyftar/servicelyft-3500-kg-bredare-modell:pricedCards(multiPrices) | contact_like@https://verktygsboden.se/garage-verkstad/fordonslyftar-domkrafter/servicelyftar/servicelyft-3500-kg-bredare-modell:productCards(200) | DECISION@contact_like@https://verktygsboden.se/garage-verkstad/fordonslyftar-domkrafter/servicelyftar/servicelyft-3500-kg-bredare-modell | contact_like@https://verktygsboden.se/garage-verkstad/slapvagnsdelar/slapvagnskontakt-kabel/spiralkabel-7-polig-3-m:hasCart(uiPhrase) | contact_like@https://verktygsboden.se/garage-verkstad/slapvagnsdelar/slapvagnskontakt-kabel/spiralkabel-7-polig-3-m:pricedCards(multiPrices) | contact_like@https://verktygsboden.se/garage-verkstad/slapvagnsdelar/slapvagnskontakt-kabel/spiralkabel-7-polig-3-m:productCards(200) | DECISION@contact_like@https://verktygsboden.se/garage-verkstad/slapvagnsdelar/slapvagnskontakt-kabel/spiralkabel-7-polig-3-m | contact_like@https://verktygsboden.se/garage-verkstad/slapvagnsdelar/testinstrument/belysningstestare-12v-for-7-polig-slapvagnskontakt:hasCart(uiPhrase) | contact_like@https://verktygsboden.se/garage-verkstad/slapvagnsdelar/testinstrument/belysningstestare-12v-for-7-polig-slapvagnskontakt:pricedCards(multiPrices) | contact_like@https://verktygsboden.se/garage-verkstad/slapvagnsdelar/testinstrument/belysningstestare-12v-for-7-polig-slapvagnskontakt:productCards(200) | DECISION@contact_like@https://verktygsboden.se/garage-verkstad/slapvagnsdelar/testinstrument/belysningstestare-12v-for-7-polig-slapvagnskontakt,
,Kalcit Aktiebolag,556476-7696,,,,,,,,
,Markaryds Järn Aktiebolag,556458-5759,,,,,,,,
,Fagerberg Auto AB,556462-4574,,,,,,,,
,Interservice i Herrljunga AB,556464-1172,,,,,,,,
,Vasacenter försäljning AB,556475-2888,,,,,,,,
,Kakelkompaniet Syd Aktiebolag,556492-3497,,,,,,,,
,Modest Invest i Motala Aktiebolag,556495-9905,,,,,,,,
,Ögges Photo Invest Aktiebolag,556484-2895,,,,,,,,
,CompoNova AB,556504-1844,,,,,,,,
bilinredarna.se,Sverige AB,,info@nicmarmedia.nu,,http://bilinredarna.se,static,no,,,
,Bewapack International AB,556493-4346,,,,,,,,
,NIbal Import & Export Aktiebolaget,556495-1175,,,,,,,,
,Cepab Centrum Processarmatur AB,556511-1068,,,,,,,,
,MH Lyft & Materialhantering AB,556523-7731,,,,,,,,
franzenstextil.se,Textil i Kinna AB,556508-0693,info@franzenstextil.se,+46 320 21 02 90,https://franzenstextil.se,static,no,,,
,Abranor Slipverktyg Aktiebolag,556508-2848,,,,,,,,
,Glasögon & Linser i Nybro AB,556518-3182,,,,,,,,
,Solvändan Förlag och Tryck AB,556516-8969,,,,,,,,
,Cittraverkstaden i Norrtälje AB,556535-7000,,,,,,,,
,Nordeko AB,556531-4522,,,,,,,,
,Nilson Timber AB,556526-7043,,,,,,,,
,Pappersstugan i Stockholm AB,556533-9966,,,,,,,,
itigo.se,ItigoHemVåra produkterVåra producenterKunskap om olivoljaOm ossRecept,556464-2410,info@itigo.se; thomas@itigo.se; helena@itigo.se,+46 8 94 75 98; +46 70 930 02 50; +46 70 820 79 33,https://itigo.se/pages/contact,browser,yes,checkout_provider; cart; checkout; product_cards; priced_cards; provider:shopify,main@https://itigo.se/:hasCheckout(urlPath:/checkout) | main@https://itigo.se/:hasCart(urlPath:/cart) | main@https://itigo.se/:pricedCards(priceMicrodata) | main@https://itigo.se/:providers(shopify) | main@https://itigo.se/:productCards(90) | DECISION@main@https://itigo.se/ | contact_like@https://itigo.se/pages/contact:hasCheckout(urlPath:/checkout) | contact_like@https://itigo.se/pages/contact:hasCart(urlPath:/cart) | contact_like@https://itigo.se/pages/contact:pricedCards(priceMicrodata) | contact_like@https://itigo.se/pages/contact:providers(shopify) | contact_like@https://itigo.se/pages/contact:productCards(74) | DECISION@contact_like@https://itigo.se/pages/contact,
fambra.se,Fambra AB,,moment@fambra.se,+46 322 61 14 66,https://fambra.se,static,yes,checkout_provider; product_cards; priced_cards; provider:klarna,static@https://fambra.se:pricedCards(priceMicrodata) | static@https://fambra.se:providers(klarna) | static@https://fambra.se:productCards(162) | DECISION@static@https://fambra.se,
,AC Maskinservice i Nora Aktiebolag,556470-4830,,,,,,,,
,Enmarks Symaskiner Aktiebolag,556458-9496,,,,,,,,
,Kvibille Blomsterservice Aktiebolag,556460-6704,,,,,,,,
,M.L Consulting i Sundsvall Aktiebolag,556479-0573,,,,,,,,
,Bondersbyns Livs Aktiebolag,556465-3326,,,,,,,,
,Mats Dahlström Revision AB,556476-1947,,,,,,,,
,Norrlands Industriutveckling Aktiebolag,556490-7607,,,,,,,,
frendobutikerna.se,,,info@emab.org,+46 8 35 00 71,https://frendobutikerna.se,browser,no,,main@https://frendo.se/:samplingRan(sampled=0),
,Wernersson Ost AB,556499-6097,,,,,,,,
,Mobilcommunication i Östersund Aktiebolag,556487-8824,,,,,,,,
,Ergohuset Ermi AB,556505-4243,,,,,,,,
,Gröna Ödlan AB,556492-1509,,,,,,,,
royalgreenland.se,Cookie policy Privacy Policy,,; info@royalgreenland.com,,https://www.royalgreenland.se/kontakta-oss,browser,no,sampled_3; sample_addtocart_2,main@https://www.royalgreenland.se/:samplingRan(sampled=3) | sampleURL@https://royalgreenland.se/recept/:status=200 | sampleURL@https://royalgreenland.se/sortiment-se/rakor/rakor-i-krispig-panering/:status=200:ATC | sampleURL@https://royalgreenland.se/sortiment-se/liten-gronlandsk-halleflundra/liten-gronlandsk-halleflundra-portioner/:status=200:ATC,
,J.A. Sundqvist AB,556524-9611,,,,,,,,
,Safety Equipment Sweden Aktiebolag,556518-3505,,,,,,,,
garageportexperten.se,,,support@garageportexperten.se; mikael.holmstrand@garageportexperten.se; maria.borg@garageportexperten.se,+46 77 147 34 73,https://garageportexperten.se/om-oss,browser,no,sampled_3; sample_addtocart_3,main@https://garageportexperten.se/:samplingRan(sampled=3) | sampleURL@https://garageportexperten.se/karriar:status=200:ATC | sampleURL@https://garageportexperten.se/portar:status=200:ATC | sampleURL@https://garageportexperten.se/dorrar:status=200:ATC,
,Weldtech i Örnsköldsvik AB,556513-7444,,,,,,,,
,Stuguns Livs AB,556521-0761,,,,,,,,
,Bengt Jonsson Foto i Värnamo AB,556514-6320,,,,,,,,
,Hjorts Försäljnings AB,556549-3847,,,,,,,,
,Pajalalyktan AB,556543-3819,,,,,,,,
,Sportförlaget i Norden AB,556534-0568,,,,,,,,
,STARBRANDS AB,556553-8054,,,,,,,,
,FoodCompetence Sverige AB,556536-4899,,,,,,,,
,JLB Bygghandel AB,556540-5957,,,,,,,,
liljasinramning.se,,,info@liljasinramning.se,+46 910 368 36,https://liljasinramning.se,browser,yes,checkout_provider; cart; product_cards; provider:woocommerce,main@https://liljasinramning.se/:hasCart(urlPath:/cart) | main@https://liljasinramning.se/:providers(woocommerce) | main@https://liljasinramning.se/:productCards(52) | DECISION@main@https://liljasinramning.se/,
,Pierre Sibelius AB,556468-9452,,,,,,,,
,A. B. Vindkraft Aktiebolag,556468-9510,,,,,,,,
,Optiker Anderberg Vision AB,556471-9333,,,,,,,,
,H Sandbergs VVS Aktiebolag,556492-0865,,,,,,,,
,NordiCare Ortopedi & Rehab AB,556493-4304,,,,,,,,
,Askeladden Förlag Aktiebolag,556481-8259,,,,,,,,
,Glashusteknik GHT Aktiebolag,556487-9087,,,,,,,,
,Fastighets AB Lövträdet,556514-7906,,,,,,,,
produal.com,,,info@produal.com; firstname.lastname@produal.com; invoices.fi@produal.com,+46 21 991 00; +46 680 90 97; +46 670 12 65,https://www.produal.com/customer-service,browser,no,product_cards; sampled_3,main@https://www.produal.com/en/:productCards(9) | main@https://www.produal.com/en/:samplingRan(sampled=3) | sampleURL@https://produal.com/en/product-catalogues:status=200 | sampleURL@https://produal.com/en/product-brochures:status=200 | sampleURL@https://produal.com/media/pdf/product_catalogue_en.pdf:status=200 | contact_like@https://www.produal.com/en/impressum:productCards(9) | contact_like@https://www.produal.com/en/kontakt:productCards(9) | contact_like@https://www.produal.com/en/kontakta-oss:productCards(9) | contact_like@https://www.produal.com/en/contact:productCards(9) | contact_like@https://www.produal.com/contact-us:productCards(9) | contact_like@https://www.produal.com/en/om-oss:productCards(9) | contact_like@https://www.produal.com/en/about:productCards(9) | contact_like@https://www.produal.com/en/kundtjanst:productCards(9) | internal@https://www.produal.com/en/kundtj%C3%A4nst:productCards(9) | contact_like@https://www.produal.com/en/customer-service:productCards(9),
,PEGAMO Aktiebolag,556530-0687,,,,,,,,
,WinCore AB,556518-9130,,,,,,,,
,Lundbergs Grafiska AB,556525-4553,,,,,,,,
fargokakelhuset.se,,556512-6116,kontor@fargokakelhuset.se,+46 522 64 50 70,https://fargokakelhuset.se,static,no,product_cards,static@https://fargokakelhuset.se:productCards(50),
,Lasse Schalin Butiksutrustning AB,556537-4781,,,,,,,,
,Upplands Potatis Försäljning Aktiebolag,556531-4969,,,,,,,,
,MG Matvarugruppen Aktiebolag,556522-3541,,,,,,,,
,Gillis Sälj & Logistik AB,556447-8161,,,,,,,,
,Gulddesign Götgatan AB,556476-8777,,,,,,,,
,Eterförbindelser i Lund Aktiebolag,556483-8224,,,,,,,,
,Aktiebolaget M Mårtensson i Lomma,556466-4448,,,,,,,,
,Mr. Plant AB,556485-3256,,,,,,,,
,Tehörnan R Nilsson Aktiebolag,556496-5589,,,,,,,,
,Malope Livs Aktiebolag,556484-0485,,,,,,,,
,DP Marketing Aktiebolag,556499-8929,,,,,,,,
,Per Risvall Förvaltnings AB,556489-3930,,,,,,,,
,Knulp Sko Aktiebolag,556492-3968,,,,,,,,
medicinskabokhandeln.se,,,,,https://medicinskabokhandeln.se,browser,no,,,net::ERR_SSL_PROTOCOL_ERROR at https://medicinskabokhandeln.se | method:browser
,Internordic Bearings AB,556493-8024,,,,,,,,
,BG:s Gas o VVS Service Aktiebolag,556499-4480,,,,,,,,
,Servly Stockholm Norr AB,556501-1698,,,,,,,,
,Inter Speed Products Aktiebolag,556505-6008,,,,,,,,
,Lindblads Ljus & Armaturer AB,556520-3147,,,,,,,,
,Triada AB,556523-2583,,,,,,,,
,Carlssons Optik i Sundsvall AB,556517-0486,,,,,,,,
,GOODNESS Travel & Trade Agency AB,556517-2888,,,,,,,,
,Trollcon AB,556520-0838,,,,,,,,
,Larsered Trading & Equine AB,556528-9906,,,,,,,,
,BGR Livs Aktiebolag,556521-1199,,,,,,,,
,Barmbek AB,556539-2700,,,,,,,,
,Chrysaor Aktiebolag,556525-5584,,,,,,,,
,Sten Andrén Plast AB,556527-8263,,,,,,,,
,P & E Nyqvist AB,556522-7781,,,,,,,,
,MEXART GRAPHIC OF SWEDEN AB,556553-9177,,,,,,,,
,Saab Tallboda AB,556535-9790,,,,,,,,
,Kungsbacka dränering & marktjänst AB,556449-2790,,,,,,,,
,VICE Försäljnings Aktiebolag,556471-7543,,,,,,,,
,Svenska Returglas 33 cl Aktiebolag,556469-4114,,,,,,,,
,BRAVA Vattenrening AB,556476-8942,,,,,,,,
,Brinor Aktiebolag,556477-1326,,,,,,,,
jarnhuset.se,,,,,https://jarnhuset.se,browser,no,,,net::ERR_CERT_DATE_INVALID at https://jarnhuset.se | method:browser
,Gussander Inter Aktiebolag,556481-1338,,,,,,,,
,LEKÅ Produkter Aktiebolag,556499-9307,,,,,,,,
,P. Närkestam Storkök Aktiebolag,556501-7828,,,,,,,,
,Ideal Svenska Aktiebolag,556486-0079,,,,,,,,
,Jonas Freiman Puts & Mur AB,556522-8458,,,,,,,,
,NMB Konsult AB,556512-0820,,,,,,,,
,ES Hydagent AB,556524-3291,,,,,,,,
,Cykel & Fiskecenter i Skellefteå AB,556529-3577,,,,,,,,
,Laga AB,556537-5515,,,,,,,,
,S.M.G. Försäljning i Härnösand AB,556544-1671,,,,,,,,
klockmaster.com,,,hej@watchmarket.com,+46 143 752 00; +46 11 331 00 35; +46 210 11 091 00 36,https://www.klockmaster.se/kundtjanst-klockmaster/trygg-e-handel,browser,yes,checkout_provider; cart; product_cards; priced_cards; checkout; provider:stripe; provider:klarna,"main@https://www.klockmaster.se/:hasCart(uiPhrase) | main@https://www.klockmaster.se/:pricedCards(multiPrices) | main@https://www.klockmaster.se/:providers(stripe) | main@https://www.klockmaster.se/:productCards(79) | DECISION@main@https://www.klockmaster.se/ | contact_like@https://www.klockmaster.se/kundtjanst-klockmaster/kopvillkor:hasCheckout(uiPhrase) | contact_like@https://www.klockmaster.se/kundtjanst-klockmaster/kopvillkor:hasCart(uiPhrase) | contact_like@https://www.klockmaster.se/kundtjanst-klockmaster/kopvillkor:providers(klarna,stripe) | DECISION@contact_like@https://www.klockmaster.se/kundtjanst-klockmaster/kopvillkor | contact_like@https://www.klockmaster.se/kundtjanst-klockmaster/trygg-e-handel:hasCheckout(uiPhrase) | contact_like@https://www.klockmaster.se/kundtjanst-klockmaster/trygg-e-handel:hasCart(uiPhrase) | contact_like@https://www.klockmaster.se/kundtjanst-klockmaster/trygg-e-handel:providers(stripe) | DECISION@contact_like@https://www.klockmaster.se/kundtjanst-klockmaster/trygg-e-handel",
qualitylife.se,Qualitylife Sweden AB,556524-4299,info@qualitylife.se,+46 8 733 00 15,https://qualitylife.se,static,no,,,
,NOBTEC Aktiebolag,556527-8545,,,,,,,,
,Dizdar Design Aktiebolag,556454-7601,,,,,,,,
,Oktanen Service AB,556460-3875,,,,,,,,
,Stefans AB,556460-8882,,,,,,,,
,DUATOR AB,556486-3966,,,,,,,,
,Märkbar Interiör i Särö AB,556482-9116,,,,,,,,
,WXW Media AB,556482-9595,,,,,,,,
,Bangsue Rice AB,556504-4012,,,,,,,,
,Kaplans Safir AB,556492-5773,,,,,,,,
,Swetouch AB,556506-6874,,,,,,,,
,Esplanadia Food & Beverage Aktiebolag,556495-6760,,,,,,,,
,Effcentic Aktiebolag,556497-4458,,,,,,,,
,Interior Experts Sweden AB,556507-0736,,,,,,,,
ica.se,,556582-1559; 556021-0261,kundservice@ica.se,+46 8 561 500 00; +46 33 47 47 90; +46 33 47 47 94,https://www.ica.se/kontakt,browser,no,,main@https://www.ica.se/:samplingRan(sampled=0),
,Supermarket Väst AB,556545-7842,,,,,,,,
,IMEX AB,556523-6030,,,,,,,,
,Skandinaviskt Glasögonmode AB,556554-0167,,,,,,,,
,VVS Per Andersson AB,556524-5957,,,,,,,,
,M & R Sjögaardh AB,556541-2649,,,,,,,,
foxway.com,Foxway Privacy Company information,,devices@foxway.com,,https://www.foxway.com/en/our-services/lifecycle-services/consumer-device-as-a-service/,browser,no,,contact_like@https://www.foxway.com/en/our-services/lifecycle-services/consumer-device-as-a-service/:samplingRan(sampled=0),
,Clark Consulting AB,556473-5826,,,,,,,,
,Hedlund Holding AB,556477-1631,,,,,,,,
frisorgrossen.se,,,order@qut.se; info@qut.se,+46 8 00 16 00; +46 10 551 19 00,https://frisorgrossen.se,browser,no,cart; product_cards; sampled_3; sample_addtocart_3,main@https://qutpro.se/se/sv:hasCart(uiPhrase) | main@https://qutpro.se/se/sv:productCards(30) | main@https://qutpro.se/se/sv:samplingRan(sampled=3) | sampleURL@https://frisorgrossen.se/se/sv/category/har-skonhet:status=200:ATC | sampleURL@https://frisorgrossen.se/se/sv/category/kampanjer:status=200:ATC | sampleURL@https://frisorgrossen.se/se/sv/product/qut-0001-0025-0167-0000-asp-puretone-salon-intro-kit:status=200:ATC,
snosjo.se,Joens Snö & sjösport AB,,info@snosjo.se,,https://www.snosjo.com/skidservice,browser,no,,contact_like@https://www.snosjo.com/kontakt:samplingRan(sampled=0),
,Ebbamåla Bruk Aktiebolag,556484-9882,,,,,,,,
joveniajuveler.se,,,info@joveniajuveler.se,+46 8 611 25 66; +46 8 611 25 88; +46 8 611 22 39,https://joveniajuveler.se/kontakta-oss,browser,no,sampled_3,main@https://joveniajuveler.se/:samplingRan(sampled=3) | sampleURL@https://joveniajuveler.se/smycken/:status=200 | sampleURL@https://joveniajuveler.se/pressinformation/:status=200 | sampleURL@https://joveniajuveler.se/smycken/juvelsmycken/:status=200,
stenmagasinet.se,Stenmagasinet,,order@stenmagasinet.com,+46 8 732 87 00,https://stenmagasinet.se/om-oss,browser,yes,checkout_provider; cart; provider:woocommerce,main@https://stenmagasinet.se/:hasCart(uiPhrase) | main@https://stenmagasinet.se/:providers(woocommerce) | DECISION@main@https://stenmagasinet.se/ | contact_like@https://stenmagasinet.se/kontakt/:hasCart(uiPhrase) | contact_like@https://stenmagasinet.se/kontakt/:providers(woocommerce) | DECISION@contact_like@https://stenmagasinet.se/kontakt/ | contact_like@https://stenmagasinet.se/om-oss/:hasCart(uiPhrase) | contact_like@https://stenmagasinet.se/om-oss/:providers(woocommerce) | DECISION@contact_like@https://stenmagasinet.se/om-oss/,
,Holm's Machine Consulting AB,556510-0053,,,,,,,,
,FADO Inredningar Aktiebolag,556494-3891,,,,,,,,
,S:a Vägens Bensin AB,556510-2232,,,,,,,,
tradgardhandel.se,,,,,https://tradgardhandel.se,browser,no,,,net::ERR_SSL_UNRECOGNIZED_NAME_ALERT at https://tradgardhandel.se | method:browser
protoolsab.se,,556532-7003,peter@protoolsab.se,+46 70 511 58 82,https://protoolsab.se/kontakt,browser,no,,,
,TOPLUX AB,556513-4045,,,,,,,,
minovaab.se,,,,,https://minovaab.se,browser,no,,,
,Peter Romare AB,556516-3416,,,,,,,,
,Biolens Optik Definition Lenses Aktiebolag,556521-6131,,,,,,,,
,Lancker AB,556532-9330,,,,,,,,
besafe.se,,,,,https://www.besafe.com/sv/om-oss/var-historia/,browser,yes,product_cards; priced_cards,main@https://www.besafe.com/sv:pricedCards(multiPrices) | main@https://www.besafe.com/sv:productCards(4) | DECISION@main@https://www.besafe.com/sv | contact_like@https://www.besafe.com/sv/om-oss/var-historia/:samplingRan(sampled=0),
,Ohlsson's Grocery AB,556550-3496,,,,,,,,
,VPSK Technology AB,556522-1693,,,,,,,,
firststop.se,,,info@firststop.se,,https://firststop.se/om-oss,browser,no,sampled_1; sample_addtocart_1,contact_like@https://firststop.se/om-oss:samplingRan(sampled=1) | sampleURL@https://firststop.se/ga-med-i-first-stops-natverk:status=200:ATC,
caravanmarine.se,,,info@caravanmarine.se; butiken@caravanmarine.se; verkstan@caravanmarine.se,+46 26 13 30 40; +46 26 13 25 40; +46 76 139 79 43,https://caravanmarine.se/om-oss,browser,no,sampled_1; sample_addtocart_1,main@https://caravanmarine.se/:samplingRan(sampled=1) | sampleURL@https://caravanmarine.se/butik/:status=200:ATC,
,Zoltania AB,556454-8328,,,,,,,,
,Bil-Konsult i Skövde Aktiebolag,556457-7616,,,,,,,,
,Hobby & Kontorskällaren i Säffle AB,556463-3195,,,,,,,,
,Musikanten i Umeå AB,556492-8819,,,,,,,,
,Elektrokyl i Norrköping Aktiebolag,556483-4439,,,,,,,,
,Oenoforos Aktiebolag,556493-9188,,,,,,,,
,Euro Gymnastic Equipment AB,556497-6446,,,,,,,,
,Dala Bygg & Entreprenad AB,556497-3377,,,,,,,,
,Bosses Färg & Interiör AB,556517-4017,,,,,,,,
,Gluespec Aktiebolag,556517-4041,,,,,,,,
ica.se,,556582-1559; 556021-0261,kundservice@ica.se,+46 8 561 500 00; +46 33 47 47 90; +46 33 47 47 94,https://www.ica.se/kontakt,browser,no,,main@https://www.ica.se/:samplingRan(sampled=0),
proclient.se,Proclient System AB,,,,https://proclient.se,static,no,product_cards,static@https://proclient.se:productCards(18),
,John Brattströms Trävaruagentur AB,556523-4696,,,,,,,,
,KE Mät & Kalibreringsteknik AB,556519-1185,,,,,,,,
,Mad In Light AB,556520-6082,,,,,,,,
,Rhorho invest aktiebolag,556544-4089,,,,,,,,
,ArjoHuntleigh International AB,556528-1440,,,,,,,,
,P.C. Data i Varberg AB,556523-7517,,,,,,,,
,ImportGaraget i Hjo AB,556554-5000,,,,,,,,
,Perscorp AB,556448-2346,,,,,,,,
,Byggera Aktiebolag,556469-7240,,,,,,,,
,Tellomaskin Försäljnings Aktiebolag,556478-9260,,,,,,,,
,KGC Verktyg & Maskiner Aktiebolag,556464-6817,,,,,,,,
,I T Instrument Teknik Aktiebolag,556466-9959,,,,,,,,
,Happy Life Institute AB,556486-1093,,,,,,,,
,Bike'n'scooter AB,556486-1713,,,,,,,,
classicum.se,,,info@classicum.se,+46 40 40 51 90,https://classicum.se/contact,browser,yes,cart; product_cards; priced_cards; sampled_1; sample_pdp_1; sample_addtocart_1,main@https://classicum.se/:hasCart(urlPath:/cart) | main@https://classicum.se/:pricedCards(multiPrices) | main@https://classicum.se/:productCards(38) | DECISION@main@https://classicum.se/ | contact_like@https://classicum.se/om-oss/:hasCart(urlPath:/cart) | contact_like@https://classicum.se/om-oss/:samplingRan(sampled=1) | sampleURL@https://classicum.se/produkt-kategori/vaxthus/rektangulara/helios/helios-vaxthuspaket/:status=200:PDP+ATC | DECISION@sample (confirmed) | DECISION@contact_like@https://classicum.se/om-oss/ | contact_like@https://classicum.se/kontakt-oppettider/:hasCart(urlPath:/cart),
,High Sport Svenska Aktiebolag,556487-7545,,,,,,,,
,Hem & Bygg i Mariannelund Aktiebolag,556477-3116,,,,,,,,
,Labec Industriservice Aktiebolag,556477-4817,,,,,,,,
,Praxel Förvaltning AB,556495-3502,,,,,,,,
,BMS Trading Aktiebolag,556478-8700,,,,,,,,
hoglandetsindustrimaskiner.se,Höglandets Industrimaskiner AB,,info@hoglandetsindustrimaskiner.se,+46 70 812 46 16,https://hoglandetsindustrimaskiner.se,static,no,checkout,static@https://hoglandetsindustrimaskiner.se:hasCheckout(uiPhrase),
antifukt.se,Antifukt AB,,,,https://antifukt.se,static,no,product_cards,static@https://antifukt.se:productCards(2),
,Handelsboden LAMV Aktiebolag,556513-0738,,,,,,,,
,AESIW AB,556519-9758,,,,,,,,
,Maxioptik i Sverige AB,556515-5479,,,,,,,,
,XRcise Nordic AB,556505-2676,,,,,,,,
,Tavesta Trade AB,556506-1495,,,,,,,,
skogochfritid.se,,,info@skogochfritid.se; ninfo@skogochfritid.se,+46 930 18 00; +46 930 16 00; +46 581 143 70,https://skogochfritid.se/kontakt,browser,no,sampled_3,main@https://skogochfritid.se/:samplingRan(sampled=3) | sampleURL@https://skogochfritid.se/skog-tr%C3%A4dg%C3%A5rd:status=200 | sampleURL@https://skogochfritid.se/robotgr%C3%A4sklippare:status=200 | sampleURL@https://skogochfritid.se/atv:status=200,
,Ingdam's AB,556525-0569,,,,,,,,
,Informus Aktiebolag,556519-2928,,,,,,,,
,Undercover Scandinavia AB,556519-9584,,,,,,,,
,Arjo Sverige AB,556528-4600,,,,,,,,
,Konico International AB,556524-0610,,,,,,,,
trostamaskinstation.se,Trosta Maskinstation AB,,uffe@hvitasstjerna.se,+46 70 766 40 21,https://trostamaskinstation.se,static,no,,,
,Sports Backup AB,556463-4987,,,,,,,,
,Fenia Systems AB,556485-3249,,,,,,,,
,Mattsson Kontor Aktiebolag,556487-8980,,,,,,,,
,Sport Fabriken Stockholm Aktiebolag,556490-9660,,,,,,,,
,Talludden Invest AB,556483-7754,,,,,,,,
,Grevgott Aktiebolag,556490-1154,,,,,,,,
,Tygstugan i Mora AB,556496-3246,,,,,,,,
,RaMa Medical Aktiebolag,556503-0177,,,,,,,,
vonscheele.com,,,auktionshuset@vonscheele.com,+46 70 542 24 04; +46 40 30 11 19,https://vonscheele.com/customer-service,browser,no,checkout,main@https://vonscheele.com/:hasCheckout(uiPhrase),
eldabutiken.se,Eldabutiken HANTERA COOKIES INTRANÄT LOGIN FÖR BUTIK,,admin@digitalera.se,,https://eldabutiken.se/om-oss,browser,yes,cart; checkout; product_cards; priced_cards,main@https://eldabutiken.se/:hasCheckout(uiPhrase) | main@https://eldabutiken.se/:hasCart(urlPath:/cart) | main@https://eldabutiken.se/:pricedCards(multiPrices) | main@https://eldabutiken.se/:productCards(52) | DECISION@main@https://eldabutiken.se/ | contact_like@https://eldabutiken.se/om-oss/:hasCheckout(uiPhrase) | contact_like@https://eldabutiken.se/om-oss/:hasCart(urlPath:/cart) | contact_like@https://eldabutiken.se/om-oss/:productCards(16) | DECISION@contact_like@https://eldabutiken.se/om-oss/,
,Jonas Jeansbutik AB,556515-2765,,,,,,,,
,Avignon Aktiebolag,556523-4787,,,,,,,,
,Maximat Svinesund AB,556527-5434,,,,,,,,
,KAMAB Mining Aktiebolag,556474-0842,,,,,,,,
,Instrument & Calibration Sweden AB,556483-6384,,,,,,,,
ninetone.com,Ninetone Group,,office@ninetone.com; jesper.lindgren@ninetone.com; rjesper.lindgren@ninetone.com,,https://ninetone.com,browser,no,checkout_provider; provider:shopify,main@https://www.ninetone.com/:providers(shopify) | main@https://www.ninetone.com/:samplingRan(sampled=0),
,Viande Aktiebolag,556486-3479,,,,,,,,
gregersbat.se,,,info@gregersbat.se; greger@gregersbat.se,+46 70 817 93 20,https://www.gregersbat.se/om-oss,browser,no,,,
,Acushnet Sverige Aktiebolag,556488-7866,,,,,,,,
,Memento Mori i Stockholm Aktiebolag,556497-7923,,,,,,,,
,Lupus Detalj Aktiebolag,556491-5477,,,,,,,,
homestructures.se,,,info@homestructures.se; veronica.peiro@homestructures.se; marten.skold@homestructures.se,+46 8 400 220 11; +46 73 926 79 97; +46 76 044 98 75,https://www.homestructures.se/kontakt,browser,no,,main@https://www.homestructures.se/:samplingRan(sampled=0),
,Glenn o Claes Livs Aktiebolag,556472-6205,,,,,,,,
,MnO International Aktiebolag,556497-9457,,,,,,,,
,Tuna Bil i Borlänge Aktiebolag,556453-9145,,,,,,,,
skoterskrot.se,,,info@skoterskrot.se,+46 70 683 22 81; +46 951 779 95,https://skoterskrot.se,browser,no,cart,main@https://skoterskrot.se/:hasCart(uiPhrase) | main@https://skoterskrot.se/:samplingRan(sampled=0),
,X-CORE SYSTEMS AB,556491-4157,,,,,,,,
,Joel Jolina i Borås Aktiebolag,556474-0131,,,,,,,,
,Jakthuset Hans Lindström Aktiebolag,556475-2367,,,,,,,,
direkten.se,,,info@direkten.se; baronen@direkten.se; annedal@direkten.se,,https://direkten.se/om-oss,browser,no,,main@https://direkten.se/:samplingRan(sampled=0),
,DSK Controls AB,556504-5530,,,,,,,,
,Prästgatans Livs Aktiebolag,556457-9133,,,,,,,,
,Profil Europa i Kristianstad Aktiebolag,556493-6200,,,,,,,,
,Göran Westlund Förvaltning Aktiebolag,556495-3718,,,,,,,,
,West-Access Aktiebolag,556508-8696,,,,,,,,
,GNSSystems i Göteborg AB,556452-4634,,,,,,,,
,Moderna Delikatesser i Norden AB,556487-1985,,,,,,,,
ersmarksmobler.se,,,info@ersmarksmobler.se,+46 910 109 77; +46 478 89 63; +46 554 378 02,https://www.ersmarksmobler.se/contact,browser,no,,contact_like@https://www.ersmarksmobler.se/kontakta-oss/:samplingRan(sampled=0),
ballingslov.se,Svanenmärkta leveranser från Postnord. Ballingslöv AB,556028-1429,info@ballingslov.se,+46 451 460 00,https://ballingslov.se,static,no,checkout_provider; provider:klarna,static@https://ballingslov.se:providers(klarna),
veromoda.se,,,,,https://www.veromoda.com/kundtjanst,browser,yes,checkout_provider; checkout; product_cards; provider:klarna; provider:adyen,"main@https://www.veromoda.com/sv-se:hasCheckout(uiPhrase) | main@https://www.veromoda.com/sv-se:providers(klarna,adyen) | main@https://www.veromoda.com/sv-se:productCards(11) | DECISION@main@https://www.veromoda.com/sv-se | contact_like@https://www.veromoda.com/sv-se:hasCheckout(uiPhrase) | contact_like@https://www.veromoda.com/sv-se:providers(klarna,adyen) | contact_like@https://www.veromoda.com/sv-se:productCards(11) | DECISION@contact_like@https://www.veromoda.com/sv-se | contact_like@https://www.veromoda.com/sv-se/topshop/about-topshop:hasCheckout(uiPhrase) | contact_like@https://www.veromoda.com/sv-se/topshop/about-topshop:providers(klarna,adyen) | DECISION@contact_like@https://www.veromoda.com/sv-se/topshop/about-topshop | internal@https://www.veromoda.com/sv-se:hasCheckout(uiPhrase) | internal@https://www.veromoda.com/sv-se:providers(klarna,adyen) | internal@https://www.veromoda.com/sv-se:productCards(11) | DECISION@internal@https://www.veromoda.com/sv-se",
,Lamporters International Aktiebolag,556491-6277,,,,,,,,
,Broadview Life Sciences AB,556482-6187,,,,,,,,
aldebaransakerhet.se,,,kontakt@aldebaransakerhet.se; fornamn.efternamn@aldebaransakerhet.se,+46 70 249 47 88; +46 70 249 47 91; +46 72 353 75 37,https://aldebaransakerhet.se/about,browser,no,sampled_1,main@https://aldebaransakerhet.se/:samplingRan(sampled=1) | sampleURL@https://aldebaransakerhet.se/services/:status=200,
,Hellströms Försäljning AB HEFAB,556494-8619,,,,,,,,
,CG & L Larsson Consulting & Import AB,556488-0127,,,,,,,,
gardinstudion.se,Gardinstudion Skellefteå AB,,info@gardinstudion.se,+46 910 71 04 50,https://gardinstudion.se,static,no,,,
,L Q Fastigheter AB,556504-0556,,,,,,,,
,Brainovatrade AB,556504-8831,,,,,,,,
,AB Pillo's,556496-6975,,,,,,,,
,Eric Skoglund Bil & Metall AB,556489-5778,,,,,,,,
,L B Tvättbolaget Aktiebolag,556508-4232,,,,,,,,
,Ren Miljö Östergötland AB,556505-5315,,,,,,,,
ofabskara.se,,,info@ofabskara.se,+46 511 187 39,https://ofabskara.se/kontakt,browser,yes,cart; product_cards; priced_cards; sampled_1; sample_pdp_1; sample_addtocart_1,main@https://ofabskara.se/sv/:hasCart(uiPhrase) | main@https://ofabskara.se/sv/:pricedCards(multiPrices) | main@https://ofabskara.se/sv/:productCards(179) | DECISION@main@https://ofabskara.se/sv/ | contact_like@https://ofabskara.se/sv/produkt-kategori/vattensystem/varmekabel/varmekabel-med-kontakt/:hasCart(uiPhrase) | contact_like@https://ofabskara.se/sv/produkt-kategori/vattensystem/varmekabel/varmekabel-med-kontakt/:pricedCards(multiPrices) | contact_like@https://ofabskara.se/sv/produkt-kategori/vattensystem/varmekabel/varmekabel-med-kontakt/:productCards(163) | DECISION@contact_like@https://ofabskara.se/sv/produkt-kategori/vattensystem/varmekabel/varmekabel-med-kontakt/ | contact_like@https://ofabskara.se/sv/produkt-kategori/vattensystem/varmekabel/varmekabel-utan-kontakt/:hasCart(uiPhrase) | contact_like@https://ofabskara.se/sv/produkt-kategori/vattensystem/varmekabel/varmekabel-utan-kontakt/:pricedCards(multiPrices) | contact_like@https://ofabskara.se/sv/produkt-kategori/vattensystem/varmekabel/varmekabel-utan-kontakt/:productCards(169) | DECISION@contact_like@https://ofabskara.se/sv/produkt-kategori/vattensystem/varmekabel/varmekabel-utan-kontakt/ | contact_like@https://ofabskara.se/sv/kontakt/:hasCart(uiPhrase) | contact_like@https://ofabskara.se/sv/kontakt/:productCards(153) | contact_like@https://ofabskara.se/sv/kontakt/:samplingRan(sampled=1) | sampleURL@https://ofabskara.se/sv/butik/:status=200:PDP+ATC | DECISION@sample (confirmed) | DECISION@contact_like@https://ofabskara.se/sv/kontakt/,
lasobygg.se,,,,,https://www.lasobygg.se/kontakt,browser,no,,main@https://www.lasobygg.se/:samplingRan(sampled=0),
gemo.se,Gemo Lagerinredning AB,,,+46 31 58 07 20; +46 8 645 28 28,https://gemo.se,static,no,checkout_provider; product_cards; provider:woocommerce,static@https://gemo.se:providers(woocommerce) | static@https://gemo.se:productCards(90),
,Klockestrands Bygg AB,556473-9208,,,,,,,,
,Futurama Innovation AB,556488-5886,,,,,,,,
,Hellspong Invest AB,556458-9439,,,,,,,,
,SimSalaBim Aktiebolag,556477-5822,,,,,,,,
,Miwa Invest AB,556483-8372,,,,,,,,
,Vila Sweden Aktiebolag,556480-5124,,,,,,,,
maskinvast.se,,,reservdelar@maskinvast.se; info@maskinvast.se; mariestad@maskinvast.se,+46 900 1500; +46 54 808 38 09; +46 54 80 83 80,https://maskinvast.se/kontakt,browser,no,sampled_3,main@https://maskinvast.se/:samplingRan(sampled=3) | sampleURL@https://maskinvast.se/karlstad/:status=429 | sampleURL@https://maskinvast.se/kumla/:status=429 | sampleURL@https://maskinvast.se/mariestad/:status=429,
livingdesign.com,LIVING DESIGN -,,tarek@livingdesign.com; jobs@livingdesign.com; aida@livingdesign.com,,https://livingdesign.com/contact,browser,no,,contact_like@https://livingdesign.com/services:samplingRan(sampled=0),
maskingruppen.com,MaskinGruppen AB,,maskinservice.vanstad@gmail.com,+46 431 159 48; +46 73 806 15 15,https://maskingruppen.com,static,no,,,
,Wish and Way AB,556499-8333,,,,,,,,
,Hallens El & Byggmaterial Aktiebolag,556341-7004,,,,,,,,
,JD Oil AB,556497-3526,,,,,,,,
,Hammarn Livs Aktiebolag,556496-4624,,,,,,,,
,Hemo Spray & Pump Aktiebolag,556224-7253,,,,,,,,
,Sectra Sverige AB,556483-9479,,,,,,,,
,Rösan Förvaltning AB,556486-5680,,,,,,,,
,Human Care HC AB (publ),556494-6332,,,,,,,,
,Alig Ventilation AB,556489-8707,,,,,,,,
jkbc.se,,,info@jkbc.se,+46 10 212 01 17,https://www.jkbc.se/om-oss,browser,no,,,
,Gösens Fisk & Livs Aktiebolag,556501-1672,,,,,,,,
,Blomsterateljén i Ö-vik AB,556497-3799,,,,,,,,
,I-Box Aktiebolag,556491-4736,,,,,,,,
,Railroad Systems (RSA) Aktiebolag,556480-8151,,,,,,,,
,Nordtrend AB,556450-5641,,,,,,,,
,Runelandhs Försäljnings Aktiebolag,556453-2009,,,,,,,,
,Avoki Solutions AB,556483-4371,,,,,,,,
,ADMINTO GROUP AB,556468-5153,,,,,,,,
,Robatech Nordic AB,556485-9550,,,,,,,,
,Enviro Burner International P.R.L. Aktiebolag,556492-4925,,,,,,,,
,Karl A Norsten Aktiebolag,556477-2894,,,,,,,,
,Järntorgets Ur Aktiebolag,556469-8404,,,,,,,,
,PARTICO Aktiebolag,556497-7907,,,,,,,,
,Åre Motor & Entreprenad AB,556492-1236,,,,,,,,
,Söderströms Invest AB,556342-7953,,,,,,,,
,Milliformis AB,556476-7423,,,,,,,,
,AB Naturens Allé,556494-0004,,,,,,,,
,V-hus Aktiebolag,556495-9681,,,,,,,,
,Millesons Handelsträdgård AB,556488-5001,,,,,,,,
,Tengblads Mode Aktiebolag,556461-2173,,,,,,,,
,Compomill Aktiebolag,556461-7594,,,,,,,,
,Hagab Maskin Aktiebolag,556496-7205,,,,,,,,
,Bildproffsen i Stockholm AB,556513-1405,,,,,,,,
,Raydon Aktiebolag,556483-8281,,,,,,,,
,Gothia Läkemedel Aktiebolag,556477-2811,,,,,,,,
,Pdesigns AB,556465-6584,,,,,,,,
,Bilhandlaren i Visby Aktiebolag,556474-7599,,,,,,,,
,BW Lås och Säkerhetskonsult Aktiebolag,556471-0910,,,,,,,,
,BYGAB Byggmaterialhantering Aktiebolag,556445-3271,,,,,,,,
,Sir William Promotion AB,556479-3510,,,,,,,,
,SLUSSPLATSEN AB,556471-0563,,,,,,,,
,Carlstads Konst- & Antikhandel Aktiebolag,556332-9605,,,,,,,,
,F:a Anders Larsson Aktiebolag,556335-3241,,,,,,,,
stadmaskinshuset.se,St�dmaskinshuset AB,,,+46 26 711 29,https://stadmaskinshuset.se,static,no,,,
,IWAKI Sverige Aktiebolag,556478-0624,,,,,,,,
idema.se,,,info@idema.se,+46 26 12 97 00,https://idema.se/customer-service,browser,no,product_cards,main@https://idema.se/:productCards(4) | main@https://idema.se/:samplingRan(sampled=0) | contact_like@https://idema.se/impressum:productCards(4) | contact_like@https://idema.se/kontakt:productCards(2) | contact_like@https://idema.se/kontakta-oss:productCards(4) | contact_like@https://idema.se/contact:productCards(4) | contact_like@https://idema.se/contact-us:productCards(4) | contact_like@https://idema.se/om-oss:productCards(4) | contact_like@https://idema.se/about:productCards(4) | contact_like@https://idema.se/kundtjanst:productCards(4) | internal@https://idema.se/kundtj%C3%A4nst:productCards(4) | contact_like@https://idema.se/customer-service:productCards(4),
,Roine Sjölund AB,556459-1112,,,,,,,,
,JBA Åkeri Aktiebolag,556488-5837,,,,,,,,
,Söderlunds Färg AB,556493-5467,,,,,,,,
,Asgård garage AB,556487-2959,,,,,,,,
,Ever Blue AB,556231-9730,,,,,,,,
,Södertörns Petroleum Aktiebolag,556233-5512,,,,,,,,
stureson-bil-ab.business.site,,,,,https://stureson-bil-ab.business.site,browser,no,,,HTTP 404 | method:browser
,Marketex International Aktiebolag,556496-5159,,,,,,,,
,Varsam Aktiebolag,556461-2959,,,,,,,,
,Larssons Livs & Service i Skutskär Aktiebolag,556461-8022,,,,,,,,
,NA Interlog Aktiebolag,556503-7446,,,,,,,,
strongpoint.se,,,rekrytering@strongpoint.com; info.se@strongpoint.com,+46 77 118 18 20; +46 31 706 80 00,https://www.strongpoint.com/kontakt,browser,no,checkout; product_cards,main@https://www.strongpoint.com/se/:hasCheckout(uiPhrase) | main@https://www.strongpoint.com/se/:productCards(97) | main@https://www.strongpoint.com/se/:samplingRan(sampled=0) | contact_like@https://www.strongpoint.com/se/service-och-support/:hasCheckout(uiPhrase) | contact_like@https://www.strongpoint.com/se/service-och-support/:productCards(90) | contact_like@https://www.strongpoint.com/se/losningar/serviceavtal/:hasCheckout(uiPhrase) | contact_like@https://www.strongpoint.com/se/losningar/serviceavtal/:productCards(90) | contact_like@https://www.strongpoint.com/se/losningar/kontakta-var-support/:hasCheckout(uiPhrase) | contact_like@https://www.strongpoint.com/se/losningar/kontakta-var-support/:productCards(90) | contact_like@https://www.strongpoint.com/se/om-oss/:hasCheckout(uiPhrase) | contact_like@https://www.strongpoint.com/se/om-oss/:productCards(88) | contact_like@https://www.strongpoint.com/se/om-oss/jobba-har/:hasCheckout(uiPhrase) | contact_like@https://www.strongpoint.com/se/om-oss/jobba-har/:productCards(88) | contact_like@https://www.strongpoint.com/se/kontakt/:hasCheckout(uiPhrase) | contact_like@https://www.strongpoint.com/se/kontakt/:productCards(89) | internal@https://www.strongpoint.com/se/kundreferenser/digitala-prisetiketter-startskott-for-digitaliseringsresa-hos-bolist-i-ornskoldsvik/:hasCheckout(uiPhrase) | internal@https://www.strongpoint.com/se/kundreferenser/digitala-prisetiketter-startskott-for-digitaliseringsresa-hos-bolist-i-ornskoldsvik/:productCards(89) | contact_like@https://www.strongpoint.com/contact/:hasCheckout(urlPath:/checkout) | contact_like@https://www.strongpoint.com/contact/:productCards(83),
,Din CD i Sverige Aktiebolag,556506-0414,,,,,,,,
,Kebne Fastigheter AB,556508-9694,,,,,,,,
,Almskoug Golf Aktiebolag,556485-7513,,,,,,,,
,Örjans Jeans & Kläder i Boden Aktiebolag,556472-2287,,,,,,,,
,Witting Materialhantering XYZ Aktiebolag,556459-2466,,,,,,,,
,Skärgårdsskatten Aktiebolag,556461-9921,,,,,,,,
,Swedendro Aktiebolag,556473-8234,,,,,,,,
,Anders Nyström i Malå Aktiebolag,556327-3373,,,,,,,,
,Galleri Kråkeslätt Aktiebolag,556327-4819,,,,,,,,
,Naturlig Hälsa o Skönhet i Blekinge AB,556476-8090,,,,,,,,
,Spanjoletten AB,556333-0959,,,,,,,,
,Sjöbackens Ur AB,556478-3883,,,,,,,,
,Börjesson Ahlström Food Aktiebolag,556450-6763,,,,,,,,
frejablommor.se,Freja blommor,,freja@frejablommor.se,+46 31 25 86 80,https://frejablommor.se/om-oss,browser,no,checkout_provider; product_cards; sampled_3; sample_addtocart_1; provider:woocommerce,main@https://frejablommor.se/:providers(woocommerce) | main@https://frejablommor.se/:productCards(4) | main@https://frejablommor.se/:samplingRan(sampled=3) | sampleURL@https://frejablommor.se/inspiration/:status=200 | sampleURL@https://frejablommor.se/begravning/:status=200 | sampleURL@https://frejablommor.se/uppvaktning/:status=200:ATC | contact_like@https://frejablommor.se/kontakta-oss/:providers(woocommerce) | contact_like@https://frejablommor.se/om-freja-blommor/:providers(woocommerce),
station2000.se,,,,,https://station2000.se,browser,no,,,HTTP 404 | method:browser
,Wahlstedt Livs Aktiebolag,556485-3769,,,,,,,,
,Rotor Konsult i Borlänge Aktiebolag,556342-7094,,,,,,,,
,Adept Collection Aktiebolag,556497-4938,,,,,,,,
,Ö.Vattenkvalité AB,556501-7745,,,,,,,,
,Kruge Sverige AB,556485-3116,,,,,,,,
,Foodimpex International Aktiebolag,556458-5494,,,,,,,,
,Filippa K Aktiebolag,556469-8586,,,,,,,,
,DMC kvalitetssystem Aktiebolag,556476-9395,,,,,,,,
,Lanek Ekonomi & Juridik Aktiebolag,556460-3636,,,,,,,,
,Kenny Scandinavia Aktiebolag,556478-1259,,,,,,,,
alcadon.se,Alcadon AB,,,,https://alcadon.se,static,yes,cart; checkout; product_cards; priced_cards,static@https://alcadon.se:hasCheckout(uiPhrase) | static@https://alcadon.se:hasCart(uiPhrase) | static@https://alcadon.se:pricedCards(multiPrices) | static@https://alcadon.se:productCards(58) | DECISION@static@https://alcadon.se,
,Granath & Granath Aktiebolag,556488-9102,,,,,,,,
bjarnum.eu,,,,,https://bjarnum.eu,browser,no,,,net::ERR_CONNECTION_CLOSED at https://bjarnum.eu | method:browser
,Worklinq AB,556479-7156,,,,,,,,
,Selmtec AB,556486-4501,,,,,,,,
,Stefans Sport i Skärhamn AB,556496-3576,,,,,,,,
maskincity.se,Maskincity i Motala AB,,info@maskincity.se; service@maskincity.se; ulf@maskincity.se,+46 141 20 22 90,https://maskincity.se,static,no,,,
,THoP Technologies AB,556489-1900,,,,,,,,
,Henneberg Sweden Aktiebolag,556507-9588,,,,,,,,
allbygg.net,,,,,https://allbygg.net,browser,no,,,HTTP 503 | method:browser
,Team Amanda Eriksson AB,556500-3695,,,,,,,,
,DK Company Online AB,556482-7417,,,,,,,,
,Mark- och Miljökontroll i Särö AB,556464-8292,,,,,,,,
,Dana Lim Sverige AB,556245-3786,,,,,,,,
veteranshop.se,,556486-3354,info@veteranshop.se,+46 70 551 40 38,https://veteranshop.se,static,yes,checkout_provider; product_cards; priced_cards; provider:nets,static@https://veteranshop.se:pricedCards(multiPrices) | static@https://veteranshop.se:providers(nets) | static@https://veteranshop.se:productCards(3) | DECISION@static@https://veteranshop.se,
,Nila Fritid i Malå Aktiebolag,556466-7979,,,,,,,,
,Mandelstam Juvel AB,556475-3902,,,,,,,,
,Fina Badrum i Skellefteå AB,556483-3076,,,,,,,,
baltzar.com,Baltzar,,contact@baltzar.com,,https://baltzar.com/om-oss,browser,yes,checkout_provider; product_cards; priced_cards; provider:shopify,main@https://baltzar.com/:pricedCards(multiPrices) | main@https://baltzar.com/:providers(shopify) | main@https://baltzar.com/:productCards(52) | DECISION@main@https://baltzar.com/ | internal@https://baltzar.com/en-se/pages/stores:providers(shopify) | DECISION@internal@https://baltzar.com/en-se/pages/stores | contact_like@https://baltzar.com/en-se/policies/terms-of-service:providers(shopify) | DECISION@contact_like@https://baltzar.com/en-se/policies/terms-of-service | contact_like@https://baltzar.com/kontakta-oss:pricedCards(multiPrices) | contact_like@https://baltzar.com/kontakta-oss:providers(shopify) | contact_like@https://baltzar.com/kontakta-oss:productCards(52) | DECISION@contact_like@https://baltzar.com/kontakta-oss | contact_like@https://baltzar.com/contact:providers(shopify) | DECISION@contact_like@https://baltzar.com/contact | contact_like@https://baltzar.com/contact-us:pricedCards(multiPrices) | contact_like@https://baltzar.com/contact-us:providers(shopify) | contact_like@https://baltzar.com/contact-us:productCards(52) | DECISION@contact_like@https://baltzar.com/contact-us | contact_like@https://baltzar.com/om-oss:pricedCards(multiPrices) | contact_like@https://baltzar.com/om-oss:providers(shopify) | contact_like@https://baltzar.com/om-oss:productCards(52) | DECISION@contact_like@https://baltzar.com/om-oss,
,Provestor Industri & Handel Aktiebolag,556474-6948,,,,,,,,
,Helmerverken Holding AB,556494-4212,,,,,,,,
,CMS Custom Made Shoes AB,556489-6842,,,,,,,,
,Bywind Sweden AB,556475-3084,,,,,,,,
,Håkan Sandstedt Agenturer Aktiebolag,556476-8645,,,,,,,,
,L o I Zachrissons Livs Aktiebolag,556498-9266,,,,,,,,
,Länna Bilcenter Aktiebolag,556456-5116,,,,,,,,
,Hanataba AB,556478-4907,,,,,,,,
,Jarla Cykel & Sport Aktiebolag,556495-6331,,,,,,,,
,Aquajet Systems Holding AB,556499-1288,,,,,,,,
,Mekonomen Kramfors Aktiebolag,556496-1810,,,,,,,,
,Zebro International Aktiebolag,556488-1570,,,,,,,,
,I.A.C.Komponenter Aktiebolag,556461-2983,,,,,,,,
,Maskingården M& F AB,556464-1313,,,,,,,,
fruktaffaren.se,,,info@fruktaffaren.se,+46 8 650 34 08; +46 70 832 16 85,https://fruktaffaren.se,browser,no,,main@https://www.fruktaffaren.se/:samplingRan(sampled=0),
hunton.se,Hunton Fiber AB,,hunton@hunton.se,+46 40 15 38 00,https://hunton.se,static,no,,,
,Maskinteknik i Ö-vik Aktiebolag,556486-5466,,,,,,,,
,Ink Technology Innovation AB,556471-4011,,,,,,,,
helgeredsror.se,Helgereds rör AB,,info@helgeredsror.se; michael@helgeredsror.se,+46 31 23 49 19,https://helgeredsror.se,static,no,,,
,I'm the bag AB,556480-7666,,,,,,,,
,Energia i Malmö Aktiebolag,556469-8776,,,,,,,,
,Nordic Active Brands Aktiebolag,556471-2924,,,,,,,,
,Diab'Less Fashion Aktiebolag,556473-1767,,,,,,,,
truckreparatoren.com,,,,,https://truckreparatoren.com,browser,no,,,net::ERR_CONNECTION_CLOSED at https://truckreparatoren.com | method:browser
,Sibre Scandinavia AB,556474-8142,,,,,,,,
,Bike Industries Sweden AB,556481-7160,,,,,,,,
amtech.se,Amtech AB,,info@amtech.se,+46 250 150 95,https://amtech.se,static,yes,checkout_provider; checkout; product_cards; priced_cards; provider:woocommerce,static@https://amtech.se:hasCheckout(uiPhrase) | static@https://amtech.se:pricedCards(multiPrices) | static@https://amtech.se:providers(woocommerce) | static@https://amtech.se:productCards(33) | DECISION@static@https://amtech.se,
,Mackfanér Trading AB,556491-4702,,,,,,,,
,Hamm & Nilsson Musik AB,556484-0964,,,,,,,,
,Annika Bergfjord AB,556493-8321,,,,,,,,
,Svenska Handelskompaniet AB,556507-9612,,,,,,,,
,PMJ Invest AB,556239-0210,,,,,,,,
assesonsmobler.se,Assesons Möbler AB,,,+46 72 251 04 99,https://assesonsmobler.se,static,no,checkout; product_cards,static@https://assesonsmobler.se:hasCheckout(uiPhrase) | static@https://assesonsmobler.se:productCards(7),
,Emma Engelbert AB,556514-1206,,,,,,,,
,Carl Lind & Co Aktiebolag,556458-6328,,,,,,,,
,Magrab Aktiebolag,556465-8036,,,,,,,,
,Compict AB,556487-7883,,,,,,,,
,Klas A Möbler Aktiebolag,556478-3222,,,,,,,,
,Verktygsmännen i Osby Aktiebolag,556471-6487,,,,,,,,
,Långhalsvikens Förvaltning AB,556493-5574,,,,,,,,
,R-K Verktyg AB,556494-1556,,,,,,,,
,Primulator AB,556489-5430,,,,,,,,
,MAGUNO Aktiebolag,556475-6004,,,,,,,,
,Quiet Village AB,556451-3785,,,,,,,,
,JB Dressing Room AB,556500-9981,,,,,,,,
orsa.happyhomes.se,,,,,https://orsa.happyhomes.se,browser,no,,,net::ERR_CERT_COMMON_NAME_INVALID at https://orsa.happyhomes.se | method:browser
,Aktiebolaget Talleborg,556503-6760,,,,,,,,
,Lisa Edoff Design AB,556478-5730,,,,,,,,
,Run-Trä Aktiebolag,556226-9240,,,,,,,,
,Koscher Delikatesser Malmö Aktiebolag,556229-9809,,,,,,,,
,Kiefer Systemtools AB,556490-4661,,,,,,,,
,Furnissör i Höllviken AB,556498-3632,,,,,,,,
,Araby Entreprenad AB,556499-7087,,,,,,,,
elon.se,Integritetspolicy Elon Group AB,556654-6213; 556857-5525,kundservice@elon.se; gdpr@elon.se,+46 10 220 40 00,https://www.elon.se/kundtjanst/,browser,yes,cart; checkout; product_cards,main@https://www.elon.se/:hasCheckout(urlPath:/checkout) | main@https://www.elon.se/:hasCart(urlPath:/cart) | main@https://www.elon.se/:productCards(148) | DECISION@main@https://www.elon.se/ | contact_like@https://www.elon.se/kundtjanst:hasCheckout(urlPath:/checkout) | contact_like@https://www.elon.se/kundtjanst:hasCart(urlPath:/cart) | DECISION@contact_like@https://www.elon.se/kundtjanst | internal@https://www.elon.se/integritetspolicy:hasCheckout(urlPath:/checkout) | internal@https://www.elon.se/integritetspolicy:hasCart(urlPath:/cart) | DECISION@internal@https://www.elon.se/integritetspolicy,
,Bengt Stålnacke Trading Aktiebolag,556468-2580,,,,,,,,
,NYTEMA Maskin Aktiebolag,556248-7230,,,,,,,,
,Anne Barn & Tonår i Luleå AB,556438-3445,,,,,,,,
,G-Force AB,556488-0549,,,,,,,,
,Move Aktiebolag,556489-0977,,,,,,,,
,Kontorsspecial Förbrukning Småland AB,556477-3397,,,,,,,,
,RC Hisservice AB,556461-0821,,,,,,,,
,Hammargrens Ur & Optik AB,556469-8768,,,,,,,,
,Sandviks livs Aktiebolag,556475-6046,,,,,,,,
,Kellfri AB,556471-9101,,,,,,,,
,Brovägens Livs AB,556482-8829,,,,,,,,
,SN Bilservice Aktiebolag,556499-5313,,,,,,,,
,Grafik & Data i Sverige Aktiebolag,556501-8347,,,,,,,,
,Handelshuset i Kristianstad AB,556503-9442,,,,,,,,
,Teknosvets Aktiebolag,556496-2115,,,,,,,,
,voestalpine High Performance Metals Sweden AB,556232-3146,,,,,,,,
,Arctica Design Aktiebolag,556500-3034,,,,,,,,
,Body Safe of Sweden Aktiebolag,556483-0577,,,,,,,,
,Växt & Miljödesign i Gävle AB,556508-6930,,,,,,,,
hemkop.se,,,,,https://hemkop.se,browser,yes,sampled_3; sample_pdp_1; sample_addtocart_3,main@https://www.hemkop.se/:samplingRan(sampled=3) | sampleURL@https://hemkop.se/artikel/tillganglighetsredogorelse:status=200:ATC | sampleURL@https://hemkop.se/artikel/inspiration:status=200:ATC | sampleURL@https://hemkop.se/artikel/billiga-veckan:status=200:PDP+ATC | DECISION@sample (confirmed) | DECISION@main@https://www.hemkop.se/,
,Xiling i Söderhamn Aktiebolag,556500-0063,,,,,,,,
,Bäne Beslag Aktiebolag,556504-2107,,,,,,,,
hakansradio.se,,,,,https://hakansradio.se,browser,no,,,net::ERR_CONNECTION_CLOSED at https://hakansradio.se | method:browser
,Colly Flowtech AB,556506-7948,,,,,,,,
villafonster.se,,556501-3546,info@villafonster.se,+46 77 169 06 90,https://villafonster.se,static,yes,checkout_provider; cart; checkout; product_cards; priced_cards; provider:klarna,static@https://villafonster.se:hasCheckout(urlPath:/kassa) | static@https://villafonster.se:hasCart(uiPhrase) | static@https://villafonster.se:pricedCards(multiPrices) | static@https://villafonster.se:providers(klarna) | static@https://villafonster.se:productCards(5) | DECISION@static@https://villafonster.se,
,Nehro & Nadea AB,556514-7310,,,,,,,,
autoexperten.se,,,kundservice@autoexperten.se,+46 8 92 33 34,https://www.autoexperten.se/kundservice/,browser,yes,checkout_provider; product_cards; checkout; provider:stripe,main@https://www.autoexperten.se/:providers(stripe) | main@https://www.autoexperten.se/:productCards(10) | main@https://www.autoexperten.se/:samplingRan(sampled=0) | internal@https://www.autoexperten.se/bilverkstad/:hasCheckout(uiPhrase) | internal@https://www.autoexperten.se/bilverkstad/:providers(stripe) | internal@https://www.autoexperten.se/bilverkstad/:productCards(14) | DECISION@internal@https://www.autoexperten.se/bilverkstad/ | contact_like@https://www.autoexperten.se/avtalskund/serviceavtal/:providers(stripe) | contact_like@https://www.autoexperten.se/avtalskund/serviceavtal/:productCards(4) | contact_like@https://www.autoexperten.se/kundservice/:hasCheckout(uiPhrase) | contact_like@https://www.autoexperten.se/kundservice/:providers(stripe) | contact_like@https://www.autoexperten.se/kundservice/:productCards(4) | DECISION@contact_like@https://www.autoexperten.se/kundservice/,
bukowskis.com,Bukowski Auktioner AB,,,,https://bukowskis.com,static,no,,,
,Nygårds Anna Bengtsson Aktiebolag,556477-9436,,,,,,,,
,Sven Hansson & Co Aktiebolag,556486-3339,,,,,,,,
,Urgentum Förvaltning AB,556480-6866,,,,,,,,
,Nielsen Försäljning i Osby Aktiebolag,556481-1270,,,,,,,,
,Villa Invest i Halland Aktiebolag,556478-9401,,,,,,,,
,Miriam Holding AB,556325-6261,,,,,,,,
,Kristoffersson & Bobeck Aktiebolag,556471-4441,,,,,,,,
,Stefan Lindström Consulting & Trading AB,556493-7653,,,,,,,,
,Streco Orientmattor Aktiebolag,556484-4644,,,,,,,,
,Gillöga Datalogi Aktiebolag,556485-5228,,,,,,,,
,Checkpoint Charlie AB,556495-5747,,,,,,,,
,Radiobolaget Karlskrona Aktiebolag,556484-7241,,,,,,,,
jifab.com,,,info@jifab.com,+46 73 554 69 79,https://www.jifab.com/kontakt,browser,no,,,
segagubben.se,,,kontakt@segagubben.se,+46 31 13 89 14,https://segagubben.se/kontakt,browser,no,sampled_2; sample_addtocart_1,main@https://segagubben.se/:samplingRan(sampled=2) | sampleURL@https://segagubben.se/pask/:status=200 | sampleURL@https://segagubben.se/jul/:status=200:ATC,
,Radiocentralen RC Ljud & Bild Aktiebolag,556230-2330,,,,,,,,
,Foder o Spannmål i Helsingborg och Åhus Aktiebolag,556488-5076,,,,,,,,
,Johans MC-service Aktiebolag,556232-8483,,,,,,,,
,Kristianstad Allfoto Aktiebolag,556489-5919,,,,,,,,
stalands.se,,556244-8356,info@stalands.se; webbutiken@stalands.se,+46 8 556 505 58; +46 250 926 11,https://stalands.se/kundservice/kopvillkor/,browser,yes,checkout_provider; checkout; product_cards; provider:klarna,main@https://stalands.se/:hasCheckout(urlPath:/kassa) | main@https://stalands.se/:providers(klarna) | main@https://stalands.se/:productCards(2) | DECISION@main@https://stalands.se/ | contact_like@https://stalands.se/kundservice/:hasCheckout(urlPath:/kassa) | contact_like@https://stalands.se/kundservice/:providers(klarna) | DECISION@contact_like@https://stalands.se/kundservice/ | contact_like@https://stalands.se/kundservice/kopvillkor/:hasCheckout(urlPath:/kassa) | contact_like@https://stalands.se/kundservice/kopvillkor/:providers(klarna) | DECISION@contact_like@https://stalands.se/kundservice/kopvillkor/,
,Pers Gårdar AB,556249-2537,,,,,,,,
,Bara Bensinservice Aktiebolag,556249-7320,,,,,,,,
,Comet AB,556450-0790,,,,,,,,
,Harjak & Månsson AB,556466-0040,,,,,,,,
,uhlsport Scandinavia AB,556464-6114,,,,,,,,
,Quality House MMV Aktiebolag,556476-4842,,,,,,,,
,Distrupol Nordic Aktiebolag,556489-2189,,,,,,,,
,Astromedia Aktiebolag,556325-7392,,,,,,,,
elon.se,Integritetspolicy Elon Group AB,556654-6213; 556857-5525,kundservice@elon.se; gdpr@elon.se,+46 10 220 40 00,https://www.elon.se/kundtjanst/,browser,yes,cart; checkout; product_cards,main@https://www.elon.se/:hasCheckout(urlPath:/checkout) | main@https://www.elon.se/:hasCart(urlPath:/cart) | main@https://www.elon.se/:productCards(148) | DECISION@main@https://www.elon.se/ | contact_like@https://www.elon.se/kundtjanst:hasCheckout(urlPath:/checkout) | contact_like@https://www.elon.se/kundtjanst:hasCart(urlPath:/cart) | DECISION@contact_like@https://www.elon.se/kundtjanst | internal@https://www.elon.se/integritetspolicy:hasCheckout(urlPath:/checkout) | internal@https://www.elon.se/integritetspolicy:hasCart(urlPath:/cart) | DECISION@internal@https://www.elon.se/integritetspolicy,
,Hermex Aktiebolag,556471-5893,,,,,,,,
,Nordlignum Aktiebolag,556447-0176,,,,,,,,
,YASK Systemkonsult Aktiebolag,556487-0284,,,,,,,,
,HHE Store & Food AB,556482-1840,,,,,,,,
dackspecialistenhaninge.se,,,,,https://dackspecialistenhaninge.se,browser,no,,,net::ERR_SSL_VERSION_OR_CIPHER_MISMATCH at https://dackspecialistenhaninge.se | method:browser
,Svensk Hård Sten AB,556487-5200,,,,,,,,
,AddLife Development AB,556490-8373,,,,,,,,
,Norberg & Co i Piteå Aktiebolag,556511-6984,,,,,,,,
lantzmetall.se,Lantz Metall AB,556497-5224,info@lantzmetall.se,+46 8 444 30 00,https://lantzmetall.se,static,no,,,
byreus.se,,,,,https://byreus.se,browser,no,,,net::ERR_CERT_COMMON_NAME_INVALID at https://byreus.se | method:browser
,West Team Konsult Aktiebolag,556505-8251,,,,,,,,
,Sennen AB,556512-0762,,,,,,,,
,Hagbergs Bil Aktiebolag,556243-7631,,,,,,,,
kinnarps.se,,,info@kinnarps.se,+46 515 380 00,https://www.kinnarps.se/kontakt,browser,no,sampled_3,main@https://www.kinnarps.se/:samplingRan(sampled=3) | sampleURL@https://kinnarps.se/produkter/kontor/:status=200 | sampleURL@https://kinnarps.se/produkter/skola/:status=200 | sampleURL@https://kinnarps.se/produkter/omsorg/:status=200,
,KAAB Kommunadministrativa Datasystem Aktiebolag,556247-3784,,,,,,,,
mateus.se,Mateus Stock AB,,customercare@mateuscollection.com,,https://mateus.se,static,yes,checkout_provider; cart; provider:shopify,static@https://mateus.se:hasCart(urlPath:/cart) | static@https://mateus.se:providers(shopify) | DECISION@static@https://mateus.se,
,Lagenes Fashion Aktiebolag,556484-7985,,,,,,,,
,Wilfa Sverige AB,556490-0081,,,,,,,,
,Renten AB,556467-7317,,,,,,,,
,Skin Concept i Stockholm AB,556325-8705,,,,,,,,
,KACAB Teknik AB,556477-8818,,,,,,,,
,Vendibilia Aktiebolag,556478-0186,,,,,,,,
teuber.se,Teuber & Blomdahl AB,,info@teuber.se,+46 31 20 69 60,https://teuber.se,static,no,cart; product_cards,static@https://teuber.se:hasCart(uiPhrase) | static@https://teuber.se:productCards(3),
,TE Agency AB,556467-9479,,,,,,,,
,Radiosystem Bertil Åhs Aktiebolag,556489-8939,,,,,,,,
,Johnssons Bensinservice Aktiebolag,556493-6903,,,,,,,,
,Skandinaviska Pol Salt Aktiebolag,556501-1797,,,,,,,,
,Nacka-Värmdö Däckdepå AB,556477-9246,,,,,,,,
,Arvid Nilsson Sverige Aktiebolag,556451-5335,,,,,,,,
,Galleri Gösta Bergman AB,556495-8170,,,,,,,,
storkagetrask.se,,,,,https://storkagetrask.se,browser,no,,,net::ERR_CONNECTION_CLOSED at https://storkagetrask.se | method:browser
,Hofors Sparköp Aktiebolag,556460-4295,,,,,,,,
,Barnaffär G-knapp Aktiebolag,556495-0896,,,,,,,,
,SVEMAX Konsult Aktiebolag,556489-9283,,,,,,,,
dinsyn.se,,,ekerooptik@dinsyn.se; sigtunaoptik@dinsyn.se; soderoptik@dinsyn.se,+46 8 560 313 10; +46 158 360 05; +46 8 653 65 65,https://www.dinsyn.se/kontakta-oss,browser,no,checkout,main@https://www.dinsyn.se/:hasCheckout(uiPhrase) | main@https://www.dinsyn.se/:samplingRan(sampled=0),
,Optima Support AB,556495-0052,,,,,,,,
,GVB i Norrland Aktiebolag,556507-9554,,,,,,,,
,Hagelins Antik Karlavägen Aktiebolag,556466-2178,,,,,,,,
,OM Bäckmans Maskin & Trädgård AB,556495-5408,,,,,,,,
blickpunkten.se,,,,,https://blickpunkten.se,browser,no,,,HTTP 403 | method:browser
elinedalsbil.se,Elinedals Bil AB,,elinedalsbil@telia.com; karol.elinedalsbil@gmail.com,+46 70 840 57 10; +46 70 840 57 95,https://elinedalsbil.se/contact,browser,no,,,
,Elofsson & Winberg AB,556510-7173,,,,,,,,
,Kvibergs Överskottslager Aktiebolag,556504-2057,,,,,,,,
,Concept Träningsredskap AB,556464-8698,,,,,,,,
,Scorocco AB,556435-4784,,,,,,,,
,SefinOptik i Kil AB,556479-4302,,,,,,,,
,Vadicia Aktiebolag,556468-2606,,,,,,,,
,Oceanet Aktiebolag,556473-7525,,,,,,,,
,Ultimate Sound & Music USM Aktiebolag,556476-7514,,,,,,,,
,Diverse Gabrielsson AB,556484-6201,,,,,,,,
,Rosen Foto & Ur AB,556480-1818,,,,,,,,
,Kristianstad Stormarknad AB,556495-8949,,,,,,,,
,Textilgrossisten Hefa AB,556485-2126,,,,,,,,
nygas.nu,,,,,https://nygas.nu,browser,no,,,net::ERR_CERT_COMMON_NAME_INVALID at https://nygas.nu | method:browser
,Alldental Q & Co Aktiebolag,556224-5190,,,,,,,,
vfo.se,,,webshop@vfo.se,+46 151 75 00 75; +46 70 774 39 09; +46 151 75 00 11,https://www.vfo.se/kontakta-oss,browser,yes,cart; product_cards; priced_cards,main@https://www.vfo.se/:hasCart(uiPhrase) | main@https://www.vfo.se/:pricedCards(multiPrices) | main@https://www.vfo.se/:productCards(165) | DECISION@main@https://www.vfo.se/ | contact_like@https://www.vfo.se/saljservice-via-videosamtal:hasCart(uiPhrase) | contact_like@https://www.vfo.se/saljservice-via-videosamtal:pricedCards(multiPrices) | contact_like@https://www.vfo.se/saljservice-via-videosamtal:productCards(73) | DECISION@contact_like@https://www.vfo.se/saljservice-via-videosamtal | contact_like@https://www.vfo.se/support-hero:hasCart(uiPhrase) | contact_like@https://www.vfo.se/support-hero:samplingRan(sampled=0) | contact_like@https://www.vfo.se/kontakta-oss:hasCart(uiPhrase) | contact_like@https://www.vfo.se/kontakta-oss:pricedCards(multiPrices) | contact_like@https://www.vfo.se/kontakta-oss:productCards(73) | DECISION@contact_like@https://www.vfo.se/kontakta-oss,
,NordyLook AB,556500-0378,,,,,,,,
,Divine Livs AB,556507-9992,,,,,,,,
,Wihlborgs Musköten 19 AB,556245-7357,,,,,,,,
,Countermine Operations AB,556505-9846,,,,,,,,
,Audio Pro Aktiebolag,556250-5916,,,,,,,,
holmgrenschark.se,,,info@holmgrenschark.se; fabriken@holmgrenschark.se,+46 60 013 30; +46 46 211 15 44; +46 46 15 79 90,https://www.holmgrenschark.se/kontakt,browser,no,,main@https://www.holmgrenschark.se/:samplingRan(sampled=0),
,Akvarievärlden Stockholm Aktiebolag,556483-3258,,,,,,,,
loukku.se,,,,,https://loukku.se,browser,no,,,net::ERR_CONNECTION_CLOSED at https://loukku.se | method:browser
warholmtrading.se,,,,,https://warholmtrading.se,browser,no,,,net::ERR_CONNECTION_CLOSED at https://warholmtrading.se | method:browser
,PHARABI Aktiebolag,556485-8792,,,,,,,,
,Fastighetskonsult Thomas Lindberg Aktiebolag,556482-6641,,,,,,,,
,SafeLink Datacom Aktiebolag,556480-4267,,,,,,,,
,Promet Precision AB,556467-8877,,,,,,,,
,Lindehallen AB,556475-8679,,,,,,,,
,Svenska Kakel AB,556478-1408,,,,,,,,
,Publica Design Aktiebolag,556337-3686,,,,,,,,
,C Vallin Arkitekter AB,556488-9144,,,,,,,,
,Finspångs Verktygsmaskiner Aktiebolag,556489-0068,,,,,,,,
collection12.se,Collection12,,info@collection12.se; simon@collection12.se; michael@collection12.se,+46 8 556 308 00; +46 8 556 308 09,https://collection12.se/kontakt,browser,no,sampled_3,main@https://collection12.se/:samplingRan(sampled=3) | sampleURL@https://collection12.se/produkter/:status=200 | sampleURL@https://collection12.se/leverantoerer/:status=200 | sampleURL@https://collection12.se/vara-kunder/:status=200,
,Causidicus konsult AB,556492-0915,,,,,,,,
facebook.com,,,dev7561@gmail.com; kundansvarig@studioexpress.se,,https://www.facebook.com/kundtjanst,browser,yes,checkout_provider; checkout; provider:adyen,main@https://www.facebook.com/:samplingRan(sampled=0) | contact_like@https://www.meta.com/en-gb/about/?utm_source=about.facebook.com&utm_medium=redirect:hasCheckout(urlPath:/order) | contact_like@https://www.meta.com/en-gb/about/?utm_source=about.facebook.com&utm_medium=redirect:providers(adyen) | DECISION@contact_like@https://www.meta.com/en-gb/about/?utm_source=about.facebook.com&utm_medium=redirect,
,MJ Konsult i Köping Aktiebolag,556492-2630,,,,,,,,
,DeskNet Datateknik Aktiebolag,556489-3492,,,,,,,,
,Skillingen Livs AB,556507-2526,,,,,,,,
,Södertälje Lotteri & Idrottsprodukter Aktiebolag,556465-8465,,,,,,,,
mekwood.se,,,,,https://mekwood.se,browser,no,,,net::ERR_CERT_COMMON_NAME_INVALID at https://mekwood.se | method:browser
,CoatEx AB,556503-0557,,,,,,,,
,Biskopsuddens Båtförmedling Aktiebolag,556487-2710,,,,,,,,
,Vadeco Fashion Aktiebolag,556466-4307,,,,,,,,
,Kanwar Textilegroup AB,556479-4518,,,,,,,,
,Hans Brännman Livs Aktiebolag,556468-2630,,,,,,,,
,Texpart Svenska Aktiebolag,556469-4866,,,,,,,,
,Airwheel Mobility AB,556479-4559,,,,,,,,
cumatix.se,Cumatix AB,,info@pwrd.se,+46 8 446 56 00,https://cumatix.se,static,no,,,
,CSR LeKsaKer i Malmö AB,556509-0262,,,,,,,,
,Carl Hoff AB,556491-2524,,,,,,,,
,R.S. Miljö & Återvinning AB,556521-1991,,,,,,,,
kontorab.se,Kontorab AB,,order@kontorab.se,+46 11 440 15 15; +46 1061195; +46 21 220 01 14,https://kontorab.se,static,yes,cart; checkout,static@https://kontorab.se:hasCheckout(urlPath:/kassa) | static@https://kontorab.se:hasCart(uiPhrase) | DECISION@static@https://kontorab.se,
,Luthagens Livs AB,556526-9015,,,,,,,,
,TotalEnergies Marketing Sweden AB,556498-4218,,,,,,,,
voctec.se,,,,,https://voctec.se,browser,no,,,net::ERR_CONNECTION_CLOSED at https://voctec.se | method:browser
,AJ Sverige Aktiebolag,556518-8322,,,,,,,,
,Sievi Aktiebolag,556243-7755,,,,,,,,
,COBS Aktiebolag,556524-3788,,,,,,,,
brandmarks.se,,,,,https://brandmarks.se,browser,no,,,net::ERR_CONNECTION_CLOSED at https://brandmarks.se | method:browser
,MLT CONSULT AB,556436-5442,,,,,,,,
,LTG Display Aktiebolag,556495-0029,,,,,,,,
,Alina Service AB,556438-4260,,,,,,,,
,Trivec Systems Aktiebolag,556524-8571,,,,,,,,
,Vectrotec Aktiebolag,556479-3197,,,,,,,,
,Mötteruds Bilskrotning Aktiebolag,556449-2352,,,,,,,,
,KassaTech AB,556454-0226,,,,,,,,
,Sondopac Aktiebolag,556456-7765,,,,,,,,
,Crafoord Auktioner i Lund AB,556489-5364,,,,,,,,
,OptiCal i Linköping Aktiebolag,556492-8447,,,,,,,,
,Nordisk Interntelevision Nordvision AB,556513-6669,,,,,,,,
,ALFAB Pr i Malmö AB,556515-4902,,,,,,,,
jackscykel.se,jackscykel,,info@jackscykel.se,,https://jackscykel.se/kontakt,browser,no,,main@https://jackscykel.se/:samplingRan(sampled=0),
,Lely Sverige Aktiebolag,556513-8574,,,,,,,,
,Telerum i Lerum AB,556524-0396,,,,,,,,
,Narog AB,556497-4862,,,,,,,,
,Dimby AB,556526-9254,,,,,,,,
,Nordcell AB,556446-9368,,,,,,,,
,Proxima Gruppen AB,556527-8057,,,,,,,,
,Huskvarna Parfym Aktiebolag,556499-3250,,,,,,,,
,Fagerströms Maskin Aktiebolag,556488-1612,,,,,,,,
maurins.se,,,mattis@maurins.se,,https://maurins.se,browser,no,,,
,Ekstrand - Maskiner i Vetlanda AB,556493-6341,,,,,,,,
sealstrap.se,,556507-7681,info@sealstrap.se; order@sealstrap.se,+46 31 285 95 90; +46 31 28 59 59; +46 72 725 51 18,https://sealstrap.se/om-oss/,browser,yes,checkout_provider; cart; product_cards; priced_cards; provider:woocommerce,main@https://sealstrap.se/:hasCart(urlPath:/varukorg) | main@https://sealstrap.se/:pricedCards(priceMicrodata) | main@https://sealstrap.se/:providers(woocommerce) | main@https://sealstrap.se/:productCards(21) | DECISION@main@https://sealstrap.se/ | contact_like@https://sealstrap.se/om-oss/:hasCart(urlPath:/varukorg) | contact_like@https://sealstrap.se/om-oss/:providers(woocommerce) | contact_like@https://sealstrap.se/om-oss/:productCards(21) | DECISION@contact_like@https://sealstrap.se/om-oss/,
facebook.com,,,dev7561@gmail.com; kundansvarig@studioexpress.se,,https://www.facebook.com/kundtjanst,browser,yes,checkout_provider; checkout; provider:adyen,main@https://www.facebook.com/:samplingRan(sampled=0) | contact_like@https://www.meta.com/en-gb/about/?utm_source=about.facebook.com&utm_medium=redirect:hasCheckout(urlPath:/order) | contact_like@https://www.meta.com/en-gb/about/?utm_source=about.facebook.com&utm_medium=redirect:providers(adyen) | DECISION@contact_like@https://www.meta.com/en-gb/about/?utm_source=about.facebook.com&utm_medium=redirect,
,Bild i Bygd Michael Triebe AB,556249-0846,,,,,,,,
spiralservice.se,,,,,https://spiralservice.se,browser,no,,,net::ERR_ABORTED at https://spiralservice.se | method:browser
,Naftoil Fastighets AB,556490-1899,,,,,,,,
bsm-ab.se,BSM i Haparanda AB,556260-9924,info@bsm-ab.se,+46 922 141 50,https://bsm-ab.se,static,yes,checkout_provider; cart; product_cards; priced_cards; provider:woocommerce,static@https://bsm-ab.se:hasCart(uiPhrase) | static@https://bsm-ab.se:pricedCards(multiPrices) | static@https://bsm-ab.se:providers(woocommerce) | static@https://bsm-ab.se:productCards(149) | DECISION@static@https://bsm-ab.se,
,Minova Nordic AB,556524-9629,,,,,,,,
,Lasse Andersson HiFi & Konsult Aktiebolag,556475-0478,,,,,,,,
,Frisörtjänst Hässleholm AB,556481-0140,,,,,,,,
,Rock Armour Trading AB,556449-3400,,,,,,,,
,P O  HILLER TRÄVAROR Aktiebolag,556458-4638,,,,,,,,
,Darrow Entertainment AB,556492-8959,,,,,,,,
,LIMGRO AB,556513-6859,,,,,,,,
,Pipinette Aktiebolag,556518-4776,,,,,,,,
,MySpace Aktiebolag,556521-2007,,,,,,,,
,Kungsmöbler AB,556529-9442,,,,,,,,
,Mattvision AB,556498-6296,,,,,,,,
deditech.se,DediTech AB,,info@deditech.se,+46 19 26 09 90,https://deditech.se,static,no,,,
,Cykelmagneten i Falkenberg Aktiebolag,556498-8912,,,,,,,,
,Nova Kakel AB,556500-7217,,,,,,,,
,TRIVAS AB,556528-2216,,,,,,,,
,A.R. Hansson Holdings Aktiebolag,556518-8959,,,,,,,,
,Caravanbolaget Sverige AB,556277-9644,,,,,,,,
,Sidsjö Handel AB,556521-2627,,,,,,,,
,Jeansbutiken i Tranås Aktiebolag,556503-4302,,,,,,,,
,Artemisia Maritima AB,556432-1700,,,,,,,,
,BSTA - Bottenviken Sawmills Trading Aktiebolag,556533-6988,,,,,,,,
softainterior.se,Softa Interiör AB,,thomas@softainterior.se; anne-sofie@softainterior.se; frida@softainterior.se,+46 70 938 03 87; +46 70 938 03 86; +46 70 985 47 63,https://www.softainterior.se,static,no,,,
,Nightmare AB,556511-7602,,,,,,,,
,Mälarbåtar AB,556442-9032,,,,,,,,
,Tapios Golvservice Aktiebolag,556445-3347,,,,,,,,
bilhusvagnsservice.com,Bil & Husvagnsservice i Konga AB,,konga@bilhusvagnsservice.se,+46 477 161 71,https://bilhusvagnsservice.com,static,no,,,
,Maxibryggan Båtförmedling AB,556454-3659,,,,,,,,
,Guldruschen i Göteborg Aktiebolag,556475-9073,,,,,,,,
,Unitrade Nordic AB,556481-0637,,,,,,,,
,Häljared Partihandel AB,556507-4530,,,,,,,,
,Ferle Produkter AB,556509-3183,,,,,,,,
azpect-photonics.com,AMS Technologies -,,nordics@amstechnologies.com,+46 8 554 424 80; +46 8 989 57 70; +46 16 486 46 00,https://shop.amstechnologies.com/contact-us,browser,yes,cart; checkout; product_cards,main@https://shop.amstechnologies.com/ams-technologies-nordics:hasCheckout(urlPath:/checkout) | main@https://shop.amstechnologies.com/ams-technologies-nordics:hasCart(urlPath:/cart) | main@https://shop.amstechnologies.com/ams-technologies-nordics:productCards(4) | DECISION@main@https://shop.amstechnologies.com/ams-technologies-nordics | contact_like@https://shop.amstechnologies.com/Contact-us/:hasCheckout(urlPath:/checkout) | contact_like@https://shop.amstechnologies.com/Contact-us/:hasCart(urlPath:/cart) | DECISION@contact_like@https://shop.amstechnologies.com/Contact-us/ | contact_like@https://shop.amstechnologies.com/Information/Contact-us/:hasCheckout(urlPath:/checkout) | contact_like@https://shop.amstechnologies.com/Information/Contact-us/:hasCart(urlPath:/cart) | DECISION@contact_like@https://shop.amstechnologies.com/Information/Contact-us/ | contact_like@https://shop.amstechnologies.com/contact:hasCheckout(urlPath:/checkout) | contact_like@https://shop.amstechnologies.com/contact:hasCart(urlPath:/cart) | DECISION@contact_like@https://shop.amstechnologies.com/contact | contact_like@https://shop.amstechnologies.com/contact-us:hasCheckout(urlPath:/checkout) | contact_like@https://shop.amstechnologies.com/contact-us:hasCart(urlPath:/cart) | DECISION@contact_like@https://shop.amstechnologies.com/contact-us,
,JRE Häst- och ryttarutbildning AB,556493-4205,,,,,,,,
slits.se,,,,,https://slits.se,browser,no,,,net::ERR_CONNECTION_CLOSED at https://slits.se | method:browser
,Sörmlands Glass Aktiebolag,556498-7112,,,,,,,,
,Köksarkitekterna Sverige Aktiebolag,556520-9664,,,,,,,,
,Bessmanet Livs AB,556515-4183,,,,,,,,
,Haglunds Hus AB,556488-3097,,,,,,,,
,Axelsson & Co i Berga Aktiebolag,556258-5405,,,,,,,,
,Rectagon Trading Aktiebolag,556491-8026,,,,,,,,
,Elon Logistics AB,556492-6078,,,,,,,,
,Flotten Aktiebolag,556496-7445,,,,,,,,
,Bengt Larssons Färg i Karlskrona Aktiebolag,556480-0794,,,,,,,,
,Peter och Kalles Möbler Aktiebolag,556477-7984,,,,,,,,
kontorsleverantoren.com,RKV,," kundtjanst@kontorsleverantoren.com; kundtjanst@kontorsleverantoren.com",+46 8 627 56 00,https://kontorsleverantoren.com,browser,yes,cart; product_cards; priced_cards,main@https://www.kontorsleverantoren.com/:hasCart(uiPhrase) | main@https://www.kontorsleverantoren.com/:pricedCards(multiPrices) | main@https://www.kontorsleverantoren.com/:productCards(55) | DECISION@main@https://www.kontorsleverantoren.com/,
berno.nu,,,info@berno.nu,+46 26 25 70 80,https://berno.nu,browser,yes,checkout_provider; provider:woocommerce,main@https://www.berno.nu/:providers(woocommerce) | DECISION@main@https://www.berno.nu/,
,Gävle Byggmarknad AB,556488-6710,,,,,,,,
,Söderala Service Aktiebolag,556502-4683,,,,,,,,
,Aerosupply Scandinavia Aktiebolag,556472-9878,,,,,,,,
,Stjernqvist Förvaltnings Aktiebolag,556509-0700,,,,,,,,
,Tidaholms Stormarknad AB,556514-6403,,,,,,,,
,Nibben Handel AB,556491-7424,,,,,,,,
gastronomileverantoren.se,,556493-5780,info@gastronomileverantoren.se,+46 431 44 91 30,https://gastronomileverantoren.se,static,no,product_cards,static@https://gastronomileverantoren.se:productCards(2),
,Pilgatans Livs AB,556529-0094,,,,,,,,
arkbladfastigheter.se,,,info@arkbladfastigheter.se; felanmalan@arkbladfastigheter.se,+46 70 684 22 09; +46 70 567 65 37,https://www.arkbladfastigheter.se/kontakta-oss,browser,no,,,
,Sola Markis & Persienn AB,556522-0661,,,,,,,,
kaprifol.se,,556256-8823,info@kaprifol.se,+46 8 669 30 00,https://kaprifol.se/kontakta-oss/,browser,yes,checkout_provider; cart; checkout; product_cards; priced_cards; provider:klarna; provider:woocommerce,"main@https://kaprifol.se/:hasCheckout(uiPhrase) | main@https://kaprifol.se/:hasCart(uiPhrase) | main@https://kaprifol.se/:pricedCards(multiPrices) | main@https://kaprifol.se/:providers(klarna,woocommerce) | main@https://kaprifol.se/:productCards(78) | DECISION@main@https://kaprifol.se/ | contact_like@https://kaprifol.se/kontakta-oss/:hasCart(uiPhrase) | contact_like@https://kaprifol.se/kontakta-oss/:providers(woocommerce) | contact_like@https://kaprifol.se/kontakta-oss/:productCards(36) | DECISION@contact_like@https://kaprifol.se/kontakta-oss/",
,HRM Bil Motortorget AB,556528-1655,,,,,,,,
rodix.se,Nameshift,,,,https://rodix.se/customer-service,browser,no,,,
,KAFE Edemyrs Butiks AB,556532-2640,,,,,,,,
,Utby Bensin & Service Aktiebolag,556498-4713,,,,,,,,
,Fiolaffären i Stockholm Aktiebolag,556481-3698,,,,,,,,
linderothscykel.se,Linderoths Cykel AB,556485-3314,info@linderothscykel.se,+46 510 205 52; +46 60 195 95,https://linderothscykel.se,static,yes,cart; product_cards; priced_cards,static@https://linderothscykel.se:hasCart(urlPath:/varukorg) | static@https://linderothscykel.se:pricedCards(multiPrices) | static@https://linderothscykel.se:productCards(126) | DECISION@static@https://linderothscykel.se,
,Ånge Bokhandel Aktiebolag,556487-1191,,,,,,,,
luki.com,,,office@luki.com,+46 8 723 13 05,https://www.luki.com/contact-1,browser,no,cart; product_cards; sampled_2,main@https://www.luki.com/:hasCart(urlPath:/cart) | main@https://www.luki.com/:productCards(2) | main@https://www.luki.com/:samplingRan(sampled=2) | sampleURL@https://luki.com/our-vision:status=200 | sampleURL@https://luki.com/latest-projects:status=200 | internal@https://www.luki.com/our-vision:hasCart(urlPath:/cart) | internal@https://www.luki.com/our-vision:productCards(5) | contact_like@https://www.luki.com/contact-1:hasCart(urlPath:/cart) | contact_like@https://www.luki.com/contact-1:productCards(2),
,Haglinds Handels AB,556508-0230,,,,,,,,
,Acne Studios AB,556504-7726,,,,,,,,
benabkokochbad.se,,,,,https://benabkokochbad.se,browser,no,,,net::ERR_NAME_NOT_RESOLVED at https://benabkokochbad.se | method:browser
,Stardust Trading Aktiebolag,556522-7336,,,,,,,,
lennartsidrottspriser.se,,556728-5712,info@nomina.se,+46 72 006 91 89,https://lennartsidrottspriser.se,static,yes,checkout_provider; cart; checkout; product_cards; priced_cards; provider:shopify,static@https://lennartsidrottspriser.se:hasCheckout(uiPhrase) | static@https://lennartsidrottspriser.se:hasCart(urlPath:/cart) | static@https://lennartsidrottspriser.se:pricedCards(multiPrices) | static@https://lennartsidrottspriser.se:providers(shopify) | static@https://lennartsidrottspriser.se:productCards(83) | DECISION@static@https://lennartsidrottspriser.se,
,L. Magnussons Trafikbutik AB,556521-2866,,,,,,,,
,Boblbee AB,556530-6254,,,,,,,,
,Ekborgen 3 Skellefteå AB,556503-8709,,,,,,,,
,Meat The World AB,556530-7187,,,,,,,,
,Trevebo Livs Aktiebolag,556530-2832,,,,,,,,
idegroup.se,Group AB,556531-3326,ide@idegroup.se,+46 10 250 39 50,https://idegroup.se,static,yes,cart; checkout; product_cards,static@https://idegroup.se:hasCheckout(urlPath:/checkout) | static@https://idegroup.se:hasCart(urlPath:/cart) | static@https://idegroup.se:productCards(20) | DECISION@static@https://idegroup.se,
,Smycket Nordic Art Aktiebolag,556430-3948,,,,,,,,
,PM Nordic AB,556436-2100,,,,,,,,
,Smedenman Förvaltnings AB,556436-2316,,,,,,,,
,BSH & Co 1881 AB,556520-7825,,,,,,,,
,Richard Sköld Försäljningskonsult Aktiebolag,556514-9894,,,,,,,,
,Siljanfood AB,556512-6926,,,,,,,,
solnastamps.se,,,info@solnastamps.se,,https://solnastamps.se,browser,no,,,
,Ödåkra Uteplantor Aktiebolag,556477-8990,,,,,,,,
ljusteknik.se,Ljusteknik i Link�ping AB,,,,https://ljusteknik.se,static,no,,,
,Holdit AB,556456-9928,,,,,,,,
,Elegant Auto Aktiebolag,556464-2782,,,,,,,,
,TIB-Horse Aktiebolag,556496-1752,,,,,,,,
,Easy-Link Aktiebolag,556492-7332,,,,,,,,
,DCorp AB,556469-3058,,,,,,,,
,Liemar Trade Aktiebolag,556499-2732,,,,,,,,
,Musikanten Gin & Tonic AB,556505-1348,,,,,,,,
,Race medical AB,556479-9095,,,,,,,,
,Jafar Charli AB,556490-3259,,,,,,,,
,Bengtsson handel AB,556523-3052,,,,,,,,
nsjobil.se,,,,,https://nsjobil.se,browser,no,,,HTTP 503 | method:browser
,Interski Aktiebolag,556517-8166,,,,,,,,
,Smaklöken AB,556522-5132,,,,,,,,
,Kornbo Maskin Aktiebolag,556529-1134,,,,,,,,
,Boberg Båt & Motor AB,556530-3152,,,,,,,,
,Bruk Lager o Lager AB,556502-9179,,,,,,,,
,Örestadskyl Aktiebolag,556504-6603,,,,,,,,
,Ann-Christin Pettersson Livs Aktiebolag,556478-1978,,,,,,,,
,44:ans Bygghandel AB,556497-5257,,,,,,,,
,ePayment Service Europe AB,556483-9586,,,,,,,,
,Hedehus Förvaltning AB,556444-5640,,,,,,,,
,Kulturjern Aktiebolag,556484-2234,,,,,,,,
,Help & Rescue Products Sweden Aktiebolag,556498-7534,,,,,,,,
,Capidi AB,556479-4948,,,,,,,,
,A-Sprinkler Aktiebolag,556488-8559,,,,,,,,
exine.se,,,,,https://exine.se,browser,no,,,net::ERR_CONNECTION_CLOSED at https://exine.se | method:browser
,DenimBank AB,556513-3492,,,,,,,,
,Fantasy Craft Sverige Aktiebolag,556514-1131,,,,,,,,
bolistmora.se,,,info@byggnetto.net;  info@byggnetto.net,+46 250 103 07; +46 73 029 45 73,https://www.bolistmora.se/kontakta-oss,browser,no,checkout,main@https://www.bolistmora.se/:hasCheckout(urlPath:/checkout) | main@https://www.bolistmora.se/:samplingRan(sampled=0) | contact_like@https://www.bolistmora.se/omoss/kontakta-oss:hasCheckout(urlPath:/checkout) | contact_like@https://www.bolistmora.se/kontakta-oss:hasCheckout(urlPath:/checkout),
outletbastad.se,,,support@active24.co.uk; support@active24.nl,+46 36 21 68 53,https://outletbastad.se,browser,no,,,
idesom.se,Söms Tapetserarverkstad AB,,info@idesom.se,+46 70 341 17 19,https://www.idesom.se,static,no,,,
riddarpoolen.nu,,,,,https://riddarpoolen.nu,browser,no,,,net::ERR_NAME_NOT_RESOLVED at https://riddarpoolen.nu | method:browser
xlbygg.se,,,kundservice@xlbygg.se; u003ekundservice@xlbygg.se; u003einfo@xlbygg.se,+46 77 122 00 11,https://www.xlbygg.se/privat/kundservice/,browser,yes,cart; checkout,main@https://www.xlbygg.se/privat/:hasCheckout(uiPhrase) | main@https://www.xlbygg.se/privat/:hasCart(uiPhrase) | DECISION@main@https://www.xlbygg.se/privat/ | contact_like@https://www.xlbygg.se/privat/kundservice/:hasCheckout(uiPhrase) | contact_like@https://www.xlbygg.se/privat/kundservice/:hasCart(uiPhrase) | DECISION@contact_like@https://www.xlbygg.se/privat/kundservice/,
,Svenska Idrottspriser Prishuset Wiel AB,556514-6056,,,,,,,,
,Escale European Aktiebolag,556526-3661,,,,,,,,
,Spiscenter Interiör i Örebro AB,556497-0134,,,,,,,,
,Erikstorps Agenturer Aktiebolag,556257-1983,,,,,,,,
,Robetoy Aktiebolag,556278-8553,,,,,,,,
,Irene Ekstrands Blommor Aktiebolag,556470-8740,,,,,,,,
,j.u.s. design Aktiebolag,556503-2538,,,,,,,,
,Furuhill Aktiebolag,556474-3697,,,,,,,,
,Håkans Frukt och Grönt AB,556492-9668,,,,,,,,
astonsweden.com,Aston Sweden AB,,,+46 586 21 66 00,https://astonsweden.com,static,no,,,
,Pause Ljud & Bild Aktiebolag,556440-7913,,,,,,,,
,Stocken Marina Aktiebolag,556484-0782,,,,,,,,
,SCANDI INVEST TRADE AB,556484-6516,,,,,,,,
,Opus Services Sweden AB,556445-5383,,,,,,,,
,CS Concrete Security Integration AB,556485-1128,,,,,,,,
,Flebu Svenska Aktiebolag,556487-6224,,,,,,,,
,Skälby Matboden Aktiebolag,556489-2452,,,,,,,,
emhome.se,,,info@emhome.se,+46 10 499 25 00,https://emhome.se,browser,yes,checkout_provider; cart; product_cards; provider:klarna,main@https://emhome.se/:hasCart(urlPath:/cart) | main@https://emhome.se/:providers(klarna) | main@https://emhome.se/:productCards(6) | DECISION@main@https://emhome.se/,
,Reffer Marketing Solna Aktiebolag,556492-9569,,,,,,,,
,PA Sales i Vist AB,556496-2750,,,,,,,,
,Hantverk och Keramikcenter i Sverige AB,556507-6253,,,,,,,,
,Krille Linderoth AB,556490-5783,,,,,,,,
,KNT-Hjul & Verktyg AB,556497-0381,,,,,,,,
,ByggMarketing Sweden Aktiebolag,556519-0922,,,,,,,,
,"Zoovaruhuset, FAMOLIN Aktiebolag",556486-7033,,,,,,,,
,Peter Klintberg Maskin Aktiebolag,556503-3882,,,,,,,,
,Jörgen Carlssons Åkeri Aktiebolag,556490-9413,,,,,,,,
,M.O.V.E. Monica Westerholm Aktiebolag,556437-0905,,,,,,,,
,KB:s RC Hobby & Maskin AB,556521-0332,,,,,,,,
,Bilgallerian i Katrineholm AB,556510-9435,,,,,,,,
,Joli Trading AB,556524-3804,,,,,,,,
,Frökinds Mat Aktiebolag,556445-2182,,,,,,,,
,Water Company i Sverige AB,556481-9364,,,,,,,,
,Grad-in AB,556479-5648,,,,,,,,
,bg Byggros AB,556482-8563,,,,,,,,
,Horse Farm Herder AB,556489-2718,,,,,,,,
,Ligno Maskin Aktiebolag,556492-9734,,,,,,,,
,Behr Media Aktiebolag,556509-4629,,,,,,,,
,Jure Aktiebolag,556501-6507,,,,,,,,
,Plano Maskin AB,556509-4025,,,,,,,,
,J & B of Sweden AB,556503-1167,,,,,,,,
,HiFi-Punkten Skövde Aktiebolag,556505-1934,,,,,,,,
,Färg och Design U.A.F AB,556486-1853,,,,,,,,
,Hamre Ridsport AB,556519-2548,,,,,,,,
,Caliber Trade Aktiebolag,556528-8528,,,,,,,,
,Trafikbutiken Månkarbo Aktiebolag,556448-2460,,,,,,,,
,Norrkon Aktiebolag,556501-4486,,,,,,,,
,Trademark Partner i Stockholm AB,556524-1386,,,,,,,,
,Polarn O. Pyret Aktiebolag,556235-7383,,,,,,,,
nobelhome.se,,,info@nobelhome.se,+46 26 13 18 70,https://nobelhome.se/om-oss,browser,no,,contact_like@https://nobelhome.se/om-oss/:samplingRan(sampled=0),
,MONSÉNS ÄKTA MATTOR AKTIEBOLAG,556439-4657,,,,,,,,
,Romeling Holding AB,556522-4309,,,,,,,,
,DT - Nordic AB,556510-7629,,,,,,,,
,Vasa Total Säljkonsult Aktiebolag,556473-6873,,,,,,,,
,Anna Almblads Redovisning AB,556482-4695,,,,,,,,
,Vallen Marin Aktiebolag,556447-7932,,,,,,,,
,Klockkedjan D AB,556488-7452,,,,,,,,
,Frivar Teknik International Aktiebolag,556457-7798,,,,,,,,
,Mosses Redovisningsbyrå i Skåne AB,556490-0966,,,,,,,,
,Indo Nordic Design AB,556500-7035,,,,,,,,
industrimekano.nu,,556500-7381,info@industrimekano.nu,+46 35 13 56 95,https://industrimekano.nu,static,no,,,
,Sandahls Radio TV-Service Aktiebolag,556503-6851,,,,,,,,
armekanik.se,AR Mekanik AB,,roine@armekanik.se,+46 70 666 16 10,https://armekanik.se/contact,browser,no,checkout,main@https://armekanik.se/:hasCheckout(urlPath:/bestallning) | contact_like@https://armekanik.se/kontakt/:hasCheckout(urlPath:/bestallning),
,Rosencreutz Wine Co. AB,556508-7888,,,,,,,,
,Franssons i Lödde AB,556519-3439,,,,,,,,
,Rewind Insure Technology AB,556521-6701,,,,,,,,
,Docksta TrafikButik AB,556502-0947,,,,,,,,
,TA Motor Aktiebolag,556279-7737,,,,,,,,
,TGDS Direktservice Aktiebolag,556532-8480,,,,,,,,
,Allt om Ven AB,556520-8625,,,,,,,,
,Wikmans Verkstad AB,556503-6745,,,,,,,,
,Nordiska Produkthuset AB,556509-0817,,,,,,,,
,Kamerahuset i Stenungsund Aktiebolag,556245-2168,,,,,,,,
boys2men.se,,556495-5858,info@boys2men.se; order@boys2men.se,+46 346 591 31,https://boys2men.se/policies/terms-of-service,browser,yes,checkout_provider; cart; checkout; product_cards; priced_cards; provider:shopify; provider:klarna,"main@https://boys2men.se/:hasCheckout(urlPath:/checkout) | main@https://boys2men.se/:hasCart(urlPath:/cart) | main@https://boys2men.se/:pricedCards(multiPrices) | main@https://boys2men.se/:providers(shopify) | main@https://boys2men.se/:productCards(200) | DECISION@main@https://boys2men.se/ | contact_like@https://boys2men.se/pages/kontakta-oss-boys2men:hasCheckout(urlPath:/checkout) | contact_like@https://boys2men.se/pages/kontakta-oss-boys2men:hasCart(urlPath:/cart) | contact_like@https://boys2men.se/pages/kontakta-oss-boys2men:providers(shopify) | contact_like@https://boys2men.se/pages/kontakta-oss-boys2men:productCards(13) | DECISION@contact_like@https://boys2men.se/pages/kontakta-oss-boys2men | contact_like@https://boys2men.se/pages/om-oss:hasCheckout(urlPath:/checkout) | contact_like@https://boys2men.se/pages/om-oss:hasCart(urlPath:/cart) | contact_like@https://boys2men.se/pages/om-oss:providers(shopify) | contact_like@https://boys2men.se/pages/om-oss:productCards(11) | DECISION@contact_like@https://boys2men.se/pages/om-oss | contact_like@https://boys2men.se/policies/terms-of-service:hasCheckout(urlPath:/checkout) | contact_like@https://boys2men.se/policies/terms-of-service:hasCart(urlPath:/cart) | contact_like@https://boys2men.se/policies/terms-of-service:pricedCards(multiPrices) | contact_like@https://boys2men.se/policies/terms-of-service:providers(klarna,shopify) | contact_like@https://boys2men.se/policies/terms-of-service:productCards(10) | DECISION@contact_like@https://boys2men.se/policies/terms-of-service",
,Gulludden AB,556508-0024,,,,,,,,
petterssonsbildemontering.se,Petterssons Bildemontering i Tomelilla AB,,info@petterssonsbildemontering.se,+46 417 313 18,https://petterssonsbildemontering.se,static,no,,,
clarius.se,Clarius AB,,,,https://clarius.se/om-oss,browser,no,,contact_like@https://clarius.se/sidor/om-oss:samplingRan(sampled=0),
trollhattansoljor.se,Trollhättans Oljor AB,,,+46 520 48 21 60,https://trollhattansoljor.se,static,no,,,
,Datacenter i Umeå Aktiebolag,556485-3801,,,,,,,,
,Björn & Rihpa Aktiebolag,556490-9454,,,,,,,,
,Färg & Hobbyhörnan i Sala AB,556515-7806,,,,,,,,
angeredsbildelar.se,Nya Angereds Bildelar AB,,,,https://angeredsbildelar.se,static,no,,,
anordica.se,,,,,https://anordica.se,browser,no,,,net::ERR_CONNECTION_CLOSED at https://anordica.se | method:browser
,S.E. Wheel & Forks AB,556526-4883,,,,,,,,
,SVGUD AB,556529-0136,,,,,,,,
,Stefans Foto i Vara Aktiebolag,556280-8062,,,,,,,,
,Framcap Aktiebolag,556472-0257,,,,,,,,
,NICNAC AB,556490-6005,,,,,,,,
contrapoint.se,Contrapoint AB,556529-6547,mail@contrapoint.se,+46 70 552 23 75,https://contrapoint.se,static,no,,,
,Aureum Healthcare AB,556508-1071,,,,,,,,
,Freker AB,556509-1583,,,,,,,,
ica.se,,556582-1559; 556021-0261,kundservice@ica.se,+46 8 561 500 00; +46 33 47 47 90; +46 33 47 47 94,https://www.ica.se/kontakt,browser,no,,main@https://www.ica.se/:samplingRan(sampled=0),
,Carmencita AB,556481-8424,,,,,,,,
gnhearing.se,,,,,https://gnhearing.se,browser,no,,,net::ERR_CERT_COMMON_NAME_INVALID at https://gnhearing.se | method:browser
,Termo Gnosjö Värme och Kyla AB,556526-6540,,,,,,,,
,Harghult Fastighets Aktiebolag,556441-7821,,,,,,,,
bergholm.com,Bergholm,,,+46 550 380 80; +46 25282024,https://www.bergholm.com/om-oss/finansiell-information,browser,yes,sampled_2; sample_pdp_1; sample_addtocart_2,main@https://www.bergholm.com/:samplingRan(sampled=2) | sampleURL@https://bergholm.com/lager:status=200:ATC | sampleURL@https://bergholm.com/aterforsaljare:status=200:PDP+ATC | DECISION@sample (confirmed) | DECISION@main@https://www.bergholm.com/,
,JIKAB Marin Industrisömnad Sverige AB,556485-9584,,,,,,,,
,Vildbuketten i Borås AB,556497-9267,,,,,,,,
,Amiga AB,556508-8324,,,,,,,,
,Förarmiljö i Sverige AB,556519-4510,,,,,,,,
,Högdalens Zoologiska Aktiebolag,556490-8894,,,,,,,,
,Stöde Livsmedel AB,556522-1057,,,,,,,,
,Service-Center i Löberöd Aktiebolag,556279-6796,,,,,,,,
,LEFAB Bygg i Skåne AB,556260-4735,,,,,,,,
,Kurt Boberg Aktiebolag,556490-7409,,,,,,,,
,Euric Aktiebolag,556530-3194,,,,,,,,
,Persiennkompaniet Norden Aktiebolag,556475-1237,,,,,,,,
,Fruit Processors i Götene Aktiebolag,556476-3802,,,,,,,,
,SELLTRADE Aktiebolag,556431-2238,,,,,,,,
,Fagersta Sport Aktiebolag,556248-2744,,,,,,,,
,Nyfisk i Göteborg AB,556512-7676,,,,,,,,
,North Box AB,556523-2070,,,,,,,,
,Kiddisafe Scandinavia Aktiebolag,556485-8255,,,,,,,,
,Surf Zone i Varberg Aktiebolag,556482-6633,,,,,,,,
,Bewag i Malmö Aktiebolag,556450-5484,,,,,,,,
,Agbina Aktiebolag,556482-3358,,,,,,,,
,Bio-Rad Laboratories Aktiebolag,556457-8895,,,,,,,,
,Swedjob Aktiebolag,556463-5117,,,,,,,,
skyddscentrum.nu,,,,+46 322 102 04; +46 73 376 46 79,https://www.skyddscentrum.nu/om-oss,browser,no,checkout_provider; product_cards; provider:woocommerce,main@https://www.skyddscentrum.nu/:providers(woocommerce) | main@https://www.skyddscentrum.nu/:productCards(20) | main@https://www.skyddscentrum.nu/:samplingRan(sampled=0) | internal@https://www.skyddscentrum.nu/:providers(woocommerce) | internal@https://www.skyddscentrum.nu/:productCards(20) | contact_like@https://www.skyddscentrum.nu/kontakta-oss/:providers(woocommerce) | contact_like@https://www.skyddscentrum.nu/kontakta-oss/:productCards(20) | contact_like@https://www.skyddscentrum.nu/om-oss/:providers(woocommerce) | contact_like@https://www.skyddscentrum.nu/om-oss/:productCards(20) | contact_like@https://www.skyddscentrum.nu/om-oss/bli-kund-hos-oss-ansokan/:providers(woocommerce) | contact_like@https://www.skyddscentrum.nu/om-oss/bli-kund-hos-oss-ansokan/:productCards(20),
,NBC Trading Aktiebolag,556497-9911,,,,,,,,
,Ever Seal Mellan Sverige Aktiebolag,556501-8479,,,,,,,,
,Total TV och Telespar Aktiebolag,556493-2795,,,,,,,,
,Klövvård Sydost AB,556529-0334,,,,,,,,
,Galex Aktiebolag,556260-1848,,,,,,,,
,Ekonomistyrning intressenter AB,556498-9498,,,,,,,,
,Harry Pihls Snabbköp i Vadstena Aktiebolag,556452-0483,,,,,,,,
,Nordkabel Direkt Aktiebolag,556243-0974,,,,,,,,
,Lesana AB,556531-7749,,,,,,,,
,Pall Norden AB,556494-0368,,,,,,,,
,Focus Nordic AB,556507-4985,,,,,,,,
,Foto Posé AB,556438-1951,,,,,,,,
,NHL Maskinkonsult i Sverige Aktiebolag,556248-4849,,,,,,,,
,Skånemejerier Storhushåll AB,556527-3686,,,,,,,,
,Daalderop Aktiebolag,556482-7060,,,,,,,,
,Vikan AB,556478-2638,,,,,,,,
larsafoods.se,,,kontakt@larsafoods.se,,https://www.larsafoods.se/om-oss,browser,no,product_cards; sampled_1,main@https://www.larsafoods.se/:productCards(42) | main@https://www.larsafoods.se/:samplingRan(sampled=1) | sampleURL@https://larsafoods.se/produkter/:status=200 | contact_like@https://www.larsafoods.se/om-oss/:productCards(6) | contact_like@https://www.larsafoods.se/kontakt/:productCards(6),
,Kista Grossen Aktiebolag,556482-9777,,,,,,,,
,Göteborg Hus & Bygg Aktiebolag,556490-6468,,,,,,,,
sandlundsskor.se,,556492-4586,sandlundsskor@hotmail.com,,https://www.sandlundsskor.se/contact,browser,yes,cart; checkout; product_cards; priced_cards; sampled_3; sample_addtocart_3,main@https://www.sandlundsskor.se/:hasCheckout(uiPhrase) | main@https://www.sandlundsskor.se/:hasCart(urlPath:/cart) | main@https://www.sandlundsskor.se/:pricedCards(multiPrices) | main@https://www.sandlundsskor.se/:productCards(200) | DECISION@main@https://www.sandlundsskor.se/ | contact_like@https://www.sandlundsskor.se/kontakt:hasCart(urlPath:/cart) | contact_like@https://www.sandlundsskor.se/kontakt:productCards(9) | contact_like@https://www.sandlundsskor.se/kontakt:samplingRan(sampled=3) | sampleURL@https://sandlundsskor.se/dam/sandaler:status=200:ATC | sampleURL@https://sandlundsskor.se/dam/sneakerspromenad:status=200:ATC | sampleURL@https://sandlundsskor.se/dam/sandalerslippers:status=200:ATC | contact_like@https://www.sandlundsskor.se/contact:hasCart(urlPath:/cart) | contact_like@https://www.sandlundsskor.se/contact:productCards(8),
,Konstig - A Strange Bookstore Aktiebolag,556495-1084,,,,,,,,
,Bograngens Lanthandel Aktiebolag,556465-1908,,,,,,,,
,Gabrielsson Invest Consumer AB,556495-6810,,,,,,,,
,Heat Aktiebolag,556480-5900,,,,,,,,
,AJ Produktion AB,556490-1600,,,,,,,,
,Kök och Bygg i Östergötland AB,556523-4092,,,,,,,,
,Sport-Kalle AB,556513-1686,,,,,,,,
,Filmrullen i Göteborg Aktiebolag,556431-4838,,,,,,,,
norlys.se,Norlys Integritetspolicy,,staff@norlys.se; andreas@norlys.se; thomas@norlys.se,+46 526 607 00; +46 526 407 68; +46 526 407 69,https://norlys.com/about,browser,no,product_cards,main@https://norlys.com/sv/:productCards(6) | main@https://norlys.com/sv/:samplingRan(sampled=0),
,Belkap AB,556509-8968,,,,,,,,
,T-Vägtal Aktiebolag,556510-2059,,,,,,,,
maruschka.se,Maria Maruschka -,,welcome@mariamaruschka.com,+46 76 020 35 70,https://mariamaruschka.com/om-oss,browser,yes,checkout_provider; cart; product_cards; priced_cards; provider:woocommerce,main@https://mariamaruschka.com/:hasCart(urlPath:/varukorg) | main@https://mariamaruschka.com/:pricedCards(multiPrices) | main@https://mariamaruschka.com/:providers(woocommerce) | main@https://mariamaruschka.com/:productCards(31) | DECISION@main@https://mariamaruschka.com/ | contact_like@https://mariamaruschka.com/om-oss/:hasCart(urlPath:/varukorg) | contact_like@https://mariamaruschka.com/om-oss/:providers(woocommerce) | DECISION@contact_like@https://mariamaruschka.com/om-oss/ | internal@https://mariamaruschka.com/:hasCart(urlPath:/varukorg) | internal@https://mariamaruschka.com/:pricedCards(multiPrices) | internal@https://mariamaruschka.com/:providers(woocommerce) | internal@https://mariamaruschka.com/:productCards(31) | DECISION@internal@https://mariamaruschka.com/,
,Ekeby Torg Livs Aktiebolag,556497-8889,,,,,,,,
,The Jeans Collection Group Scandinavia Aktiebolag,556255-8857,,,,,,,,
,Jambo Aktiebolag,556478-4261,,,,,,,,
,Klintberg & Way Management Aktiebolag,556453-6943,,,,,,,,
,Buckman Laboratories Aktiebolag,556486-9377,,,,,,,,
,Nya Alfredssons Blomsterhandel Aktiebolag,556488-2057,,,,,,,,
,Svärdsjö Järn Aktiebolag,556490-9785,,,,,,,,
,Träffpunkten I Forshaga Aktiebolag,556495-3817,,,,,,,,
,Kampementshallen AB,556508-2558,,,,,,,,
,Götrich Gobeng AB,556482-7912,,,,,,,,
axelentsafex.se,Axelent AB,,nordicsales@axelent.com; u003enordicsales@axelent.com,+46 370 37 37 37,https://axelentsafex.se,static,no,,,
,2 Remmare AB,556490-9512,,,,,,,,
sverakom.se,Svensk Radiokommunikation AB,,info@sverakom.se; support@sverakom.se,+46 26 10 63 00,https://sverakom.se,static,no,product_cards,static@https://sverakom.se:productCards(3),
,Englesson Sverige Aktiebolag,556262-4642,,,,,,,,
m-butiken.se,,,info@hamngatan19.se,+46 523 301 40,https://m-butiken.se,browser,no,checkout; product_cards,main@https://hamngatan19.se/:hasCheckout(uiPhrase) | main@https://hamngatan19.se/:productCards(2) | main@https://hamngatan19.se/:samplingRan(sampled=0) | internal@https://hamngatan19.se/:hasCheckout(uiPhrase) | internal@https://hamngatan19.se/:productCards(2),
,Home & Fashion Stockholm AB,556499-0595,,,,,,,,
,Blå Huset Data Aktiebolag,556529-9681,,,,,,,,
mersound.se,,,info@mersound.se,+46 10 332 00 30; +46 8 447 10 00,https://www.mersound.se/kontakt,browser,no,,main@https://www.mersound.se/:samplingRan(sampled=0),
,Furan Fastigheter AB,556483-2896,,,,,,,,
,Coccinelle Aktiebolag,556491-4520,,,,,,,,
,AL & DS Värdepapper AB,556517-9248,,,,,,,,
,HM Multimedia Aktiebolag,556500-5625,,,,,,,,
,Croda Nordica Aktiebolag,556479-6638,,,,,,,,
,Just Brands in Sweden AB,556480-7096,,,,,,,,
hogakustenfonster.se,,,,,https://hogakustenfonster.se,browser,no,,,net::ERR_CONNECTION_CLOSED at https://hogakustenfonster.se | method:browser
,High Fidelity Dahne & Co Aktiebolag,556480-6494,,,,,,,,
berglovs.se,berglövs Skor,,,+46 26 18 92 97,https://www.berglovs.se/om-oss,browser,no,product_cards,main@https://www.berglovs.se/:productCards(3) | main@https://www.berglovs.se/:samplingRan(sampled=0) | contact_like@https://www.berglovs.se/om-oss/:productCards(3) | contact_like@https://www.berglovs.se/kontakt/:productCards(3),
mariamaruschka.com,Maria Maruschka -,,welcome@mariamaruschka.com,+46 76 020 35 70,https://mariamaruschka.com/om-oss,browser,yes,checkout_provider; cart; product_cards; priced_cards; provider:woocommerce,main@https://mariamaruschka.com/:hasCart(urlPath:/varukorg) | main@https://mariamaruschka.com/:pricedCards(multiPrices) | main@https://mariamaruschka.com/:providers(woocommerce) | main@https://mariamaruschka.com/:productCards(31) | DECISION@main@https://mariamaruschka.com/ | contact_like@https://mariamaruschka.com/om-oss/:hasCart(urlPath:/varukorg) | contact_like@https://mariamaruschka.com/om-oss/:providers(woocommerce) | DECISION@contact_like@https://mariamaruschka.com/om-oss/ | internal@https://mariamaruschka.com/:hasCart(urlPath:/varukorg) | internal@https://mariamaruschka.com/:pricedCards(multiPrices) | internal@https://mariamaruschka.com/:providers(woocommerce) | internal@https://mariamaruschka.com/:productCards(31) | DECISION@internal@https://mariamaruschka.com/,
,COMBIT Aktiebolag,556465-4522,,,,,,,,
,Per Stenå AB,556497-9515,,,,,,,,
,CMB Autodelar AB,556498-1040,,,,,,,,
,Fästningskiosken i Varberg AB,556500-9742,,,,,,,,
obitz.se,,,support@obitz.se,+46 470 129 78,https://www.obitz.se/om-oss,browser,no,,main@https://www.obitz.se/:samplingRan(sampled=0),
,Have a Ball i Göteborg Aktiebolag,556465-6212,,,,,,,,
,Haglöf & Nordkvist Uppsala AB,556443-9858,,,,,,,,
,H-C.H. Förvaltnings Aktiebolag,556223-1083,,,,,,,,
,Per G Hanson Inredningar Aktiebolag,556228-2060,,,,,,,,
,Caldaro Aktiebolag,556461-8204,,,,,,,,
,Nordic Garden Group AB,556441-9041,,,,,,,,
,Mjöbäck International Aktiebolag,556473-5289,,,,,,,,
,Energo Städgross AB,556395-3974,,,,,,,,
,Skytts Järn & Färg Aktiebolag,556481-4506,,,,,,,,
,Stjärnsundskiosken Aktiebolag,556411-5573,,,,,,,,
,Lindberg & Persson Antikvariat Aktiebolag,556469-6895,,,,,,,,
,Aktiebolaget Edvin Anderssons Rör,556469-6929,,,,,,,,
inputinterior.se,,,info@inputinterior.se; borlange@inputinterior.se; boras@inputinterior.se,+46 20 077 00 25; +46 31 799 89 13,https://www.inputinterior.se/om-oss/miljo-ansvar/greenified/,browser,no,product_cards,main@https://www.inputinterior.se/:productCards(23) | main@https://www.inputinterior.se/:samplingRan(sampled=0) | contact_like@https://www.inputinterior.se/om-oss/:productCards(23) | contact_like@https://www.inputinterior.se/om-oss/affarsomraden/:productCards(23) | contact_like@https://www.inputinterior.se/om-oss/vara-varderingar/:productCards(23) | contact_like@https://www.inputinterior.se/om-oss/medarbetare-karriar/:productCards(23) | contact_like@https://www.inputinterior.se/om-oss/historia/:productCards(23) | contact_like@https://www.inputinterior.se/om-oss/miljo-ansvar/:productCards(23) | contact_like@https://www.inputinterior.se/om-oss/miljo-ansvar/greenified/:productCards(23),
,Oremic Reklamtryck Aktiebolag,556487-7990,,,,,,,,
,Le Croissant i Sverige AB,556215-1851,,,,,,,,
,Aurora Group Sverige AB,556494-5961,,,,,,,,
,GARDA of Sweden AB,556495-7396,,,,,,,,
,Tresona Instrument Aktiebolag,556230-8931,,,,,,,,
,Post Laborem AB,556493-8479,,,,,,,,
,Riddarfjärdens Marina Aktiebolag,556242-2062,,,,,,,,
,Polar Play Aktiebolag,556463-6735,,,,,,,,
,Codoc Sport & Rehab Aktiebolag,556468-3158,,,,,,,,
,Cubic Business Aktiebolag,556468-3976,,,,,,,,
,Halton Aktiebolag,556214-9087,,,,,,,,
,Syd Direktservice Aktiebolag,556458-5619,,,,,,,,
,GAM-SWE Aktiebolag,556442-1351,,,,,,,,
,Sweser AB,556408-1932,,,,,,,,
,VALBORGS KONFEKTYR Aktiebolag,556409-1949,,,,,,,,
,Sense Försäljning Aktiebolag,556470-4962,,,,,,,,
newbodyfamily.com,,,,,https://newbodyfamily.com,browser,no,,,Attempted to use detached Frame '54A3795C9D349C503FA670CF06BECBE4'. | method:browser
,Gustavsbergs Handelshus Aktiebolag,556471-6255,,,,,,,,
,Konstlist i Heby Aktiebolag,556233-5942,,,,,,,,
logosol.com,,,,,https://logosol.com,browser,no,,,Attempted to use detached Frame '54A3795C9D349C503FA670CF06BECBE4'. | method:browser
bucci-industries.com,,,,,https://bucci-industries.com,browser,no,,,Attempted to use detached Frame '54A3795C9D349C503FA670CF06BECBE4'. | method:browser
,Evansa AB,556507-7392,,,,,,,,
,Robiz Aktiebolag,556238-0534,,,,,,,,
norfloor.se,,,,,https://norfloor.se,browser,no,,,Attempted to use detached Frame '54A3795C9D349C503FA670CF06BECBE4'. | method:browser
,Action och Trend i Skurup AB,556470-5704,,,,,,,,
,Claeshallen Aktiebolag,556345-9501,,,,,,,,
,STARAX Aktiebolag,556349-8996,,,,,,,,
golfgeist.se,,,,,https://golfgeist.se,browser,no,,,Attempted to use detached Frame '54A3795C9D349C503FA670CF06BECBE4'. | method:browser
,United Venue AB,556467-1898,,,,,,,,
,Tip Top Musik AB,556397-9813,,,,,,,,
sagaform.com,Sagaform AB,,info@sagaform.com; customerservice@sagaform.com,,https://sagaform.com,static,no,checkout_provider; provider:klarna,static@https://sagaform.com:providers(klarna),
,Bilhallen i Varberg AB,556468-3760,,,,,,,,
,Träffpunkten i Hanaskog Aktiebolag,556496-1059,,,,,,,,
,Emperi Försäljnings Aktiebolag,556413-6603,,,,,,,,
fbbilservice.se,,,,,https://fbbilservice.se,browser,no,,,Attempted to use detached Frame '54A3795C9D349C503FA670CF06BECBE4'. | method:browser
,CellPart Aktiebolag,556348-1430,,,,,,,,
,Auto Tools i Nacka Aktiebolag,556490-5056,,,,,,,,
,Amcamp AB,556502-5656,,,,,,,,
,SWEDIMPORT Trading Aktiebolag,556513-5497,,,,,,,,
,P. Arvidsson Foto AB,556239-9864,,,,,,,,
,Kvänums Järn och Maskin Aktiebolag,556465-1890,,,,,,,,
,IKEA Components AB,556243-9975,,,,,,,,
,EcoGuard AB,556502-5755,,,,,,,,
,Basun Aktiebolag,556439-9268,,,,,,,,
,Tomas Ljungqvist Pro Golf Aktiebolag,556443-9387,,,,,,,,
,Riksinredningar Service AB,556448-0332,,,,,,,,
,Stanreb Konsult Aktiebolag,556462-8609,,,,,,,,
,C H Carlsson Blomstergrossisten Aktiebolag,556489-2965,,,,,,,,
,Niklas Rudstam i Jönköping AB,556481-5065,,,,,,,,
mitutoyo.se,R Företagsuppgifter Allmänna villkor REACh Returer Följ oss Mitutoyo Scandinavia AB,556210-1138,kontakt@mitutoyo.se,+46 8 594 109 50,https://mitutoyo.se,static,no,product_cards,static@https://mitutoyo.se:productCards(3),
,Köksspecialisten i Blekinge Aktiebolag,556215-5951,,,,,,,,
,Toolbox Sweden AB,556489-6164,,,,,,,,
,Hossegor AB,556507-8937,,,,,,,,
,Svenska Juvel Companiet AB,556511-8782,,,,,,,,
,De Luxe Music Försäljnings Aktiebolag,556238-1805,,,,,,,,
,Logistik & distribution i Norden AB,556423-2592,,,,,,,,
,Flavor AB,556507-5628,,,,,,,,
exactibutik.se,,,,,https://exactibutik.se,browser,no,,,Attempted to use detached Frame '54A3795C9D349C503FA670CF06BECBE4'. | method:browser
parafon.com,,,,,https://parafon.com,browser,no,,,Attempted to use detached Frame '54A3795C9D349C503FA670CF06BECBE4'. | method:browser
calwine.se,Calwine AB,,hello@calwine.se,+46 8 511 698 30,https://calwine.se,static,no,,,
,Inkel Tape Aktiebolag,556213-1010,,,,,,,,
,Aktiebolaget Jober Fritid,556478-9393,,,,,,,,
,Velux Svenska Aktiebolag,556221-3305,,,,,,,,
stuvbutiken.com,Stuvbutiken AB,556454-2545,kundservice@stuvbutiken.se,+46 54 18 11 97,https://stuvbutiken.com,static,yes,cart; checkout,static@https://stuvbutiken.com:hasCheckout(urlPath:/checkout) | static@https://stuvbutiken.com:hasCart(uiPhrase) | DECISION@static@https://stuvbutiken.com,
,AQ Trafo AB,556443-9726,,,,,,,,
,Holmegards Kök & Bad & El AB,556444-0518,,,,,,,,
,Bilmagasinet Sisjön Aktiebolag,556446-0995,,,,,,,,
direktoptik.se,,,,,https://direktoptik.se,browser,no,,,Attempted to use detached Frame '54A3795C9D349C503FA670CF06BECBE4'. | method:browser
,Asby Lanthandel Aktiebolag,556464-6858,,,,,,,,
alarm-tjanst.se,,559566-4334,info@alarm-tjanst.se; larry@alarm-tjanst.se,+46 417 783 90; +46 417 187 08; +46 417 187 11,https://alarm-tjanst.se,static,no,,,
,Mörlanda Livs Aktiebolag,556472-0166,,,,,,,,
hemslojdeniostergotland.se,,,,,https://hemslojdeniostergotland.se,browser,no,,,Attempted to use detached Frame '54A3795C9D349C503FA670CF06BECBE4'. | method:browser
,Margareta Svenssons Magasin Aktiebolag,556477-8347,,,,,,,,
klimatbyran.se,KB Klimatbyrån AB,,,,https://klimatbyran.se,static,no,,,
,Trestads Center AB,556363-3329,,,,,,,,
,Fastighets AB Sjösås 93,556210-4629,,,,,,,,
,Säljar'n i Närke Aktiebolag,556489-7600,,,,,,,,
stomp.se,Stomp IT AB,,info@stomp.se,+46 8 564 705 00,https://stomp.se,static,no,,,
,Atenga i Eskilstuna AB,556221-5482,,,,,,,,
,OP System AB,556224-2296,,,,,,,,
,Möbelvaruhuset i Långsele Aktiebolag,556224-2452,,,,,,,,
,Monaeyes AB,556515-7376,,,,,,,,
,CGT Metall Aktiebolag,556244-1385,,,,,,,,
,Energikakan i Kalmar AB,556510-3941,,,,,,,,
,Car Care i Väsby Aktiebolag,556341-5388,,,,,,,,
,Rekomo AB,556347-9343,,,,,,,,
,RasterTech Sverige AB,556440-2336,,,,,,,,
,Fogdö Tryckluft AB,556474-4653,,,,,,,,
michelsensbil.se,Michelsens Bil AB,556225-9142,info@michelsensbil.se,+46 11 106 54; +46 417 281 00; +46 411 297 70,https://michelsensbil.se,static,no,,,
,A.C.M. Askenfors Cable Machinery Aktiebolag,556225-9795,,,,,,,,
,Ankaret i Haverdal Aktiebolag,556233-1040,,,,,,,,
harologi.se,,,,,https://harologi.se,browser,no,,,Attempted to use detached Frame '54A3795C9D349C503FA670CF06BECBE4'. | method:browser
,T & K Såg & Motorservice Aktiebolag,556444-4528,,,,,,,,
,Bratt & Welin Consulting AB,556386-9402,,,,,,,,
,LFGAB Lunna Frukt och Grönt Aktiebolag,556478-7983,,,,,,,,
,BJ Leksaker i Gällivare Aktiebolag,556484-0709,,,,,,,,
,CRUX Klätter och Säkerhetsutrustning Aktiebolag,556490-8662,,,,,,,,
,Kåbe Gruppen Aktiebolag,556406-9903,,,,,,,,
,Hanson & Johnson AB,556492-8348,,,,,,,,
alrp.se,Varusida för ALRP AGENTUR AB,,,,http://alrp.se,static,no,,,
,SILEMA Aktiebolag,556497-6396,,,,,,,,
,AGONA HANDELS Aktiebolag,556415-3095,,,,,,,,
nordiclan.se,,,,,https://nordiclan.se,browser,no,,,Attempted to use detached Frame '54A3795C9D349C503FA670CF06BECBE4'. | method:browser
jaktia.se,,,,,https://jaktia.se,browser,no,,,Attempted to use detached Frame '54A3795C9D349C503FA670CF06BECBE4'. | method:browser
,Vårby Maskin Aktiebolag,556472-4242,,,,,,,,
,D.K Motorsport AB,556357-5959,,,,,,,,
,Glenair Nordic AB,556480-0380,,,,,,,,
rotool.se,,,,,https://rotool.se,browser,no,,,Attempted to use detached Frame '54A3795C9D349C503FA670CF06BECBE4'. | method:browser
,PS bilar i Jönköping AB,556484-3836,,,,,,,,
,Geminor Waste Treatment SWE AB,556499-3854,,,,,,,,
,Foga Försäljningsaktiebolag,556502-9674,,,,,,,,
,Borlänge Hälsokost AB,556503-1613,,,,,,,,
vaxtia.se,,,,,https://vaxtia.se,browser,no,,,Attempted to use detached Frame '54A3795C9D349C503FA670CF06BECBE4'. | method:browser
,Grums Bil & Maskin Aktiebolag,556442-9016,,,,,,,,
ica.se,,556582-1559; 556021-0261,kundservice@ica.se,+46 8 561 500 00; +46 33 47 47 90; +46 33 47 47 94,https://www.ica.se/kontakt,browser,no,,main@https://www.ica.se/:samplingRan(sampled=0),
stemo.se,Stemo AB,,info@stemo.se,+46 370 61 55 00,https://stemo.se,static,no,product_cards,static@https://stemo.se:productCards(3),
manroland.se,,,,,https://manroland.se,browser,no,,,Attempted to use detached Frame '54A3795C9D349C503FA670CF06BECBE4'. | method:browser
,Ripe on top AB,556461-9467,,,,,,,,
,Installationsbyrån Thor Öiestad Service Aktiebolag,556442-6467,,,,,,,,
,Duri Svenska Aktiebolag,556463-8855,,,,,,,,
,HDL Nordic AB,556448-3716,,,,,,,,
,Takad förvaltning och entreprenad AB,556401-1244,,,,,,,,
,Matbutiken Vasastan Aktiebolag,556481-8374,,,,,,,,
,Dalinator Aktiebolag,556473-7277,,,,,,,,
,Cityfiske I Växjö Aktiebolag,556494-1895,,,,,,,,
,scandinavia karizzmatic AB,556463-8186,,,,,,,,
,Syskrinet i Borgholm Aktiebolag,556422-9176,,,,,,,,
,Dahlbergs Bokhandel J Desén Aktiebolag,556481-5941,,,,,,,,
,Nytt & Nött Bildelar Aktiebolag,556497-2270,,,,,,,,
,Ulf Dahlqvist Aktiebolag,556490-2673,,,,,,,,
,Kontorsbilen Aktiebolag,556490-2897,,,,,,,,
,Aktiebolaget Nils Holmberg,556229-0550,,,,,,,,
,Scandinavian Green Energy AB,556498-0315,,,,,,,,
,Ohlssons Basar & Bosättningsaffär AB,556519-1953,,,,,,,,
,Hamngatan 12 i Östersund AB,556483-6996,,,,,,,,
,GVF Good Value Fashion Aktiebolag,556455-1280,,,,,,,,
,Slöinge Trä & Bygg Aktiebolag,556469-8446,,,,,,,,
,Ovansjö Miljö & Hyrfordon AB,556443-1848,,,,,,,,
,AK Inrede Aktiebolag,556454-8088,,,,,,,,
,Mjela - Matbutik Aktiebolag,556488-4657,,,,,,,,
,Clipper Trading Aktiebolag,556387-2117,,,,,,,,
,Svenljunga Handels AB,556392-5337,,,,,,,,
,Aktiebolag Montano,556394-4874,,,,,,,,
,LIMO Inredningar Aktiebolag,556457-3755,,,,,,,,
,INTER-DON Aktiebolag,556412-2520,,,,,,,,
,Sta Maria Water AB,556490-6021,,,,,,,,
,BROVEMA Aktiebolag,556498-0760,,,,,,,,
,Swerox Europe Aktiebolag,556500-4214,,,,,,,,
,Matthuset i Malmö Aktiebolag,556476-3547,,,,,,,,
,Modehuset Annabelle i Kristianstad Aktiebolag,556471-1207,,,,,,,,
,Alingsås Rör Aktiebolag,556476-4131,,,,,,,,
,Ekonomistål Lennart Olsson Aktiebolag,556348-6413,,,,,,,,
,Marin & Fritid i Askersund Aktiebolag,556353-9096,,,,,,,,
weston-expac.se,Weston-Expac AB,,info@weston-expac.se,+46 33 10 04 80,https://weston-expac.se,static,no,,,
,Limedic Aktiebolag,556497-8921,,,,,,,,
specmagroup.com,,,,,https://specmagroup.com,browser,no,,,Attempted to use detached Frame '54A3795C9D349C503FA670CF06BECBE4'. | method:browser
,HSPR AB,556503-3585,,,,,,,,
,Stjärnprodukter Energi och Motor Aktiebolag,556496-4707,,,,,,,,
penselgrossisten.se,,,,,https://penselgrossisten.se,browser,no,,,Attempted to use detached Frame '54A3795C9D349C503FA670CF06BECBE4'. | method:browser
,Paisley Aktiebolag,556510-1796,,,,,,,,
,Bönor & Blad AB,556424-9745,,,,,,,,
,MORNINGSTAR BRANDS AB,556500-2457,,,,,,,,
,CRT Service Aktiebolag,556464-5199,,,,,,,,
,HEFF AB,556466-4034,,,,,,,,
natt.se,Natt & Co Sverige AB,,,+46 1051990,https://natt.se,static,yes,cart; checkout,static@https://natt.se:hasCheckout(urlPath:/checkout) | static@https://natt.se:hasCart(uiPhrase) | DECISION@static@https://natt.se,
,Regale Aktiebolag,556230-1449,,,,,,,,
,Tusen och en Natt Orientaliska Mattor Aktiebolag,556463-9697,,,,,,,,
,Fjällbacka Kvarn Aktiebolag,556464-0646,,,,,,,,
,Flänsen Byggnads Aktiebolag,556487-9582,,,,,,,,
,Elmblads Guld Aktiebolag,556467-1799,,,,,,,,
,Sollenkroka Marina Aktiebolag,556485-7448,,,,,,,,
,Bags & Beads Sweden AB,556410-3330,,,,,,,,
,Borocon Aktiebolag,556505-6792,,,,,,,,
,Gerisale Aktiebolag,556492-3737,,,,,,,,
,Privlab AB,556472-6445,,,,,,,,
,Habo Järn & Bygg Aktiebolag,556487-0664,,,,,,,,
,ACORE Säljkompani Aktiebolag,556480-4291,,,,,,,,
kristianstad-textil.se,,,,,https://kristianstad-textil.se,browser,no,,,Attempted to use detached Frame '54A3795C9D349C503FA670CF06BECBE4'. | method:browser
ostergarntryffel.se,,,,,https://ostergarntryffel.se,browser,no,,,Attempted to use detached Frame '54A3795C9D349C503FA670CF06BECBE4'. | method:browser
,Bederoff Consulting AB,556232-7444,,,,,,,,
,Xpose Stockholm AB,556499-8739,,,,,,,,
,Skånsjö Konsult Aktiebolag,556430-1397,,,,,,,,
,TENDO Sverige Aktiebolag,556473-3060,,,,,,,,
,ZEHNDER GROUP NORDIC AB,556471-0704,,,,,,,,
,Vardus i Tierp AB,556480-7302,,,,,,,,
starway.se,,,,,https://starway.se,browser,no,,,Attempted to use detached Frame '54A3795C9D349C503FA670CF06BECBE4'. | method:browser
datek.se,,,,,https://datek.se,browser,no,,,Attempted to use detached Frame '54A3795C9D349C503FA670CF06BECBE4'. | method:browser
,Mercor AB,556495-0086,,,,,,,,
,SWEAB Elteknik Aktiebolag,556491-0809,,,,,,,,
,B.O.S. Sweden Aktiebolag,556219-6062,,,,,,,,
,Johanssons Mekaniska Eftr Hed AB,556491-1617,,,,,,,,
,L. Carlander & Co Aktiebolag,556226-0678,,,,,,,,
,Din Hälsobutik Vitaminen i Karlstad Aktiebolag,556514-3863,,,,,,,,
,Ell-Be Livs AB,556510-7066,,,,,,,,
,Blombutiken i Sunne Aktiebolag,556465-0165,,,,,,,,
,Swedemount Sportswear & Fashion AB,556437-2521,,,,,,,,
,Gunnar Nilsson Maskin Aktiebolag,556210-7259,,,,,,,,
,SFA Sverige AB,556219-3051,,,,,,,,
,Nordic Commodity Exchange Aktiebolag,556457-8119,,,,,,,,
,Import&Investering Sweden AB,556380-8111,,,,,,,,
,Bromölla Trävaror Fastighets AB,556473-0843,,,,,,,,
,GMI Commodities AB,556493-0245,,,,,,,,
,Västerviks Krossprodukter Aktiebolag,556471-3245,,,,,,,,
,Alfanet Com AB,556492-4214,,,,,,,,
,Svenska Labex AB,556476-4990,,,,,,,,
,Scan Scaff AB,556503-7040,,,,,,,,
,Svetskompaniet i Kinna Aktiebolag,556222-8188,,,,,,,,
,Tomten Sverige AB,556506-4911,,,,,,,,
,Progentum AB,556512-5001,,,,,,,,
,Bebeco Sweden Aktiebolag,556242-8507,,,,,,,,
,Japell Aktiebolag,556484-5062,,,,,,,,
,Euro Office Scandinavia AB,556461-9616,,,,,,,,
,Nye Service Aktiebolag,556467-1559,,,,,,,,
,Teve Kraft AB,556441-0420,,,,,,,,
alltiskrot.se,,,,,https://alltiskrot.se,browser,no,,,Attempted to use detached Frame '54A3795C9D349C503FA670CF06BECBE4'. | method:browser
,Easy Asia Trading Aktiebolag,556447-9383,,,,,,,,
,Containerhandel CARU AB,556480-0596,,,,,,,,
,Naty AB,556487-2223,,,,,,,,
,Marcus C Johansson AB,556457-9943,,,,,,,,
,Leif Perssons Oljor & Smörjmedel i Tomelilla AB,556448-7691,,,,,,,,
,Svegs Bensin och Livs AB,556479-1498,,,,,,,,
,Kränku Te & Kaffe Aktiebolag,556455-4474,,,,,,,,
,TIMARCO SWEDEN Aktiebolag,556401-7464,,,,,,,,
facebook.com,,,dev7561@gmail.com; kundansvarig@studioexpress.se,,https://www.facebook.com/kundtjanst,browser,yes,checkout_provider; checkout; provider:adyen,main@https://www.facebook.com/:samplingRan(sampled=0) | contact_like@https://www.meta.com/en-gb/about/?utm_source=about.facebook.com&utm_medium=redirect:hasCheckout(urlPath:/order) | contact_like@https://www.meta.com/en-gb/about/?utm_source=about.facebook.com&utm_medium=redirect:providers(adyen) | DECISION@contact_like@https://www.meta.com/en-gb/about/?utm_source=about.facebook.com&utm_medium=redirect,
,Offerbackens Service Aktiebolag,556467-6079,,,,,,,,
,KIAR Holding Aktiebolag,556490-7060,,,,,,,,
,Everdea AB,556476-6466,,,,,,,,
,Kährs AB,556464-0109,,,,,,,,
jjgruppen.se,JJ Gruppen,556487-5705,info@jjgruppen.se,,https://jjgruppen.se,static,no,product_cards,static@https://jjgruppen.se:productCards(33),
lindrooshalsa.se,,,,,https://lindrooshalsa.se,browser,no,,,Attempted to use detached Frame '54A3795C9D349C503FA670CF06BECBE4'. | method:browser
,Welltech System Aktiebolag,556352-2472,,,,,,,,
,SIH International Aktiebolag,556474-7136,,,,,,,,
tibrobyggvaror.se,,,,,https://tibrobyggvaror.se,browser,no,,,Attempted to use detached Frame '54A3795C9D349C503FA670CF06BECBE4'. | method:browser
,Safetron AB,556477-8412,,,,,,,,
,Kakelpalatzet i Mölndal Aktiebolag,556362-0920,,,,,,,,
,Gateway Security Sweden AB,556480-7641,,,,,,,,
,Semex Sweden Aktiebolag,556495-8063,,,,,,,,
,SmartBaby AB,556211-5120,,,,,,,,
,Owe Persson Textil och Konsult Aktiebolag,556488-3600,,,,,,,,
,Tony Vahlquist Livs Aktiebolag,556488-5043,,,,,,,,
,Motorcity i Järpen Aktiebolag,556222-8592,,,,,,,,
,Ludvigsson Skälderviken AB,556493-7208,,,,,,,,
hasslers.se,Hässlers,556229-5906,info-se@hasslers.se,+46 8 447 30 00,https://hasslers.se,static,no,,,
,Midpoint Scandinavia AB,556239-0822,,,,,,,,
,Powell Förvaltning AB,556518-9114,,,,,,,,
,Samsonite Aktiebolag,556425-5510,,,,,,,,
,OL 52 AB,556520-1661,,,,,,,,
,Vansbro Radio & TV Aktiebolag,556460-4253,,,,,,,,
,Lööfs Gasol Aktiebolag,556437-4147,,,,,,,,
,A & E Livs Aktiebolag,556467-3845,,,,,,,,
jeab.se,,,,,https://jeab.se,browser,no,,,Attempted to use detached Frame '54A3795C9D349C503FA670CF06BECBE4'. | method:browser
,PS Optik AB,556450-9809,,,,,,,,
,Fineline Nordic AB,556487-2496,,,,,,,,
,Vänerved Aktiebolag,556227-3978,,,,,,,,
,France Primeur Aktiebolag,556471-6826,,,,,,,,
,Jörlandaboden Aktiebolag,556473-1221,,,,,,,,
,L.Å. Jonssons Bil i Malung Aktiebolag,556468-2879,,,,,,,,
,Solna Hus Sollentuna AB,556475-2532,,,,,,,,
,Metallfilter i Göteborg Aktiebolag,556485-0864,,,,,,,,
,Rättviks Slöjd Aktiebolag,556401-8579,,,,,,,,
,Alsätra Gårdssnickeri Aktiebolag,556478-7413,,,,,,,,
,ENGEA Invest Aktiebolag,556498-9365,,,,,,,,
,Hedbergs Kläder AB,556493-4445,,,,,,,,
,Cardells Bensinservice Aktiebolag,556352-5426,,,,,,,,
,Pernini Invest AB,556474-9009,,,,,,,,
guldsilverdesign.se,,,,,https://guldsilverdesign.se,browser,no,,,Attempted to use detached Frame '54A3795C9D349C503FA670CF06BECBE4'. | method:browser
,SUNDIN FÖRSÄLJNING OCH KONSULT AB,556496-3386,,,,,,,,
,Thermo Packing System i Lanna AB,556488-6413,,,,,,,,
,Carma AIR Aktiebolag,556503-7958,,,,,,,,
,Björkhallen i Björklinge Aktiebolag,556514-6395,,,,,,,,
,5 Continents Trading & Consulting AB,556517-5956,,,,,,,,
bilborsen.com,,,,,https://bilborsen.com,browser,no,,,Attempted to use detached Frame '54A3795C9D349C503FA670CF06BECBE4'. | method:browser
,Anderssons Drycker AB,556495-9749,,,,,,,,
,Bilcenter i Hallsberg AB,556463-0506,,,,,,,,
shop.bovikmarin.se,,,,,https://shop.bovikmarin.se,browser,no,,,Attempted to use detached Frame '54A3795C9D349C503FA670CF06BECBE4'. | method:browser
,Wida Bil Aktiebolag,556211-3828,,,,,,,,
,Compliq IT Aktiebolag,556451-0021,,,,,,,,
,ELMATEX Aktiebolag,556480-3814,,,,,,,,
,Scandinavian Performance Aktiebolag,556227-4471,,,,,,,,
,Duschbyggarna T & C Ljungqvist AB,556227-6476,,,,,,,,
autoexperten.se,,,kundservice@autoexperten.se,+46 8 92 33 34,https://www.autoexperten.se/kundservice/,browser,yes,checkout_provider; product_cards; checkout; provider:stripe,main@https://www.autoexperten.se/:providers(stripe) | main@https://www.autoexperten.se/:productCards(10) | main@https://www.autoexperten.se/:samplingRan(sampled=0) | internal@https://www.autoexperten.se/bilverkstad/:hasCheckout(uiPhrase) | internal@https://www.autoexperten.se/bilverkstad/:providers(stripe) | internal@https://www.autoexperten.se/bilverkstad/:productCards(14) | DECISION@internal@https://www.autoexperten.se/bilverkstad/ | contact_like@https://www.autoexperten.se/avtalskund/serviceavtal/:providers(stripe) | contact_like@https://www.autoexperten.se/avtalskund/serviceavtal/:productCards(4) | contact_like@https://www.autoexperten.se/kundservice/:hasCheckout(uiPhrase) | contact_like@https://www.autoexperten.se/kundservice/:providers(stripe) | contact_like@https://www.autoexperten.se/kundservice/:productCards(4) | DECISION@contact_like@https://www.autoexperten.se/kundservice/,
,Kosal Förvaltning AB,556456-4499,,,,,,,,
,J. T. Invest Aktiebolag,556408-6618,,,,,,,,
,Antonica Aktiebolag,556411-1978,,,,,,,,
,Degerbyns Handel Aktiebolag,556412-8733,,,,,,,,
,Swedtone Aktiebolag,556476-9007,,,,,,,,
,Domsjövägens Livs Aktiebolag,556495-5010,,,,,,,,
,Martin Jämtlid Aktiebolag,556491-7655,,,,,,,,
,Trans-Redo Consult AB,556477-4676,,,,,,,,
,Bluhme Sjukvård AB,556473-2617,,,,,,,,
,PAA i Hammarö AB,556483-7275,,,,,,,,
,est mika:timing AB,556496-3550,,,,,,,,
stallshopen.se,,,,,https://stallshopen.se,browser,no,,,Attempted to use detached Frame '54A3795C9D349C503FA670CF06BECBE4'. | method:browser
fladenfishing.se,Fladen Fishing AB,,,,https://fladenfishing.se,static,yes,checkout_provider; cart; checkout; product_cards; provider:shopify,static@https://fladenfishing.se:hasCheckout(uiPhrase) | static@https://fladenfishing.se:hasCart(urlPath:/cart) | static@https://fladenfishing.se:providers(shopify) | static@https://fladenfishing.se:productCards(40) | DECISION@static@https://fladenfishing.se,
,Torgbacken 18 AB,556464-9472,,,,,,,,
,CB Future AB,556494-8304,,,,,,,,
,Golden Viking Aktiebolag,556467-4207,,,,,,,,
,TV-Spel Huset i Malmö Aktiebolag,556495-4328,,,,,,,,
,J:son Handels Aktiebolag,556224-7998,,,,,,,,
top-speed.se,,,,,https://top-speed.se,browser,no,,,Attempted to use detached Frame '54A3795C9D349C503FA670CF06BECBE4'. | method:browser
,Inter i Lidingö AB,556479-5507,,,,,,,,
,Ba Konstgjuteri AB,556456-4986,,,,,,,,
,Michael och Anette Carlsson Audio Aktiebolag,556477-4593,,,,,,,,
,Fourtex Trading AB,556484-5633,,,,,,,,
,Kolmårdens Byggtjänst AB,556493-6820,,,,,,,,
,Livsbröderna Aktiebolag,556472-6809,,,,,,,,
,Rydéns Service-center Aktiebolag,556418-7994,,,,,,,,
,Alupack Aktiebolag,556480-8136,,,,,,,,
,Ugerups Maskin AB,556478-2224,,,,,,,,
,VerktygsMännen i Stockholm Aktiebolag,556480-9340,,,,,,,,
,Fiskekompaniet i Karlstad AB,556215-0614,,,,,,,,
,PA Nordén o Co AB,556500-5310,,,,,,,,
,Brukets Färg AB,556507-2252,,,,,,,,
gavle.4sign.se,,,,,https://gavle.4sign.se,browser,no,,,Attempted to use detached Frame '54A3795C9D349C503FA670CF06BECBE4'. | method:browser
,Vretmaskin AB,556427-7712,,,,,,,,
,Haninge Project AB,556342-6658,,,,,,,,
nordcell.se,Nordcell & Co AB,556475-0874,markets@nordcell.se,+46 8 662 33 65,https://nordcell.se,static,no,,,
,Fladen Store AB,556468-5203,,,,,,,,
idemode.se,,,,,https://idemode.se,browser,no,,,Attempted to use detached Frame '54A3795C9D349C503FA670CF06BECBE4'. | method:browser
,Tibidao Aktiebolag,556470-6132,,,,,,,,
,Photo Play Stockholm AB,556397-5696,,,,,,,,
,Meiser Sweden AB,556402-2506,,,,,,,,
,Aktiebolaget Lättro Stockholm,556462-5738,,,,,,,,
,Ung Drivkraft i Sverige AB,556464-1719,,,,,,,,
,Bengt Krisandersson Aktiebolag,556415-9779,,,,,,,,
,SA Gruppen AB,556419-3927,,,,,,,,
,Olisystem Aktiebolag,556502-9823,,,,,,,,
,Welch Allyn Sverige Aktiebolag,556505-0134,,,,,,,,
,Jochems & Co AB,556480-2147,,,,,,,,
,Sensor Control Nordic AB,556422-7899,,,,,,,,
eriksbergscykel.se,,,,,https://eriksbergscykel.se,browser,no,,,Attempted to use detached Frame '54A3795C9D349C503FA670CF06BECBE4'. | method:browser
,Nydala Film Aktiebolag,556488-9839,,,,,,,,
,Sanjo Gruppen AB,556491-9230,,,,,,,,
,Hydraulikbyrån Internord Aktiebolag,556220-5681,,,,,,,,
,WilleCenter i Stockholm AB,556230-1969,,,,,,,,
lackdepan.se,,,,,https://lackdepan.se,browser,no,,,Attempted to use detached Frame '54A3795C9D349C503FA670CF06BECBE4'. | method:browser
,ROWATOR AB,556504-3113,,,,,,,,
,AB Podab,556494-3487,,,,,,,,
,Solelit AB,556495-2785,,,,,,,,
,Lars-Åke Karlsson Bil & Skrot Aktiebolag,556506-6296,,,,,,,,
torebrings.se,Torebrings Grossist AB,,info@torebrings.se; service@torebrings.se; carina@torebrings.se,+46 380 478 80; +46 380 478 84; +46 380 478 81,https://torebrings.se,static,yes,cart; checkout,static@https://torebrings.se:hasCheckout(uiPhrase) | static@https://torebrings.se:hasCart(uiPhrase) | DECISION@static@https://torebrings.se,
,Woodlund Enterprises AB,556486-8718,,,,,,,,
,Herrljunga Terrazzo design AB,556240-0738,,,,,,,,
,Hanssons Möbler i Ängelholm AB,556494-5540,,,,,,,,
,Tapetmagasinet i Vetlanda Aktiebolag,556487-8584,,,,,,,,
,Texas Trading AB,556512-7445,,,,,,,,
,Seacon Aktiebolag,556500-9908,,,,,,,,
fbgrecycling.se,,,,,https://fbgrecycling.se,browser,no,,,Attempted to use detached Frame '54A3795C9D349C503FA670CF06BECBE4'. | method:browser
,Servis i Ludvika AB,556512-4129,,,,,,,,
,Live out Life Europe AB,556512-7759,,,,,,,,
,Lamor Design Group Aktiebolag,556513-0522,,,,,,,,
,5.58 Consulting AB,556514-8813,,,,,,,,
,Sockerbageriet i Helsingborg AB,556516-5643,,,,,,,,
,MIT AB,556264-6827,,,,,,,,
,ODTAA International AB,556471-7766,,,,,,,,
danofly.se,,,,,https://danofly.se,browser,no,,,Attempted to use detached Frame '54A3795C9D349C503FA670CF06BECBE4'. | method:browser
,Vamlingbolaget Gotland Aktiebolag,556324-9803,,,,,,,,
,Sweden Property & Shares AB,556483-0320,,,,,,,,
,Great Brands AB,556479-8717,,,,,,,,
,Leg Optiker Branning AB,556501-7984,,,,,,,,
,Gold Design Aktiebolag,556238-6218,,,,,,,,
,Karl G Klinga Elhydraulik Aktiebolag,556493-3165,,,,,,,,
,Sportmarket Nordic Retail AB,556496-4657,,,,,,,,
fargbolaget.nu,Färgbolaget i Torshälla AB,,,,https://fargbolaget.nu,static,no,checkout,static@https://fargbolaget.nu:hasCheckout(uiPhrase),
,Ring Bingo Sweden AB,556503-7115,,,,,,,,
,Yggir Marine Aktiebolag,556513-3278,,,,,,,,
,Forankra AB,556258-0679,,,,,,,,
,Imago Maskin Aktiebolag,556263-2926,,,,,,,,
,Lars Åke Åkerström Aktiebolag,556265-1918,,,,,,,,
,Nulan Export AB,556507-0710,,,,,,,,
,Månsson & Sunvén Bilförmedling Aktiebolag,556509-2219,,,,,,,,
,Träringen Aktiebolag,556473-3581,,,,,,,,
ftb.se,,,,,https://ftb.se,browser,no,,,Attempted to use detached Frame '54A3795C9D349C503FA670CF06BECBE4'. | method:browser
nicatornordic.se,Nicator Nordic AB,,livan@telia.com; susannelenajung@gmail.com,+46 70 642 86 27,https://nicatornordic.se,static,no,,,
,Oejbro Engros AB,556487-4211,,,,,,,,
,VENSO EcoSolutions AB,556460-4527,,,,,,,,
,Lempi Juuso Konfektion Aktiebolag,556477-2670,,,,,,,,
itsdesign.se,Linfalk AB,,kontakt@itsdesign.se,+46 40 02 03 09; +46 13 10 10 05,https://itsdesign.se,static,yes,checkout_provider; cart; checkout; product_cards; priced_cards; provider:klarna,static@https://itsdesign.se:hasCheckout(urlPath:/checkout) | static@https://itsdesign.se:hasCart(uiPhrase) | static@https://itsdesign.se:pricedCards(multiPrices) | static@https://itsdesign.se:providers(klarna) | static@https://itsdesign.se:productCards(125) | DECISION@static@https://itsdesign.se,
isocomponenter.se,,,,,https://isocomponenter.se,browser,no,,,Attempted to use detached Frame '54A3795C9D349C503FA670CF06BECBE4'. | method:browser
,Xerox Financial Services Sverige AB,556490-9462,,,,,,,,
,E. Södergren Livs AB,556499-0728,,,,,,,,
,WOXTUNE AB,556499-3649,,,,,,,,
,Tyst Lekmiljö i Strängnäs AB,556509-7788,,,,,,,,
,Björkelund Fastigheter AB,556499-3904,,,,,,,,
,KRUSO Aktiebolag,556500-4081,,,,,,,,
fargbolagetboras.se,,,,,https://fargbolagetboras.se,browser,no,,,Attempted to use detached Frame '54A3795C9D349C503FA670CF06BECBE4'. | method:browser
,Stockholm City Kött och Fisk AB,556517-1534,,,,,,,,
,DigitalBlue Sweden AB,556497-6982,,,,,,,,
coloramakalmar.se,,,,,https://coloramakalmar.se,browser,no,,,Attempted to use detached Frame '54A3795C9D349C503FA670CF06BECBE4'. | method:browser
,Nordisk Processteknik NPT AB,556513-5349,,,,,,,,
,Servwell AB,556514-2667,,,,,,,,
,Fyrklövern Scandinavia AB,556529-6737,,,,,,,,
,Söderberg Kassar o Påsar Aktiebolag,556482-2848,,,,,,,,
,Möblia Trading AB,556489-5331,,,,,,,,
naxosdirect.se,,,,,https://naxosdirect.se,browser,no,,,Attempted to use detached Frame '54A3795C9D349C503FA670CF06BECBE4'. | method:browser
,Rönnquist & Co Aktiebolag,556487-2058,,,,,,,,
,Framnäs Bygg- och Förvaltning AB,556491-1666,,,,,,,,
clubshop.se,,,,,https://clubshop.se,browser,no,,,Attempted to use detached Frame '54A3795C9D349C503FA670CF06BECBE4'. | method:browser
,Bergs Restaurang AB,556503-3148,,,,,,,,
,Karamello Sverige Aktiebolag,556495-6133,,,,,,,,
,1space AB,556503-9343,,,,,,,,
,AB Dogman,556493-9519,,,,,,,,
direkten.se,,,info@direkten.se; baronen@direkten.se; annedal@direkten.se,,https://direkten.se/om-oss,browser,no,,main@https://direkten.se/:samplingRan(sampled=0),
,Bångbro Strip Steel AB,556501-2696,,,,,,,,
lastpall.com,,,,,https://lastpall.com,browser,no,,,Attempted to use detached Frame '54A3795C9D349C503FA670CF06BECBE4'. | method:browser
,GST LOG AB,556258-8409,,,,,,,,
,HTB Invest Aktiebolag,556262-2364,,,,,,,,
,Scandinavian Night Vision Aktiebolag,556263-5499,,,,,,,,
,MARME AB,556530-2964,,,,,,,,
seochsynas.se,,,,,https://seochsynas.se,browser,no,,,Attempted to use detached Frame '54A3795C9D349C503FA670CF06BECBE4'. | method:browser
,World Wide Wheel BLE AB,556519-5897,,,,,,,,
,LAN-System i Norrköping AB,556520-9268,,,,,,,,
lovasantik.se,,,,,https://lovasantik.se,browser,no,,,Attempted to use detached Frame '54A3795C9D349C503FA670CF06BECBE4'. | method:browser
,Lester AB,556482-8365,,,,,,,,
,Lab Vision Aktiebolag,556487-2884,,,,,,,,
,Sveeri Invest AB,556489-6065,,,,,,,,
,SWEED Björn Höjrup Aktiebolag,556468-0147,,,,,,,,
,Adapt Comfort Aktiebolag,556475-0957,,,,,,,,
,Evo Invest AB,556494-5268,,,,,,,,
,Letec Aktiebolag,556473-6923,,,,,,,,
,Wärtsilä Voyage Sweden AB,556489-2866,,,,,,,,
,TME Export AB,556484-0329,,,,,,,,
,Färgkompaniet i THN AB,556481-9067,,,,,,,,
,Lixart Aktiebolag,556490-6179,,,,,,,,
,PROTOMA Professional Technology of Maintenance Aktiebolag,556494-7231,,,,,,,,
,Konditori Stjärnan AB,556248-1910,,,,,,,,
,Presentationsdata Försäljning i Sverige AB,556506-1586,,,,,,,,
,Mingla Woman i Finspång AB,556507-7814,,,,,,,,
,Ink Label Group AB,556515-7947,,,,,,,,
,Magasinet i Romberga AB,556516-2574,,,,,,,,
,Mias Färg & Miljö AB,556516-5452,,,,,,,,
batterigrossisten.com,,,,,https://batterigrossisten.com,browser,no,,,Attempted to use detached Frame '54A3795C9D349C503FA670CF06BECBE4'. | method:browser
,Nobelius Elektronik o Data Aktiebolag,556517-5071,,,,,,,,
,Antikvariat Bibliomanen Aktiebolag,556265-3286,,,,,,,,
,Koaro Aktiebolag,556472-0570,,,,,,,,
,JB Recycling Aktiebolag,556477-6044,,,,,,,,
,Ögon-Center Karlstad Aktiebolag,556480-1560,,,,,,,,
,EVA MARIE PÄLS Aktiebolag,556460-9138,,,,,,,,
,JH InfoTech Aktiebolag,556494-7413,,,,,,,,
,FiFo Traktordelar Aktiebolag,556491-4025,,,,,,,,
,Dotetorps Ägg Aktiebolag,556491-4298,,,,,,,,
,Maskinaktiebolaget XML i Kil,556478-3966,,,,,,,,
,Motorcity Sydsvenska Aktiebolag,556492-6433,,,,,,,,
,Shepherd of Sweden AB,556236-2508,,,,,,,,
,LUMITECH Belysning AB,556242-3656,,,,,,,,
,Blåkullen E o F AB,556505-0407,,,,,,,,
,Safetech IPS Aktiebolag,556492-5195,,,,,,,,
,Specialistbygg Max G. AB,556501-9295,,,,,,,,
,Micke Malmberg Konsult Aktiebolag,556255-0789,,,,,,,,
,GREDAB Ventilation AB,556499-8556,,,,,,,,
,Skigo AB,556518-9379,,,,,,,,
,Baltring Aktiebolag,556497-9739,,,,,,,,
,Azlan Scandinavia Aktiebolag,556514-7559,,,,,,,,
,Severins Möbler i Jönköping Aktiebolag,556260-5914,,,,,,,,
,IdéKompaniet Redving & Karlqvist Aktiebolag,556518-8462,,,,,,,,
,T-Tech Scandinavia AB,556520-7544,,,,,,,,
,Reinhed Livs Aktiebolag,556521-4219,,,,,,,,
,Kandy'z AB,556509-3902,,,,,,,,
,Noble Art AB,556522-4150,,,,,,,,
,MatTeam L Johansson AB,556521-8434,,,,,,,,
,Multico Europe Aktiebolag,556487-9319,,,,,,,,
,Sigva AB,556484-7290,,,,,,,,
,Xcaret Invest AB,556471-1173,,,,,,,,
,Hörnefors Vägkrog & Trafikbutik AB,556472-4929,,,,,,,,
,Wimex Trade Aktiebolag,556494-7926,,,,,,,,
,Eliasson Music Production Aktiebolag,556478-6357,,,,,,,,
,T-Tech Aktiebolag,556484-3828,,,,,,,,
,GMTT i Skellefteå AB,556497-6842,,,,,,,,
,Karl Lindholm Invest Aktiebolag,556494-8510,,,,,,,,
,Annell Holding AB,556490-0214,,,,,,,,
,Getinge Sverige Aktiebolag,556509-9511,,,,,,,,
,Giveto Reklamartiklar AB,556249-9995,,,,,,,,
,Bageriprodukter Stockholm Aktiebolag,556255-2314,,,,,,,,
,Pastellen Aktiebolag,556264-2925,,,,,,,,
,Wash A Car Skåne AB,556521-9911,,,,,,,,
,Cassels i Kungsbacka AB,556512-5670,,,,,,,,
,Aneby Livs Aktiebolag,556269-6327,,,,,,,,
,Mattshopen Lars Bruhno Aktiebolag,556472-3715,,,,,,,,
elit.se,Elit Instrument AB,,order@elit.se,+46 8 92 08 30,https://elit.se,static,no,checkout_provider; product_cards; provider:woocommerce,static@https://elit.se:providers(woocommerce) | static@https://elit.se:productCards(9),
,Nordisk Bageriteknik Aktiebolag,556478-0103,,,,,,,,
,Älvsjöhallen Aktiebolag,556492-3935,,,,,,,,
,Wermlandsmöbler Aktiebolag,556484-8504,,,,,,,,
,Lindahls Bageri Ingelsta Aktiebolag,556480-5090,,,,,,,,
,Brovi Aktiebolag,556472-6353,,,,,,,,
,T C Whitmore Aktiebolag,556476-6151,,,,,,,,
,Köp och Sälj Mariefred AB,556482-1675,,,,,,,,
,Data & Media Trading Syd ost Aktiebolag,556491-8687,,,,,,,,
,Tore Nilssons Maskin & Fastighet Aktiebolag,556501-5590,,,,,,,,
,Färghörnan Huskvarna Aktiebolag,556496-5001,,,,,,,,
,Tollco Aktiebolag,556499-9620,,,,,,,,
,TAVESTA Fastigheter Aktiebolag,556506-0323,,,,,,,,
,Richard Svensson Agenturer AB,556509-2805,,,,,,,,
,All Reason Aktiebolag,556512-9508,,,,,,,,
,Sörbyhallen AB,556518-9148,,,,,,,,
,Inredningshuset i Östersund AB,556522-2584,,,,,,,,
,GPS Marinkonsult Aktiebolag,556510-4303,,,,,,,,
,Uni-Trade i Falkenberg Aktiebolag,556523-6899,,,,,,,,
,Gadelius Europe Aktiebolag,556531-2054,,,,,,,,
,Warolins Maskin Aktiebolag,556500-6938,,,,,,,,
,Maskin Innovatörerna i Carlshamn AB,556323-2916,,,,,,,,
,Myshkin Aktiebolag,556482-8241,,,,,,,,
,Waters Sverige Aktiebolag,556485-5657,,,,,,,,
hollvikencykel.se,,,,,https://hollvikencykel.se,browser,no,,,Attempted to use detached Frame '54A3795C9D349C503FA670CF06BECBE4'. | method:browser
,Hemtextil vid Nissan Aktiebolag,556489-9309,,,,,,,,
mobelmastarna.se,,,,,https://mobelmastarna.se,browser,no,,,Attempted to use detached Frame '54A3795C9D349C503FA670CF06BECBE4'. | method:browser
,Tor-Center AB,556493-3322,,,,,,,,
,Scandinox Group AB,556495-9814,,,,,,,,
,Alex Finans Aktiebolag,556481-4225,,,,,,,,
,Storgärdets Fastighets AB,556492-7563,,,,,,,,
,Korgcenter AB,556497-6016,,,,,,,,
,City Maritime Butiks Aktiebolag,556496-6348,,,,,,,,
,Aroma Creative i Linköping Aktiebolag,556503-5168,,,,,,,,
,J A Management Aktiebolag,556509-0353,,,,,,,,
,Dala Gospelcenter AB,556513-6248,,,,,,,,
,Sandlunds Musik Aktiebolag,556509-5758,,,,,,,,
,Jan Manthey Livs Aktiebolag,556511-8105,,,,,,,,
,Airstop AB,556518-9502,,,,,,,,
,Aktiebolaget Robert Haglund Eftr Textil Inredningar,556270-4808,,,,,,,,
,Artic Sound Aktiebolag,556513-1348,,,,,,,,
,Imip AB,556517-5170,,,,,,,,
,Makaha Trading & Consulting AB,556321-4757,,,,,,,,
,Johan Högberg Holding AB,556476-1517,,,,,,,,
,Auktionsfirman Lloyd Eriksson i Virserum Aktiebolag,556476-3000,,,,,,,,
,KEFLY Enterprise Aktiebolag,556480-4234,,,,,,,,
,Lås & Larmspecialisten AT Aktiebolag,556482-9033,,,,,,,,
,Propump Aktiebolag,556493-2860,,,,,,,,
,Össur Nordic AB,556483-4173,,,,,,,,
,McCain Foods Sweden Aktiebolag,556469-4122,,,,,,,,
,Gamleby Recycling AB,556493-3538,,,,,,,,
,Kvibergs Marknad Aktiebolag,556483-2508,,,,,,,,
,Roslagsstoppet Handel AB,556509-0940,,,,,,,,
,X-Traköp i Jönköping AB,556493-0450,,,,,,,,
,Ulvängen Holding Aktiebolag,556241-7856,,,,,,,,
,Bjärreds Livs Aktiebolag,556492-6086,,,,,,,,
,Hi-Lo Electronics AB,556499-1510,,,,,,,,
,Nordic Wonder AB,556266-1032,,,,,,,,
,Privitera Holding AB,556511-8147,,,,,,,,
,Ellinors Blomsterstuga AB,556523-8200,,,,,,,,
,Kontor Ett brm Aktiebolag,556504-6462,,,,,,,,
,Almö Livs Tjörn Aktiebolag,556311-1243,,,,,,,,
,Sandstens Fiskhandel Aktiebolag,556313-4567,,,,,,,,
,Båstad Förpackning AB,556474-4810,,,,,,,,
,Bell Promotion Aktiebolag,556468-4164,,,,,,,,
,Kontorsspecial Data i Vetlanda Aktiebolag,556468-7209,,,,,,,,
,Nordagentur i Lövånger Aktiebolag,556485-2969,,,,,,,,
,AoR Yttergrens Service AB,556475-6699,,,,,,,,
,RiBo Fastighet AB,556487-2595,,,,,,,,
thorssells.com,,,,,https://thorssells.com,browser,no,,,Attempted to use detached Frame '54A3795C9D349C503FA670CF06BECBE4'. | method:browser
,Fröviskroten Aktiebolag,556480-3376,,,,,,,,
,Skandinaviska Trä och Stålprodukter Aktiebolag,556503-7164,,,,,,,,
,Alingsås Data Konsult Aktiebolag,556507-7970,,,,,,,,
,Dynasty Pacific Aktiebolag,556490-8506,,,,,,,,
,Åkrahallen Aktiebolag,556500-1608,,,,,,,,
,Briljant Ekonomisystem Stockholm Aktiebolag,556511-6885,,,,,,,,
,HITAB - Hans Ireståhl Trading AB,556509-6871,,,,,,,,
,Euro Pacific i Roslagen Aktiebolag,556502-3099,,,,,,,,
,Jonsons Elektriska i Tibro AB,556505-2122,,,,,,,,
venatio.se,Venatio AB,556486-4097,,,https://venatio.se,static,yes,checkout_provider; cart; checkout; provider:shopify,static@https://venatio.se:hasCheckout(uiPhrase) | static@https://venatio.se:hasCart(urlPath:/cart) | static@https://venatio.se:providers(shopify) | DECISION@static@https://venatio.se,
,Madopy Aktiebolag,556485-9055,,,,,,,,
,Aura Light International AB,556491-1088,,,,,,,,
,Sobh Sweden Aktiebolag,556493-4288,,,,,,,,
bjornsfiskeojakt.se,,,,,https://bjornsfiskeojakt.se,browser,no,,,Attempted to use detached Frame '54A3795C9D349C503FA670CF06BECBE4'. | method:browser
,Invaris Aktiebolag,556488-9466,,,,,,,,
,Inge Nilssons Vilthandel Aktiebolag,556260-8439,,,,,,,,
alustep.se,,,,,https://alustep.se,browser,no,,,Attempted to use detached Frame '54A3795C9D349C503FA670CF06BECBE4'. | method:browser
hundakademin.se,,,,,https://hundakademin.se,browser,no,,,Attempted to use detached Frame '54A3795C9D349C503FA670CF06BECBE4'. | method:browser
,Hjemgård & Son Aktiebolag,556498-8318,,,,,,,,
tvattex.se,Tvättex AB,556217-2741,ekonomi@foretag.se,+46 20 81 81 81; +46 31 81 43 00,https://tvattex.se,static,yes,cart; checkout; product_cards,static@https://tvattex.se:hasCheckout(uiPhrase) | static@https://tvattex.se:hasCart(uiPhrase) | static@https://tvattex.se:productCards(26) | DECISION@static@https://tvattex.se,
,Swedpig AB,556276-3028,,,,,,,,
,V8-Shopen Karlstad Aktiebolag,556504-2453,,,,,,,,
,Nordonica AB,556526-7035,,,,,,,,
,Tossmet Aktiebolag,556477-8883,,,,,,,,
,Östholms Industri & Försäljning Aktiebolag,556474-6658,,,,,,,,
,P&B Electronic Aktiebolag,556322-1299,,,,,,,,
,Swecool Aktiebolag,556484-3869,,,,,,,,
,Gippersta Trading AB,556327-7192,,,,,,,,
,Skeppsbron Handelshus i Åhus Aktiebolag,556467-6947,,,,,,,,
,Montana Sweden Aktiebolag,556498-6718,,,,,,,,
,Solfilmsgruppen Norden AB,556501-3504,,,,,,,,
,Fjällbacken Livs AB,556487-2868,,,,,,,,
,Tilab Brandskydd i Tidaholm Aktiebolag,556233-3566,,,,,,,,
ica.se,,556582-1559; 556021-0261,kundservice@ica.se,+46 8 561 500 00; +46 33 47 47 90; +46 33 47 47 94,https://www.ica.se/kontakt,browser,no,,main@https://www.ica.se/:samplingRan(sampled=0),
,Roggentin & Falk Gardiner Aktiebolag,556506-1297,,,,,,,,
,Medicast Aktiebolag,556237-8546,,,,,,,,
windowsdesign.se,,,,,https://windowsdesign.se,browser,no,,,Attempted to use detached Frame '54A3795C9D349C503FA670CF06BECBE4'. | method:browser
,S.M.L Bröderna AB,556508-8969,,,,,,,,
danox.se,,,,,https://danox.se,browser,no,,,Attempted to use detached Frame '54A3795C9D349C503FA670CF06BECBE4'. | method:browser
,Oksebra Trading Aktiebolag,556499-3961,,,,,,,,
,Pro Swede Golf Aktiebolag,556501-8727,,,,,,,,
,TORNAVISTOR AB,556274-8706,,,,,,,,
,Beckerville Music Aktiebolag,556526-5807,,,,,,,,
,Leanda Aktiebolag,556514-4119,,,,,,,,
,La Maison Afrique Fair Trade AB,556526-3232,,,,,,,,
,Detec Kötteknik AB,556527-1151,,,,,,,,
,Berga Maskin Aktiebolag,556504-2784,,,,,,,,
,Nevo Maskin AB,556505-5158,,,,,,,,
,Scandinavian Hub AB,556472-9977,,,,,,,,
,Input interiör Öst Aktiebolag,556319-5030,,,,,,,,
,Stilia Svenska Aktiebolag,556324-5181,,,,,,,,
,Optima International Aktiebolag,556483-9610,,,,,,,,
,Hugo Carlsson Herr i Karlstad Aktiebolag,556483-9735,,,,,,,,
,KaramellLagret i Kristinehamn Aktiebolag,556486-5060,,,,,,,,
,Cronholm & Magnusson Teknik Aktiebolag,556466-8357,,,,,,,,
lrworld.com,,,,,https://lrworld.com,browser,no,,,Attempted to use detached Frame '54A3795C9D349C503FA670CF06BECBE4'. | method:browser
,Ellancé Aktiebolag,556477-1920,,,,,,,,
,Rune Fondells Bil & Maskin AB,556479-0417,,,,,,,,
,Tommy Svahns Livs AB,556500-6839,,,,,,,,
,Balmid Hair AB,556500-9528,,,,,,,,
,Femmans Bygg Eftr Aktiebolag,556503-3338,,,,,,,,
euronics.se,Euronics AB,556153-7340,info@euronics.se,,https://euronics.se,static,no,,,
,Stig Helmer Aktiebolag,556499-8184,,,,,,,,
,SECITS Sweden AB,556524-9546,,,,,,,,
londonw8.se,,,,,https://londonw8.se,browser,no,,,Attempted to use detached Frame '54A3795C9D349C503FA670CF06BECBE4'. | method:browser
,Minivent Aktiebolag,556507-1346,,,,,,,,
s-i-t.se,,,,,https://s-i-t.se,browser,no,,,Attempted to use detached Frame '54A3795C9D349C503FA670CF06BECBE4'. | method:browser
,Dedicated Sweden AB,556509-4538,,,,,,,,
creopack.se,,,,,https://creopack.se,browser,no,,,Attempted to use detached Frame '54A3795C9D349C503FA670CF06BECBE4'. | method:browser
,Harry Hansson Marincentrum Aktiebolag,556322-8047,,,,,,,,
,Oxelösunds Båt & Motor AB,556479-1647,,,,,,,,
,Göranssons Specerier Aktiebolag,556489-1629,,,,,,,,
,Ohlsson & Wahlkvist Service Aktiebolag,556467-0064,,,,,,,,
,Byggjansson Byggservice AB,556467-8398,,,,,,,,
,Abema Group AB,556490-5627,,,,,,,,
bjurkellbil.se,,,,,https://bjurkellbil.se,browser,no,,,Attempted to use detached Frame '54A3795C9D349C503FA670CF06BECBE4'. | method:browser
eftech.se,,,,,https://eftech.se,browser,no,,,Attempted to use detached Frame '54A3795C9D349C503FA670CF06BECBE4'. | method:browser
profilic.eu,,,,,https://profilic.eu,browser,no,,,Attempted to use detached Frame '54A3795C9D349C503FA670CF06BECBE4'. | method:browser
,A-C Johansson i Umeå AB,556496-2412,,,,,,,,
,EGE - Specialsensorer AB,556505-4003,,,,,,,,
,Smink och Perukmakaren Söder AB,556508-1220,,,,,,,,
,Carrier Aktiebolag,556243-9512,,,,,,,,
,XTZ Group Aktiebolag,556504-4947,,,,,,,,
,Bröderna Thörnbergs Livs AB,556502-2042,,,,,,,,
,Färghallen i Hällefors AB,556500-8900,,,,,,,,
,InConX AB,556526-8363,,,,,,,,
gibon.se,,,,,https://gibon.se,browser,no,,,Attempted to use detached Frame '54A3795C9D349C503FA670CF06BECBE4'. | method:browser
,Outlet of Brands Kungsbacka AB,556504-2081,,,,,,,,
facebook.com,,,dev7561@gmail.com; kundansvarig@studioexpress.se,,https://www.facebook.com/kundtjanst,browser,yes,checkout_provider; checkout; provider:adyen,main@https://www.facebook.com/:samplingRan(sampled=0) | contact_like@https://www.meta.com/en-gb/about/?utm_source=about.facebook.com&utm_medium=redirect:hasCheckout(urlPath:/order) | contact_like@https://www.meta.com/en-gb/about/?utm_source=about.facebook.com&utm_medium=redirect:providers(adyen) | DECISION@contact_like@https://www.meta.com/en-gb/about/?utm_source=about.facebook.com&utm_medium=redirect,
,Boutique Drottninggatan 47 i Karlshamn AB,556521-4516,,,,,,,,
,Bestgiftspromo i skandinavien AB,556521-8152,,,,,,,,
,HGL Olje Aktiebolag,556317-3482,,,,,,,,
,Megrinn AB,556231-0556,,,,,,,,
,Kontorsutrustning i Hälsingland Aktiebolag,556483-8109,,,,,,,,
westbergmarin.se,,,,,https://westbergmarin.se,browser,no,,,Attempted to use detached Frame '54A3795C9D349C503FA670CF06BECBE4'. | method:browser
,Chapland International Aktiebolag,556483-6830,,,,,,,,
,Lamplagret i Marieberg Aktiebolag,556501-5863,,,,,,,,
,Aktiebolaget L Olsson & Co,556489-5687,,,,,,,,
lastampa.se,,,,,https://lastampa.se,browser,no,,,Attempted to use detached Frame '54A3795C9D349C503FA670CF06BECBE4'. | method:browser
,Hytorc Power Systems AB,556528-0608,,,,,,,,
,Eurocash Food AB,556503-6141,,,,,,,,
,Industriprodukter i Vingåker Aktiebolag,556505-1751,,,,,,,,
,Johan Bringners Blommor Aktiebolag,556504-3097,,,,,,,,
,CM Integrated Knowledge Aktiebolag,556506-3210,,,,,,,,
,Farmhouse Aktiebolag,556520-2867,,,,,,,,
,Kent Björk AB,556511-1431,,,,,,,,
,Matthallen i Sandared AB,556519-4817,,,,,,,,
,Marinetek Sweden AB,556267-3755,,,,,,,,
,Euroracing i Skandinavien AB,556471-6669,,,,,,,,
,Structab Aktiebolag,556480-4796,,,,,,,,
,Svenska Produkt-Depån Aktiebolag,556480-6890,,,,,,,,
,gasolstationen väst AB,556485-0211,,,,,,,,
,PEGÖ Industriprodukter Aktiebolag,556479-3007,,,,,,,,
,Eco 4 Trade Invest AB,556491-6293,,,,,,,,
,K G S Metall Aktiebolag,556491-9735,,,,,,,,
,S. Linders Agenturer Aktiebolag,556485-6721,,,,,,,,
palltech.se,,,,,https://palltech.se,browser,no,,,Attempted to use detached Frame '54A3795C9D349C503FA670CF06BECBE4'. | method:browser
,Miljökemi Mikab och Limtek AB,556469-8669,,,,,,,,
,Fritid och Vildmarksliv i Norr Aktiebolag,556487-5325,,,,,,,,
,Bionord Biokemi Aktiebolag,556471-0860,,,,,,,,
,Bentino Aktiebolag,556495-5952,,,,,,,,
odisseus.se,,,,,https://odisseus.se,browser,no,,,Attempted to use detached Frame '54A3795C9D349C503FA670CF06BECBE4'. | method:browser
,Växtkompaniet i Sundsvall AB,556589-5017,,,,,,,,
,Arito & Co AB,556613-6718,,,,,,,,
lindhskabokhandeln.se,,,,,https://lindhskabokhandeln.se,browser,no,,,Attempted to use detached Frame '54A3795C9D349C503FA670CF06BECBE4'. | method:browser
,"HEADS, Hair and makeup, T. Gromell AB",556594-9426,,,,,,,,
rodastjarnan.com,,,,,https://rodastjarnan.com,browser,no,,,Attempted to use detached Frame '54A3795C9D349C503FA670CF06BECBE4'. | method:browser
folkpool.se,,,,,https://folkpool.se,browser,no,,,Attempted to use detached Frame '54A3795C9D349C503FA670CF06BECBE4'. | method:browser
ica.se,,556582-1559; 556021-0261,kundservice@ica.se,+46 8 561 500 00; +46 33 47 47 90; +46 33 47 47 94,https://www.ica.se/kontakt,browser,no,,main@https://www.ica.se/:samplingRan(sampled=0),
,Shamou Förvaltning AB,556553-1323,,,,,,,,
,Shöp AB,556553-2438,,,,,,,,
,Göteborgs Brasvärme AB,556557-9181,,,,,,,,
skogstjanst.com,,,,,https://skogstjanst.com,browser,no,,,Attempted to use detached Frame '54A3795C9D349C503FA670CF06BECBE4'. | method:browser
,Jides Byggspar AB,556406-1298,,,,,,,,
,B.K. Bilforum i Stockholm Aktiebolag,556585-1606,,,,,,,,
,Skandistål AB,556566-2771,,,,,,,,
,Diarca AB,556569-1838,,,,,,,,
ipinium.com,,,,,https://ipinium.com,browser,no,,,Attempted to use detached Frame '54A3795C9D349C503FA670CF06BECBE4'. | method:browser
,Old-Rock Records Aktiebolag,556601-5482,,,,,,,,
,Axelsson Marin i Strömstad Aktiebolag,556540-9710,,,,,,,,
,Ove Sandh Ljud & video AB,556572-5081,,,,,,,,
,Cadshop Sweden AB,556587-3725,,,,,,,,
,Ljus & Miljö i Asarum AB,556610-4732,,,,,,,,
,TC Optik i Härnösand Aktiebolag,556590-6392,,,,,,,,
,Lekia online AB,556586-9756,,,,,,,,
,S M Andersson AB,556605-2089,,,,,,,,
,Blomsterhandeln Mats-Ola Andersson AB,556614-6295,,,,,,,,
,Specialaffären Strumpan Lena Sundling Aktiebolag,556435-9114,,,,,,,,
,Scrap Tech Sweden AB,556581-2525,,,,,,,,
,NMH Tool AB,556575-4982,,,,,,,,
,TST Konsult AB,556542-8371,,,,,,,,
,Torget i Löberöd AB,556572-5313,,,,,,,,
,von Platen Modern Form AB,556591-0014,,,,,,,,
,Invest.Era Aktiebolag,556575-8637,,,,,,,,
,Böcker & Blad  i Sverige Aktiebolag,556431-9860,,,,,,,,
,Näckrosen Bokhandel AB,556584-5129,,,,,,,,
,H&K Bildemontering Aktiebolag,556589-6635,,,,,,,,
,SYDSVENSKABIL AB,556607-9280,,,,,,,,
blaklockanludvika.se,,,,,https://blaklockanludvika.se,browser,no,,,Attempted to use detached Frame '54A3795C9D349C503FA670CF06BECBE4'. | method:browser
mcblarssonab.com,,,,,https://mcblarssonab.com,browser,no,,,Attempted to use detached Frame '54A3795C9D349C503FA670CF06BECBE4'. | method:browser
biobagworld.com,,,,,https://biobagworld.com,browser,no,,,Attempted to use detached Frame '54A3795C9D349C503FA670CF06BECBE4'. | method:browser
,De Jounge - Eurenius AB,556611-2529,,,,,,,,
,Gottskärs Mark & Trädgård AB,556382-3441,,,,,,,,
,Naturkällan Norrköping AB,556556-2245,,,,,,,,
,Plus Guld Svecia Aktiebolag,556562-4722,,,,,,,,
,Aktiebolaget Hammarström & Lundberg,556589-8623,,,,,,,,
,Stefansöner AB,556528-7165,,,,,,,,
,Camelot Distribution Aktiebolag,556584-1185,,,,,,,,
,Health and Sports Nutrition Group HSNG AB,556564-4258,,,,,,,,
,LH Plast & Papper AB,556584-2043,,,,,,,,
,Kristianstads Ostförädling AB,556596-3567,,,,,,,,
,Feralco AB,556583-5625,,,,,,,,
,Individual Computer Applications Göteborg AB,556573-8746,,,,,,,,
,B.I Skötbordspecialisten Aktiebolag,556424-6550,,,,,,,,
,Gustavsson 2000 Aktiebolag,556602-6505,,,,,,,,
,Råneå Livs AB,556580-1858,,,,,,,,
,Westcomp AB,556604-3237,,,,,,,,
,Allfixarna Sweden AB,556582-6582,,,,,,,,
,GPS General Plastics Scandinavia AB,556601-8247,,,,,,,,
tiarrow.com,,,,,https://tiarrow.com,browser,no,,,Attempted to use detached Frame '54A3795C9D349C503FA670CF06BECBE4'. | method:browser
,Toolmarket Holding Sweden AB,556609-5898,,,,,,,,
,Mölnlycke Livs AB,556610-6364,,,,,,,,
,Blomstermera i Ronneby Aktiebolag,556595-1364,,,,,,,,
,Adoro AB,556591-8595,,,,,,,,
,Stockholm Pool & Värme AB,556596-7600,,,,,,,,
,Fönstergården Idealfönster AB,556611-5506,,,,,,,,
,Reseda AB,556584-2720,,,,,,,,
,Beslagsgrossisten i Linköping AB,556583-5898,,,,,,,,
,Käglinge Gård AB,556592-9261,,,,,,,,
,Jan-Erik Bergman Reklam AB,556574-9008,,,,,,,,
,J Olofsson Konsult AB,556541-7754,,,,,,,,
,Subaru Nordic AB,556418-8117,,,,,,,,
,HMS Handel AB,556574-8364,,,,,,,,
,Kenbro Trading i Åmotfors AB,556618-0609,,,,,,,,
,Skånegatans Hushållsservice AB,556596-5158,,,,,,,,
,F.S Holding i Malmö AB,556619-1077,,,,,,,,
,Hellberg & Jagebro Livs AB,556572-4498,,,,,,,,
,Kurvans Tyg och Kläder Aktiebolag,556390-2385,,,,,,,,
,Stålbolaget i Osby AB,556395-0095,,,,,,,,
,AB Svensk Skodesign,556578-3213,,,,,,,,
,Forntida Smycken Gotland AB,556580-0173,,,,,,,,
,Dematek Utbildning Aktiebolag,556526-3471,,,,,,,,
,Mattias Sport AB,556582-7135,,,,,,,,
,P.L. Audio Import AB,556592-6200,,,,,,,,
,CPAC Systems AB,556566-2870,,,,,,,,
,Marinforum Hönö Båtvarv AB,556536-4196,,,,,,,,
,Datorspel i Stockholm AB,556600-6408,,,,,,,,
,VedVärme Huset i Roslagen Aktiebolag,556601-6555,,,,,,,,
,Thunell Bil AB,556420-2546,,,,,,,,
,Waterproof Diving International AB,556575-8959,,,,,,,,
,Bilmäklarna Sverige AB,556597-0026,,,,,,,,
,Roviken AB,556602-8873,,,,,,,,
,KCI Medical AB,556598-0694,,,,,,,,
,GF Marin Aktiebolag,556607-9793,,,,,,,,
,Träff Golv och Färg AB,556608-0031,,,,,,,,
,CHM Livs i Bredaryd AB,556587-1786,,,,,,,,
,E T P Kraftelektronik AB,556589-7609,,,,,,,,
,Uterus Försäljnings AB,556607-5320,,,,,,,,
,Micnic Trading AB,556550-7976,,,,,,,,
,Chantelle AB,556606-3250,,,,,,,,
,plumis AB,556597-0984,,,,,,,,
,BINARY ElectroComputer i Örebro Aktiebolag,556556-5412,,,,,,,,
,Anders Bremer Aktiebolag,556400-2862,,,,,,,,
,Erik Lundströms Butik AB,556564-5610,,,,,,,,
,JPS trading AB,556599-0503,,,,,,,,
,Carl och Inga-Lill Degerman C.I.D. Konsult Aktiebolag,556409-0396,,,,,,,,
,Vadstena Biluthyrning AB,556567-1558,,,,,,,,
,Svenska Kondomeriet Original i Linköping AB,556586-4369,,,,,,,,
,Olsängs Potatis AB,556577-9757,,,,,,,,
,Nordstar Produkter AB,556572-7541,,,,,,,,
,Ecolubric AB,556602-3726,,,,,,,,
,Storköksgaranten i Mölnlycke Aktiebolag,556606-8671,,,,,,,,
,Sandqvist Transport AB,556572-5503,,,,,,,,
,Lekhuset i Kiruna AB,556572-6675,,,,,,,,
,Dahlströms Motor AB,556588-7998,,,,,,,,
,NättrabyMacken AB,556538-0549,,,,,,,,
,Bygg Livsrum Skandinavien AB,556573-2509,,,,,,,,
,Remanns Högtidskläder Aktiebolag,556540-5965,,,,,,,,
,Älvsby Spannmål Aktiebolag,556570-3054,,,,,,,,
,AMKA Aktiebolag,556543-6937,,,,,,,,
,Nor Optik Aktiebolag,556607-5569,,,,,,,,
,Lidén Weighing AB,556592-9634,,,,,,,,
,Jimmys Consulting AB,556597-2535,,,,,,,,
,Verifone HYC Sweden AB,556588-3351,,,,,,,,
,Sales & Store Check Sweden AB,556588-9366,,,,,,,,
,Landbys Jakt & Fiskeservice AB,556437-4915,,,,,,,,
,Mokka Konditori & Café i Nyköping AB,556404-2066,,,,,,,,
,Ivarssons Husbilscenter AB,556578-8352,,,,,,,,
,Mack Claessons AB,556582-8018,,,,,,,,
,SP Office Data AB,556410-8933,,,,,,,,
,H2 Solutions Aktiebolag,556592-1714,,,,,,,,
,C. Gustafsson Livs Aktiebolag,556578-0250,,,,,,,,
,Nordic Pack Förpackningar Aktiebolag,556582-0791,,,,,,,,
,HP Bil i Hede AB,556589-0497,,,,,,,,
,Metsä Forest Sverige AB,556594-2991,,,,,,,,
,Mattreklam i Sverige AB,556595-6835,,,,,,,,
,Mekonomen Järfälla AB,556580-2351,,,,,,,,
,REGAL Components Aktiebolag,556438-5655,,,,,,,,
,Upplands Bilfärg Aktiebolag,556438-7735,,,,,,,,
,Bazar i Luleå AB,556576-8461,,,,,,,,
,MAAG Intressenter Stockholm AB,556576-8701,,,,,,,,
,Idala Gård AB,556527-5780,,,,,,,,
,AIFO AB,556567-5286,,,,,,,,
,IronBill Aktiebolag,556592-1920,,,,,,,,
elon.se,Integritetspolicy Elon Group AB,556654-6213; 556857-5525,kundservice@elon.se; gdpr@elon.se,+46 10 220 40 00,https://www.elon.se/kundtjanst/,browser,yes,cart; checkout; product_cards,main@https://www.elon.se/:hasCheckout(urlPath:/checkout) | main@https://www.elon.se/:hasCart(urlPath:/cart) | main@https://www.elon.se/:productCards(148) | DECISION@main@https://www.elon.se/ | contact_like@https://www.elon.se/kundtjanst:hasCheckout(urlPath:/checkout) | contact_like@https://www.elon.se/kundtjanst:hasCart(urlPath:/cart) | DECISION@contact_like@https://www.elon.se/kundtjanst | internal@https://www.elon.se/integritetspolicy:hasCheckout(urlPath:/checkout) | internal@https://www.elon.se/integritetspolicy:hasCart(urlPath:/cart) | DECISION@internal@https://www.elon.se/integritetspolicy,
ica.se,,556582-1559; 556021-0261,kundservice@ica.se,+46 8 561 500 00; +46 33 47 47 90; +46 33 47 47 94,https://www.ica.se/kontakt,browser,no,,main@https://www.ica.se/:samplingRan(sampled=0),
,Upplandsskog Ullbolsta Såg AB,556578-7800,,,,,,,,
,Ellen Yachting AB,556575-6292,,,,,,,,
,Örebro KontorsGruppen AB,556579-5555,,,,,,,,
,Alentec & Orion AB,556597-3871,,,,,,,,
,Västsvenska Fasad & Träförädling Aktiebolag,556605-5603,,,,,,,,
,Avenysko i Skellefteå Aktiebolag,556610-0623,,,,,,,,
,Bilvårdsgruppen i Kallhäll AB,556604-2734,,,,,,,,
,Arken Marinelektronik AB,556588-5554,,,,,,,,
,BM Blå i Stockholm AB,556592-1821,,,,,,,,
,ARJOPI AB,556616-2649,,,,,,,,
,Visage Hudvård & Makeup Aktiebolag,556613-1230,,,,,,,,
,East-West Sweden AB,556601-4253,,,,,,,,
,Möbelcentrum i Falun AB,556571-8144,,,,,,,,
,Hanz Henrikssons i Hovmantorp AB,556532-8118,,,,,,,,
,Wingerlis i Lycksele AB,556588-0126,,,,,,,,
,HM Power AB,556588-6768,,,,,,,,
,Guldsmeden Manuel Aktiebolag,556598-4183,,,,,,,,
,Din Ögontjänare i Vara AB,556541-2573,,,,,,,,
,Interiörbutiken i Wasastan AB,556574-2235,,,,,,,,
,Tälje Tokar Restaurang AB,556546-9581,,,,,,,,
,E&R Alternativpraktik AB,556575-6706,,,,,,,,
,Lilla Hälsokompaniet AB,556576-4247,,,,,,,,
,Stuneks Underkläder i Vimmerby Aktiebolag,556579-5589,,,,,,,,
,ATI Nordic AB,556581-7664,,,,,,,,
,Wahlbeck Fastighets AB,556600-4742,,,,,,,,
,Kost & Hälsa i Anderstorp Aktiebolag,556586-0565,,,,,,,,
,Bilservice i Kylinge AB,556610-2157,,,,,,,,
,MagnetHealth Sweden AB,556612-1884,,,,,,,,
,Blå Huset i Sollentuna Aktiebolag,556608-4579,,,,,,,,
,Vika Café AB,556609-0865,,,,,,,,
,Påhlsons Daylight AB,556593-6290,,,,,,,,
,Furninova Aktiebolag,556434-1773,,,,,,,,
,Contenta Consulting i Kalmar AB,556580-5552,,,,,,,,
,Lisbeth Janson Frukt & Grönt AB,556596-6198,,,,,,,,
,Mickson Företagsreklam Aktiebolag,556552-8295,,,,,,,,
,Grindans Fastigheter AB,556392-0809,,,,,,,,
,Detinu Livs AB,556561-4269,,,,,,,,
,Arteferro Skandinavien Aktiebolag,556580-7590,,,,,,,,
,Lara's Teknik AB,556564-5131,,,,,,,,
,MyVision AB,556579-0655,,,,,,,,
,Ulf Alsing AB,556598-4795,,,,,,,,
,Z & M Food AB,556566-2938,,,,,,,,
,Svart & Witt i Malmö Aktiebolag,556410-0161,,,,,,,,
,Widerberg's Form AB,556591-1723,,,,,,,,
,LIB Luck och InredningsBolaget AB,556572-5909,,,,,,,,
,Knivkompaniet i Stockholm Aktiebolag,556543-3926,,,,,,,,
,Curiosa Neways AB,556597-4580,,,,,,,,
,Vikersvik Teknik AB,556591-2598,,,,,,,,
,CODICO Sweden AB,556595-0705,,,,,,,,
,Optool AB,556585-8098,,,,,,,,
,City Gross Sverige AB,556597-2451,,,,,,,,
,Knut-Pers Radio & TV Aktiebolag,556434-4132,,,,,,,,
,Rydaholms Järnhandel AB,556582-3506,,,,,,,,
,Swea Rör & Stål AB,556549-4241,,,,,,,,
,Hilmar Hedinsson AB,556605-8573,,,,,,,,
,Karlson Hus i Åseda AB,556551-1804,,,,,,,,
,Nordic Mobile Office AB,556549-8192,,,,,,,,
,AutoSund Roslagen AB,556555-0869,,,,,,,,
,Gå och Löpkliniken i Stockholm AB,556561-4574,,,,,,,,
,Strömberg Consulting AB,556578-8741,,,,,,,,
,Himalaya Handels Aktiebolag,556580-8960,,,,,,,,
,Maria af Jochnick Stables AB,556560-3601,,,,,,,,
,Brill & Co AB,556526-7407,,,,,,,,
,Magnus Jeppsson Livs AB,556535-9220,,,,,,,,
,VIKING Life-Saving Equipment Sweden AB,556568-9444,,,,,,,,
,Halmstad Fröhandel AB,556570-0563,,,,,,,,
,Nordisk Lantbruksimport Aktiebolag,556410-0765,,,,,,,,
,Johan Lidby Vinhandel Aktiebolag,556574-3928,,,,,,,,
,Restaurang & Storköksservice i Nyköping AB,556603-0804,,,,,,,,
,Pölsemannen AB,556571-5140,,,,,,,,
,Dpower Sweden AB,556427-0139,,,,,,,,
,Auto-Mobile Sweden AB,556599-8027,,,,,,,,
,Stockholms Floristateljé Aktiebolag,556607-1253,,,,,,,,
,Espetunaskog AB,556594-5721,,,,,,,,
,Köpmanholms Lanthandel & Grill AB,556603-9136,,,,,,,,
,Slangflex AB,556393-2796,,,,,,,,
,A. Bergman Consult AB,556598-5834,,,,,,,,
,Kanevad i Linköping AB,556599-2400,,,,,,,,
,Teko-Nord AB,556408-4936,,,,,,,,
,Caraff Skeppsudden AB,556599-8688,,,,,,,,
,Bizitel AB,556571-6064,,,,,,,,
,Skobolaget i Stenungsund Aktiebolag,556411-3271,,,,,,,,
,Mat mäklarna i stockholm AB,556583-8496,,,,,,,,
eldabutiken.se,Eldabutiken HANTERA COOKIES INTRANÄT LOGIN FÖR BUTIK,,admin@digitalera.se,,https://eldabutiken.se/om-oss,browser,yes,cart; checkout; product_cards; priced_cards,main@https://eldabutiken.se/:hasCheckout(uiPhrase) | main@https://eldabutiken.se/:hasCart(urlPath:/cart) | main@https://eldabutiken.se/:pricedCards(multiPrices) | main@https://eldabutiken.se/:productCards(52) | DECISION@main@https://eldabutiken.se/ | contact_like@https://eldabutiken.se/om-oss/:hasCheckout(uiPhrase) | contact_like@https://eldabutiken.se/om-oss/:hasCart(urlPath:/cart) | contact_like@https://eldabutiken.se/om-oss/:productCards(16) | DECISION@contact_like@https://eldabutiken.se/om-oss/,
,E-son Maskininvest Aktiebolag,556573-9504,,,,,,,,
,Lobomar AB,556575-2572,,,,,,,,
,Amy Walls hem och interiör AB,556594-7990,,,,,,,,
elon.se,Integritetspolicy Elon Group AB,556654-6213; 556857-5525,kundservice@elon.se; gdpr@elon.se,+46 10 220 40 00,https://www.elon.se/kundtjanst/,browser,yes,cart; checkout; product_cards,main@https://www.elon.se/:hasCheckout(urlPath:/checkout) | main@https://www.elon.se/:hasCart(urlPath:/cart) | main@https://www.elon.se/:productCards(148) | DECISION@main@https://www.elon.se/ | contact_like@https://www.elon.se/kundtjanst:hasCheckout(urlPath:/checkout) | contact_like@https://www.elon.se/kundtjanst:hasCart(urlPath:/cart) | DECISION@contact_like@https://www.elon.se/kundtjanst | internal@https://www.elon.se/integritetspolicy:hasCheckout(urlPath:/checkout) | internal@https://www.elon.se/integritetspolicy:hasCart(urlPath:/cart) | DECISION@internal@https://www.elon.se/integritetspolicy,
,Svenska Skydd AB,556605-7732,,,,,,,,
,Sportspec AB,556436-9683,,,,,,,,
,E.T.E sport & konsult AB,556550-8172,,,,,,,,
,Windows System i Göteborg AB,556593-3321,,,,,,,,
,Medartuum AB,556532-9397,,,,,,,,
,T.P.L. Records Aktiebolag,556588-2312,,,,,,,,
,Althallens Färg & Tapeter AB,556569-8411,,,,,,,,
,Water Processing Sweden AB,556603-5720,,,,,,,,
,FESTOOL Sverige AB,556576-5855,,,,,,,,
,Nordiska Träbehandlings Aktiebolaget,556427-1236,,,,,,,,
,Alex Skogsservice AB,556595-2255,,,,,,,,
,LE-AND AB,556613-0430,,,,,,,,
,Agri Syd Center Gross Aktiebolag,556594-8162,,,,,,,,
,Istobal Sverige AB,556610-5895,,,,,,,,
,Balder Verkmästaren 11 AB,556549-4654,,,,,,,,
,Henilith Brolin AB,556595-7635,,,,,,,,
,Vincent Schafflers Husbil och Husvagn AB,556599-9231,,,,,,,,
,Watch International i Norrköping AB,556402-3702,,,,,,,,
,Aprina AB,556582-1906,,,,,,,,
,AB Skövde Brödcentral,556583-7340,,,,,,,,
,Grossen Textil & Mattor No 1 AB,556599-2491,,,,,,,,
,H. Jonsson Livs AB,556589-8557,,,,,,,,
,Må Bra Hälsobutik i Majorna Aktiebolag,556600-8784,,,,,,,,
,Drömpool Entreprenad AB,556420-1936,,,,,,,,
,PAKI Sport & Konsult Aktiebolag,556422-0100,,,,,,,,
,Total Dental i Norrland AB,556572-3243,,,,,,,,
,Falu Partiaffär AB,556598-0611,,,,,,,,
,FerdinandsGas Sverige AB,556578-0540,,,,,,,,
,Ståhl Collection AB,556590-6913,,,,,,,,
,Mullbeck AB,556601-8346,,,,,,,,
,Bluegaz AB,556582-5253,,,,,,,,
,Ringett Byggservice AB,556602-4690,,,,,,,,
,Matbutiken Vasavägen AB,556603-7122,,,,,,,,
,EthiopianBeans AB,556603-8898,,,,,,,,
,FM CC Distribution AB,556592-5988,,,,,,,,
,CBI Invest Aktiebolag,556595-5993,,,,,,,,
,Joakim Stålbrand Livs Aktiebolag,556610-7172,,,,,,,,
,Lillemor Wallde AB,556600-0773,,,,,,,,
,Electryon Communication Products AB,556596-0431,,,,,,,,
,Gretadesign AB,556613-4176,,,,,,,,
,Insula Nordic Aktiebolag,556551-2828,,,,,,,,
,Inovic Golf Aktiebolag,556406-1223,,,,,,,,
,Agnetas Gardiner AB,556562-0217,,,,,,,,
,Erol Aktiebolag,556528-5672,,,,,,,,
,Bär leveransen i Umeå AB,556587-3998,,,,,,,,
,Fiber Accelerator Sweden AB,556596-2007,,,,,,,,
,Tefo Teknik Aktiebolag,556567-6961,,,,,,,,
,Mikatel AB,556584-0138,,,,,,,,
,euroquiPPE AB,556567-7274,,,,,,,,
,Prinsens Sill & Sallader Försäljnings AB,556602-2405,,,,,,,,
,LCT i Lidköping AB,556576-6812,,,,,,,,
,Folaka Interiör Aktiebolag,556577-6829,,,,,,,,
,ETH Frukt & Grönt Aktiebolag,556606-7434,,,,,,,,
,GlasBoden i Visby AB,556586-5309,,,,,,,,
,Skandinaviska Teknik & Smörjsystem AB,556591-9627,,,,,,,,
,Varm Design AB,556417-0396,,,,,,,,
,Sam's VP Service AB,556608-3167,,,,,,,,
,QSS Quality Security System AB,556603-6157,,,,,,,,
,Diversey Sverige AB,556615-2525,,,,,,,,
,Sally i Staffanstorp AB,556608-0411,,,,,,,,
,Ronnie Nilsson Fastighets AB,556598-8846,,,,,,,,
,Teriplast AB,556599-6740,,,,,,,,
,Quicktech Systems AB,556615-2871,,,,,,,,
,Alanders Bilaffär AB,556554-9507,,,,,,,,
,Beautifulknowledge Scandinavia AB,556600-4213,,,,,,,,
,Fundamental IT AB,556575-5922,,,,,,,,
,Hyrsläp i Lund AB,556593-5144,,,,,,,,
,Palmit AB,556602-6562,,,,,,,,
,M & M International Media AB,556597-3772,,,,,,,,
,T-Jarlen AB,556592-2746,,,,,,,,
,Ortivus MobiMed AB,556593-0707,,,,,,,,
,Agaria AB,556403-1689,,,,,,,,
,Tapflo AB,556417-0826,,,,,,,,
,Sälens Antik & Kuriosa AB,556596-9432,,,,,,,,
,Happy & Co AB,556608-1237,,,,,,,,
,IKEA Range Holding AB,556608-1450,,,,,,,,
,Aktiebolag Häggs Livs,556415-6684,,,,,,,,
,Pervolo AB,556618-9857,,,,,,,,
,SpeechCom Systemutveckling AB,556587-9581,,,,,,,,
,Soff & Sängbutiken i Nässjö AB,556622-6261,,,,,,,,
,SBA Stigbjörn Andersson Inredningar AB,556608-4900,,,,,,,,
,Vänge Teknik & Fritid Aktiebolag,556609-7613,,,,,,,,
,Brödservice Gävle AB,556612-0381,,,,,,,,
,Näslund & Jonsson Import AB,556613-6742,,,,,,,,
,GRB Service Byrå AB,556585-9708,,,,,,,,
,Maso Maskiner AB,556595-7197,,,,,,,,
,Berndt Berndtson Agentur Aktiebolag,556593-7389,,,,,,,,
,Allt för vänsterhänta i Sverige AB,556596-4367,,,,,,,,
,Thybergs Livs AB,556606-3318,,,,,,,,
,IGEPA Sweden Invest AB,556594-1613,,,,,,,,
,HK Handskar Aktiebolag,556406-7584,,,,,,,,
,Mats Lööv Aktiebolag,556412-8907,,,,,,,,
,Icoma Aktiebolag,556415-3012,,,,,,,,
,LEROX Form och Förvaring AB,556593-3529,,,,,,,,
,N-vet AB,556605-9985,,,,,,,,
,ClewTech AB,556601-8627,,,,,,,,
,WSB The Beverage Company AB,556597-1024,,,,,,,,
,Tullhuset Fastigheter I Kristinehamn AB,556597-6916,,,,,,,,
,FotoStudio Märsta AB,556618-7091,,,,,,,,
,Amicis AB,556613-4598,,,,,,,,
,Floristen Ole Åberg AB,556614-6535,,,,,,,,
,TG Sport AB,556609-1988,,,,,,,,
,EUROKART Aktiebolag,556428-8628,,,,,,,,
,Hornbach Byggmarknad AB,556613-4853,,,,,,,,
,Vårlunda Aktiebolag,556610-0557,,,,,,,,
,ATRAB Auto Trading AB,556608-5733,,,,,,,,
,Stadspiren AB,556612-0894,,,,,,,,
,Denios AB,556613-7930,,,,,,,,
,Ella & Bea AB,556604-7618,,,,,,,,
,SMS Smart Media Solutions AB,556583-7290,,,,,,,,
,Blomsterhuset Maria AB,556599-2541,,,,,,,,
,TEWIC AB,556601-4444,,,,,,,,
,Andebratts Inredningar AB,556599-7110,,,,,,,,
,Helma Konsult AB,556591-6904,,,,,,,,
,Grenna Guld & Silver Liga Design AB,556592-3983,,,,,,,,
,AutomationsSupport PWS AB,556593-1531,,,,,,,,
,Typ IT AB,556597-1453,,,,,,,,
,Bosan Trading AB,556606-0199,,,,,,,,
,Uni4 Marketing Aktiebolag,556594-6984,,,,,,,,
,Saddler Scandinavia AB,556596-7758,,,,,,,,
,ZIP Trading Overseas AB,556608-2474,,,,,,,,
,Insyn - Anpassningar och Lösningar Sverige AB,556597-7435,,,,,,,,
,Kalibrator AB,556598-1346,,,,,,,,
,AB Carl Lindvall Järn- & Maskinaffär,556610-1894,,,,,,,,
,Wildwheels AB,556623-5643,,,,,,,,
,BEWAY AB,556600-2704,,,,,,,,
,Studex Scandinavia AB,556584-4429,,,,,,,,
,Cirro AB,556592-9667,,,,,,,,
,Norrköpings tobak & konfektyr AB,556586-7099,,,,,,,,
,Ponsa Band AB,556586-7172,,,,,,,,
,Sätra Motorcenter AB,556602-9616,,,,,,,,
,KTR Sverige Aktiebolag,556585-4071,,,,,,,,
,J:son Helsingborg AB,556407-5819,,,,,,,,
,Sjöbergs Konfektion i Karlshamn AB,556600-8206,,,,,,,,
,Thousand Island AB,556602-4757,,,,,,,,
,AV Nordic Hemsat AB,556594-9863,,,,,,,,
,Femtorp AB,556604-9622,,,,,,,,
,Seafari AB,556609-0964,,,,,,,,
,Åkerstedts Bil i Hbg AB,556615-8662,,,,,,,,
,CA Monitor AB,556599-3242,,,,,,,,
,Stigtomta Bensinstation Aktiebolag,556422-5448,,,,,,,,
,Galleri Backlund AB,556602-6026,,,,,,,,
,Linian AB,556600-7935,,,,,,,,
,Spring Node Systems AB,556615-3044,,,,,,,,
,Pro-Tec Sverige AB,556622-7145,,,,,,,,
,MOBRA AB,556586-7800,,,,,,,,
,Borlänge Städteknik AB,556593-2547,,,,,,,,
,Kieninger & Rosén AB,556579-0234,,,,,,,,
,Aktiebolaget Gustav Alexandersson,556598-9711,,,,,,,,
,Scania Delivery Center Aktiebolag,556593-2976,,,,,,,,
,Blochmann & Lantz Livs Aktiebolag,556597-9639,,,,,,,,
,Agri Center Sverige AB,556410-5889,,,,,,,,
,LeaCoch Design Aktiebolag,556417-6773,,,,,,,,
,Anders Ståhl Trading Aktiebolag,556417-8282,,,,,,,,
,NICCO Redovisningsbyrå AB,556421-8419,,,,,,,,
,Svenska Pappersgrossisten AB,556607-6948,,,,,,,,
,Tuna Hästbergs Fastighets Aktiebolag,556421-8955,,,,,,,,
,Hästens Beds Retail Sweden AB,556600-8008,,,,,,,,
,Bratt & Partners AB,556614-0009,,,,,,,,
,Nickle AB,556591-5930,,,,,,,,
,Smögen Marin AB,556610-9574,,,,,,,,
,Nils-Magnus Försäljnings Aktiebolag,556422-9473,,,,,,,,
,LErO INVEST AB,556608-6145,,,,,,,,
,Asar International AB,556603-6819,,,,,,,,
,Aktiebolaget Backen Stål- & Plåtteknik,556617-6920,,,,,,,,
,Trivsamt i Sandviken Aktiebolag,556618-0583,,,,,,,,
,Trusted Future AB,556618-1540,,,,,,,,
,Peter Fransson Förvaltning AB,556591-3372,,,,,,,,
,Mille Notti Retail AB,556584-0179,,,,,,,,
,Bestnet Aktiebolag,556582-4439,,,,,,,,
,DLoG Holding AB,556591-4826,,,,,,,,
,HORWITZ GENERAL BEVERAGE STORE AB,556596-1835,,,,,,,,
,Makker Design AB,556598-0645,,,,,,,,
,Calectro Fastigheter AB,556602-6711,,,,,,,,
,Meditro Aktiebolag,556606-5271,,,,,,,,
,Ren Väg i Borås Aktiebolag,556614-3292,,,,,,,,
,Novema Trade AB,556603-7502,,,,,,,,
,Melefors Fine Art AB,556614-0900,,,,,,,,
,Pelican AB,556622-7590,,,,,,,,
,M2 Solar AB,556597-1743,,,,,,,,
,Gigant AB,556588-2916,,,,,,,,
,Tomer Textrade Holding AB,556623-0347,,,,,,,,
,ACA Ekonomi i Öjersjö AB,556602-6430,,,,,,,,
,Smartline AB,556603-7361,,,,,,,,
,Sigvardssons Barnkläder AB,556618-6358,,,,,,,,
,Surface Protection Europe AB,556602-4740,,,,,,,,
,Gladan i Eslöv AB,556624-8018,,,,,,,,
,altoego -duo- AB,556602-6752,,,,,,,,
,Cape Production AB,556592-8115,,,,,,,,
,Apex import AB,556591-1749,,,,,,,,
,Örnqvist Grafiska Konsult AB,556594-6158,,,,,,,,
,GIAB Gjuteri & Industriteknik i Halmstad AB,556608-1039,,,,,,,,
,Cathrine Blidholm Trading AB,556609-2614,,,,,,,,
,Ola Gunnarsson Lågprishandel Aktiebolag,556597-3186,,,,,,,,
,Lasses Foder AB,556617-5039,,,,,,,,
,Burelane AB,556425-7284,,,,,,,,
,Boman Johansson AB,556603-7627,,,,,,,,
,Staffan Roth Marine AB,556616-6798,,,,,,,,
,Nick & Nora AB,556618-5319,,,,,,,,
,Star Invest AB,556620-6941,,,,,,,,
,MAXIPET AB,556589-1321,,,,,,,,
,Actice Nordic AB,556584-9972,,,,,,,,
,Kroons Badshop Aktiebolag,556599-9876,,,,,,,,
,Glubbdubbdribb AB,556600-0757,,,,,,,,
,P.A.M. Pro AB,556598-0348,,,,,,,,
,Solvalla däck AB,556594-6489,,,,,,,,
,Profilera i Sverige AB,556404-5085,,,,,,,,
,Mastervolt Sweden AB,556598-3318,,,,,,,,
,Eriksson & Nord AB,556608-0916,,,,,,,,
,Maskin & Service Sjöbo AB,556615-5015,,,,,,,,
,B G Jonsson Foods AB,556606-0280,,,,,,,,
,Metallurg Center i Leksand AB,556417-9298,,,,,,,,
,Veloform AB,556620-6008,,,,,,,,
,Kontorsvision Canrep AB,556461-5598,,,,,,,,
,Katarina Waldenstrom AB,556587-3766,,,,,,,,
,Kromafor AB,556578-1803,,,,,,,,
,Signify Sweden AB,556596-3773,,,,,,,,
,Matts Hägglund Konsult AB,556583-7464,,,,,,,,
,Kaustika Optik AB,556601-8858,,,,,,,,
,KonDektor AB,556602-9764,,,,,,,,
,Invex AB,556590-6384,,,,,,,,
,ST Industri AB,556592-6440,,,,,,,,
,RA Tuvesson AB,556592-8362,,,,,,,,
,Skrea Bil AB,556605-1040,,,,,,,,
,Prosellco Havsprodukter AB,556607-5411,,,,,,,,
,Salk Service AB,556616-3373,,,,,,,,
,DTE-Service AB,556608-9792,,,,,,,,
,Peter Lundin Livsmedel och Fastigheter AB,556610-4989,,,,,,,,
,GATETECH Nordic AB,556445-5730,,,,,,,,
,ettfemsju själ AB,556601-0905,,,,,,,,
,Stigsbergs Gård AB,556620-0555,,,,,,,,
,Arvidson & Olofsson AB,556602-5770,,,,,,,,
,C B Stråth Aktiebolag,556461-2033,,,,,,,,
,ICA Maxi Special AB,556419-0857,,,,,,,,
,Hilding & co AB,556616-2342,,,,,,,,
,Lennart Netsner Aktiebolag,556420-0706,,,,,,,,
,Bril i Huskvarna Aktiebolag,556619-0012,,,,,,,,
,Affari of Sweden AB,556592-1003,,,,,,,,
,NetApp Sweden AB,556610-3619,,,,,,,,
,Lycksele sko AB,556594-8345,,,,,,,,
,Åre Ljud o Bild AB,556592-5939,,,,,,,,
,Olssons i Vinslöv AB,556594-2041,,,,,,,,
,Dagsbergs Grus & Stenbutik AB,556588-6024,,,,,,,,
,ScanBalt Crane AB,556606-0504,,,,,,,,
,Mats Skoter Aktiebolag,556405-4160,,,,,,,,
,DH Skog AB,556603-4962,,,,,,,,
,BättreHus i Dalarna AB,556618-3561,,,,,,,,
,Pepco Scandinavia Aktiebolag,556446-4831,,,,,,,,
,AA-Video i Linköping Aktiebolag,556430-1041,,,,,,,,
,"VVS International Trading, VIT AB",556598-0249,,,,,,,,
,U-K Värmeteknik AB,556556-1932,,,,,,,,
,Artinova Aktiebolag,556623-9579,,,,,,,,
,Bil & Däck i Hedemora AB,556612-7253,,,,,,,,
,Nyttodata Väst AB,556587-6124,,,,,,,,
,Lagotech AB,556607-6880,,,,,,,,
,Gullis Kläder AB,556599-4398,,,,,,,,
,Worx klär dig på jobbet AB,556586-2611,,,,,,,,
,Teufelberger AB,556399-7823,,,,,,,,
,Hallings Interiör AB,556598-7301,,,,,,,,
,BRB Jerry Lindroth Aktiebolag,556405-6397,,,,,,,,
,Tofta Online AB,556591-6326,,,,,,,,
,Jan Duvdahl i Duved AB,556600-3512,,,,,,,,
,Cardemat Aktiebolag,556595-2727,,,,,,,,
,Mitt & Ditt Underbara Liv AB,556617-7431,,,,,,,,
,Trönningemacken AB,556610-2801,,,,,,,,
,Prolom AB,556612-5398,,,,,,,,
,Diagnostics Development Sweden AB,556612-4078,,,,,,,,
,Stefan Forsslund AB,556589-5959,,,,,,,,
,Nordiska Designkompaniet AB,556622-1544,,,,,,,,
,Grimgolf Academy Aktiebolag,556585-6589,,,,,,,,
,Västerås Pantbelåning Holding AB,556583-3059,,,,,,,,
,Shades Invest AB,556600-4445,,,,,,,,
,Mekonomen Alingsås Aktiebolag,556596-3690,,,,,,,,
,Bygg & Fritid i Skärhamn AB,556615-3499,,,,,,,,
,Näbbäcksholen Produktion AB,556600-0559,,,,,,,,
,JP Bildemontering AB,556601-8049,,,,,,,,
,Dennis Skandinavia AB,556618-9220,,,,,,,,
,Wheat & Barley Ängelholm AB,556613-2238,,,,,,,,
,SCBV Trading AB,556593-9880,,,,,,,,
,Epsilon i Skellefteå AB,556599-1279,,,,,,,,
,Posh Living Aktiebolag,556596-6016,,,,,,,,
,Hertings Cykel AB,556601-7975,,,,,,,,
,Strandbergs Möbler i Oskarshamn AB,556612-3229,,,,,,,,
,Routeback Media AB,556612-8590,,,,,,,,
,Faselly AB,556607-0701,,,,,,,,
,Polystatic AB,556438-8378,,,,,,,,
,GÄRESTA BILDELAR Aktiebolag,556439-2321,,,,,,,,
,STAR OF Style invest AB,556601-6308,,,,,,,,
,Stylissimo AB,556613-3640,,,,,,,,
,Vinbolaget i Enköping Aktiebolag,556433-5700,,,,,,,,
,Metro Therm AB,556554-1603,,,,,,,,
,AHMADELA AB,556591-1285,,,,,,,,
,Lagagruppen Aktiebolag,556592-7513,,,,,,,,
,Allsale of Brands Sweden AB,556590-0049,,,,,,,,
,Bevenmark Örkelljunga AB,556602-0219,,,,,,,,
,Flemingsbergs Livs Aktiebolag,556607-9926,,,,,,,,
,Melbye Sverige AB,556411-9781,,,,,,,,
,MAPTUN Performance AB,556600-4106,,,,,,,,
,Teca Sweden Aktiebolag,556431-4671,,,,,,,,
,Tanico AB,556607-9603,,,,,,,,
,North Side Sport AB,556616-0601,,,,,,,,
,Outdooredge Sweden AB,556590-8752,,,,,,,,
,Etebra Maskin & Vagn AB,556617-0626,,,,,,,,
,P M Sjöström Livs i Luleå AB,556607-9553,,,,,,,,
,FUNDEMA AKTIEBOLAG,556439-8575,,,,,,,,
,LK Scandinavia Mät AB,556606-3284,,,,,,,,
,Kedia Sweden Industrigummi AB,556554-2015,,,,,,,,
,Lundbäcks Inredningar AB,556433-6518,,,,,,,,
,Hobby Butikerna i STHLM AB,556577-3693,,,,,,,,
,Heberleins Delikatess Kött & Chark AB,556592-3033,,,,,,,,
,Inet AB,556591-8884,,,,,,,,
,Syknuten i Förslöv Aktiebolag,556595-5852,,,,,,,,
,Miljöteborg AB,556582-1658,,,,,,,,
,Appelquist Clothing AB,556593-6951,,,,,,,,
,Herrljunga JRA Data-Center Aktiebolag,556374-5107,,,,,,,,
firststop.se,,,info@firststop.se,,https://firststop.se/om-oss,browser,no,sampled_1; sample_addtocart_1,contact_like@https://firststop.se/om-oss:samplingRan(sampled=1) | sampleURL@https://firststop.se/ga-med-i-first-stops-natverk:status=200:ATC,
,Fahlnaes Konsthandel Aktiebolag,556598-6451,,,,,,,,
,Business Form Equipment i Pålsboda AB,556388-7925,,,,,,,,
,Audio & Videoteknik Väst AB,556603-3253,,,,,,,,
,Elitfönster På Plats AB,556391-7078,,,,,,,,
,Exhippo AB,556393-6813,,,,,,,,
,Kompotek AB,556581-7649,,,,,,,,
,Quest Software AB,556602-0433,,,,,,,,
,Norwegian Spa AB,556549-1163,,,,,,,,
,KAMA Produkter AB,556565-3390,,,,,,,,
,Affärs-och butiksmaskiner Försäljning i Stockholm AB,556557-8266,,,,,,,,
,Artur Norberg Livs Dalarö Aktiebolag,556347-3122,,,,,,,,
,Ove & Jörgen Gustavssons Bilverkstad Aktiebolag,556339-0011,,,,,,,,
,Returbilen i Kristianstad AB,556340-8672,,,,,,,,
,Evercare Medical AB,556580-2708,,,,,,,,
facebook.com,,,dev7561@gmail.com; kundansvarig@studioexpress.se,,https://www.facebook.com/kundtjanst,browser,yes,checkout_provider; checkout; provider:adyen,main@https://www.facebook.com/:samplingRan(sampled=0) | contact_like@https://www.meta.com/en-gb/about/?utm_source=about.facebook.com&utm_medium=redirect:hasCheckout(urlPath:/order) | contact_like@https://www.meta.com/en-gb/about/?utm_source=about.facebook.com&utm_medium=redirect:providers(adyen) | DECISION@contact_like@https://www.meta.com/en-gb/about/?utm_source=about.facebook.com&utm_medium=redirect,
,Bootskompaniet i Sverige AB,556585-1358,,,,,,,,
,ResMed Sweden AB,556582-2920,,,,,,,,
,Yvone Christa New York AB,556588-9671,,,,,,,,
,M. Pettersson Handel Aktiebolag,556591-6151,,,,,,,,
,Weydes Färghus Aktiebolag,556593-8668,,,,,,,,
,Sandbryggans Försäljning AB,556599-8019,,,,,,,,
,Lundby Livs Aktiebolag,556389-7486,,,,,,,,
,IRPF Stockholm AB,556603-4541,,,,,,,,
,Fåröbolaget Aktiebolag,556390-0066,,,,,,,,
,Tanma AB,556600-8750,,,,,,,,
,Kök och Interiör i Väst AB,556610-6208,,,,,,,,
,WH Inredningar AB,556600-4130,,,,,,,,
,Stockholms sovrum AB,556608-3902,,,,,,,,
,"Häst, Hund och Katt Shopen i Årjäng AB",556608-6475,,,,,,,,
,C-M Cykel och Fritid AB,556582-3274,,,,,,,,
,Omnibroker AB,556550-9568,,,,,,,,
,Gazzer AB,556336-6839,,,,,,,,
,Kabusa Invest AB,556577-8379,,,,,,,,
,W-Garden Trading Aktiebolag,556351-5377,,,,,,,,
,Gräddö Skärgårdshandel Aktiebolag,556590-9487,,,,,,,,
,LGL Maskin i Gnarp AB,556593-1226,,,,,,,,
,Westh Idé och Design AB,556598-3607,,,,,,,,
,Byggskruven i Stockholm AB,556596-5455,,,,,,,,
,Degeberga Autoel o. Service AB,556568-4650,,,,,,,,
,Forslunds Glas & Porslin AB,556600-9527,,,,,,,,
,Västerås Maritime Services AB,556390-8366,,,,,,,,
,Process System Informationsteknik Sverige AB,556604-6750,,,,,,,,
,Optik & Form i Sverige Aktiebolag,556605-3681,,,,,,,,
,Pickering Interfaces Aktiebolag,556606-2211,,,,,,,,
,Svea Distribution AB,556602-5895,,,,,,,,
,Torups Byggshop AB,556581-1014,,,,,,,,
,Sydtextil AB,556602-9699,,,,,,,,
,Bygg & Träförädling i Växjö AB,556605-7815,,,,,,,,
,Solaiko AB,556552-8675,,,,,,,,
,Roger Persson Bil Aktiebolag,556326-6435,,,,,,,,
,Silwer Tobak & Livs Import & Export AB,556569-9138,,,,,,,,
,Torsten Olsson Frö Aktiebolag,556347-6828,,,,,,,,
,HA Traiding AB,556577-9377,,,,,,,,
,Liljewalls Lastmaskiner i Hudiksvall AB,556583-6532,,,,,,,,
,Qunhua AB,556593-9005,,,,,,,,
,U.S. Car Parts Uddevalla Aktiebolag,556376-8265,,,,,,,,
,KaBe Industrier Aktiebolag,556383-0123,,,,,,,,
,Fokines Bygg i Uppgrenna Aktiebolag,556402-6150,,,,,,,,
,Bilstallet i Linköping Aktiebolag,556403-1838,,,,,,,,
,Sjöbo Optik AB,556581-1642,,,,,,,,
,Bergvik Sport AB,556603-7031,,,,,,,,
,Delin Yachting AB,556404-4567,,,,,,,,
,Blomsterkonstnären Karin Oscander AB,556616-3951,,,,,,,,
,Ensta Holding AB,556584-7778,,,,,,,,
,Vinum Veritas Wine Agency AB,556604-5604,,,,,,,,
,BEFRA Consulting AB,556551-3560,,,,,,,,
,Bellows Automation AB,556330-8914,,,,,,,,
,Lennartsson i Liatorp AB,556556-4050,,,,,,,,
,Commend Nordic AB,556333-6691,,,,,,,,
,Lekanders Livs AB,556569-9955,,,,,,,,
,Royal Design Group AB,556573-2426,,,,,,,,
,Qstar Försäljning Aktiebolag,556349-2262,,,,,,,,
,Metoden Agenturer AB,556353-9369,,,,,,,,
,CUBIC Svenska Aktiebolag,556355-6801,,,,,,,,
,Sins Holdning AB,556590-5022,,,,,,,,
,ProConsulting Thomas Johansson Aktiebolag,556600-4080,,,,,,,,
,Cocolabel AB,556563-8201,,,,,,,,
,Sono Sweop AB,556591-2374,,,,,,,,
,Ekdahls Fastighetsservice AB,556599-4919,,,,,,,,
,Guldsmed Björn Nilsson AB,556571-3764,,,,,,,,
,Coffee Please Home AB,556592-8867,,,,,,,,
,Destaco Svenska AB,556612-1561,,,,,,,,
,Nordic Gensets & Motors AB,556620-5141,,,,,,,,
,Dömle Golf Aktiebolag,556609-1640,,,,,,,,
,Modelli Gruppen AB,556554-7758,,,,,,,,
,Villastadens Fastighetsförvaltning AB,556328-9643,,,,,,,,
,Scandinox Aktiebolag,556338-0715,,,,,,,,
,Hjulsystem MCP AB,556561-3881,,,,,,,,
,Beautyfree Scandinavia Aktiebolag,556354-0045,,,,,,,,
firststop.se,,,info@firststop.se,,https://firststop.se/om-oss,browser,no,sampled_1; sample_addtocart_1,contact_like@https://firststop.se/om-oss:samplingRan(sampled=1) | sampleURL@https://firststop.se/ga-med-i-first-stops-natverk:status=200:ATC,
,Efraimsson & Fagerlund AB,556561-9151,,,,,,,,
,Felestad Trading AB,556604-1371,,,,,,,,
,Laim AB,556383-3770,,,,,,,,
,JG ProcessDesign AB,556599-3580,,,,,,,,
,EmiliaVictoria Mode AB,556603-6710,,,,,,,,
,Karl Olof Antik Aktiebolag,556395-0111,,,,,,,,
,Byggfabriken Sverige AB,556595-1059,,,,,,,,
,Slipstream Trading Group S.T.G AB,556616-4462,,,,,,,,
,Tevenius Holding AB,556607-3341,,,,,,,,
,Glasögonbutiken i Sala AB,556558-4918,,,,,,,,
,TAMIKO International AB,556558-5733,,,,,,,,
,Bed & Bath International AB,556562-8715,,,,,,,,
,JoLeMi handel AB,556559-5278,,,,,,,,
,NC-Service AB,556561-6330,,,,,,,,
,Macopharma Nordic Aktiebolag,556571-3731,,,,,,,,
,Saltängens Larm och Stereo AB,556571-3921,,,,,,,,
,Hans Fölsgaard AB,556572-1643,,,,,,,,
,Bon Net AB,556575-1772,,,,,,,,
,Provinsbutiken Aktiebolag,556571-0976,,,,,,,,
,LEX Automotive AB,556578-1357,,,,,,,,
,Gårdsservice Mjölkman Aktiebolag,556344-7027,,,,,,,,
,Bluepack AB,556576-6002,,,,,,,,
,Kikki Fjelde AB,556564-5677,,,,,,,,
,Maria Westerlind AB,556606-9547,,,,,,,,
,Cypressen Invest AB,556395-2620,,,,,,,,
,Trädgårdsgrossisten i Stockholm Aktiebolag,556395-3016,,,,,,,,
,NCM i Borås Aktiebolag,556597-1644,,,,,,,,
,Oscar Guitars AB,556568-4387,,,,,,,,
,Aug Magnussons Eftr Aktiebolag,556346-0590,,,,,,,,
,Online Partner AB,556566-5527,,,,,,,,
,Gårdsservice Syd Aktiebolag,556341-8309,,,,,,,,
,Swecon Anläggningsmaskiner AB,556575-1137,,,,,,,,
,Solgläntan Aktiebolag,556363-3980,,,,,,,,
,Bluur AB,556589-1883,,,,,,,,
,Köpcenter i Bredaryd Aktiebolag,556588-4144,,,,,,,,
,Flintdolken i Värnamo Aktiebolag,556367-5817,,,,,,,,
,Scandinavian Consumer Supply AB,556594-8105,,,,,,,,
,Scanvo Lastbil AB,556605-5694,,,,,,,,
,MM Service i Karlstad AB,556605-6098,,,,,,,,
,EuroCast Media AB,556383-6096,,,,,,,,
,Stuppen Livs Aktiebolag,556606-8291,,,,,,,,
,Proheda Fire & Security AB,556609-0139,,,,,,,,
,Webtech AB,556595-0986,,,,,,,,
,Mathallen 23 Malmö AB,556597-8169,,,,,,,,
,Torgny Hansson Handels Aktiebolag,556553-4046,,,,,,,,
,Brubakken AB,556334-0453,,,,,,,,
,CÅ Bensin & Handel Aktiebolag,556571-5371,,,,,,,,
,GCF Capital Investments AB,556575-5393,,,,,,,,
,ProViva AB,556576-4239,,,,,,,,
,Lyftkonsult T Swahn Aktiebolag,556352-1912,,,,,,,,
,Serafimgruppen AB,556586-6075,,,,,,,,
,Klistra Skylt & Dekal i Göteborg AB,556589-6064,,,,,,,,
,IMPORTO AB,556586-1688,,,,,,,,
,Butik 4065210 Access AB,556602-5192,,,,,,,,
,DPE Office Network AB,556596-7931,,,,,,,,
,Reelfood AB,556600-2282,,,,,,,,
,Westergård Consulting AB,556383-7623,,,,,,,,
,Batteriservice i Borlänge AB,556605-5801,,,,,,,,
,Tengo Sport Sweden AB,556599-8738,,,,,,,,
,A.M.B.A. Trading AB,556594-7594,,,,,,,,
,Kvarnbergets Marin AB,556593-1374,,,,,,,,
,Silfverhjelm Livs AB,556594-5473,,,,,,,,
,Körsbärsdalen AB,556611-3204,,,,,,,,
,Roll About AB,556324-3194,,,,,,,,
,Liljekvists Motor Aktiebolag,556331-8293,,,,,,,,
,Skogsmat i Uddeholm Aktiebolag,556339-0235,,,,,,,,
,Mantello AB,556570-5984,,,,,,,,
,Pertec i Knäred AB,556576-6333,,,,,,,,
,Andershornstein AB,556342-4422,,,,,,,,
,Eco Pet AB,556578-7164,,,,,,,,
,Exclusive Tea Europe AB,556590-6574,,,,,,,,
,RENIVA Aktiebolag,556566-6566,,,,,,,,
,Scapula Förvaltnings AB,556604-5067,,,,,,,,
,Skandinavisk Beslagskompani AB,556598-6618,,,,,,,,
,SOLFILMSPRODUKTER I ÄNGELHOLM Aktiebolag,556384-1658,,,,,,,,
,RedCloud IT Aktiebolag,556606-1833,,,,,,,,
,R M Mekatronik Aktiebolag,556594-7917,,,,,,,,
,Härnösandspumparna Aktiebolag,556609-7886,,,,,,,,
,Lilla Skafferiet i Bjurholm AB,556609-9379,,,,,,,,
,Kent Petterssons Livsmedel Aktiebolag,556595-3873,,,,,,,,
,Floristhörnan i Bro AB,556408-7236,,,,,,,,
,Kvalité Häst & Hund Mälardalen AB,556610-5499,,,,,,,,
,Care Innovations and trading Activities i Linköpings AB,556576-1383,,,,,,,,
,Spalter E. Aktiebolag,556577-2380,,,,,,,,
ica.se,,556582-1559; 556021-0261,kundservice@ica.se,+46 8 561 500 00; +46 33 47 47 90; +46 33 47 47 94,https://www.ica.se/kontakt,browser,no,,main@https://www.ica.se/:samplingRan(sampled=0),
,Leksakshuset i Arboga Aktiebolag,556345-3421,,,,,,,,
,Lantbruksteknik i Härnösand Aktiebolag,556348-0218,,,,,,,,
,Aktiebolaget Svedberghs i Östersund,556580-9414,,,,,,,,
,Ljud & Telecenter i Tomelilla AB,556588-8442,,,,,,,,
,Optiker Karvik AB,556590-8430,,,,,,,,
,Active Sports Nordic AB,556379-1366,,,,,,,,
,Guveau AB,556603-1075,,,,,,,,
,GW Hus Konsult AB,556400-5519,,,,,,,,
,Nyckelpigan Livsmedel Aktiebolag,556609-6607,,,,,,,,
,Lilla Butiken i Arboga AB,556407-3897,,,,,,,,
,Nordiccom AB,556613-6403,,,,,,,,
,ATS Scandinavia AB,556610-3684,,,,,,,,
,Aktiebolaget Bröderna Sandstedts Cykel & Motor,556410-3983,,,,,,,,
,Luleå Stormarknad AB,556572-4944,,,,,,,,
,Concept Motion AB,556571-8136,,,,,,,,
,Agilent Technologies Sweden AB,556573-6773,,,,,,,,
,Patrik Gladh Livs AB,556578-9087,,,,,,,,
,Veåtta Sweden AB,556584-5392,,,,,,,,
,EPLAN AB,556588-8723,,,,,,,,
,Hillarps Livs AB,556590-2813,,,,,,,,
,Trähuset Älmhult AB,556564-2484,,,,,,,,
,Hopplia AB,556595-6603,,,,,,,,
,Restenäs Bil & Bildelar AB,556555-9019,,,,,,,,
ica.se,,556582-1559; 556021-0261,kundservice@ica.se,+46 8 561 500 00; +46 33 47 47 90; +46 33 47 47 94,https://www.ica.se/kontakt,browser,no,,main@https://www.ica.se/:samplingRan(sampled=0),
,Ströms Trafikbutik AB,556557-4653,,,,,,,,
,Electrona-Sievert AB,556571-7088,,,,,,,,
,Fastigheter Wasa 1988 AB,556336-0980,,,,,,,,
,Euro Asia Group (Sweden) AB,556566-8802,,,,,,,,
,Zellers Optik i Katrineholm Aktiebolag,556343-4751,,,,,,,,
,PPG Industries (Sweden) AB,556577-3198,,,,,,,,
,Draft AB,556584-6549,,,,,,,,
,Administrationskonsult i Hudiksvall AB,556357-7062,,,,,,,,
,VPBD i Örebro AB,556584-7943,,,,,,,,
,Svend Höyer AB,556565-0362,,,,,,,,
,Ackpack Aktiebolag,556603-6850,,,,,,,,
,Mats Wallberg Aktiebolag,556384-5063,,,,,,,,
,C Holding i Helsingborg AB,556606-7632,,,,,,,,
,Tradesako AB,556612-6842,,,,,,,,
,Skarphagens Spelhörna AB,556616-1336,,,,,,,,
,Vangdal Golf Aktiebolag,556602-6166,,,,,,,,
,EMS VacParts AB,556576-6952,,,,,,,,
,ERMEGA AB,556603-1604,,,,,,,,
,Basik AB,556600-1912,,,,,,,,
,Hedekas Bildemontering AB,556612-5505,,,,,,,,
,Company Line AB,556557-4968,,,,,,,,
,Byggrådgivning & Förvaltning i Mölndal AB,556561-9318,,,,,,,,
,Lighthouse Software AB,556569-4212,,,,,,,,
,POLOTOM AB,556560-5366,,,,,,,,
,Hår & Klädscoopet AB,556574-3944,,,,,,,,
,UBG AB,556336-3661,,,,,,,,
,CONSAL AB,556567-0485,,,,,,,,
,Björn Borg Retail AB,556577-4410,,,,,,,,
,Acerinox Scandinavia AB,556583-0766,,,,,,,,
,Kumlas Spel & Tobak Aktiebolag,556585-7132,,,,,,,,
,KNF Neuberger AB,556594-4047,,,,,,,,
,Halls Företagsprodukter Aktiebolag,556590-6434,,,,,,,,
,P. Andersson Timber AB,556566-7218,,,,,,,,
,Bike Trollhättan Aktiebolag,556599-0305,,,,,,,,
,Mediac Production AB,556619-5698,,,,,,,,
,Adcare AB,556605-6353,,,,,,,,
,Fårö Invest AB,556616-0569,,,,,,,,
,Optiker Göran Persson AB,556616-2375,,,,,,,,
,Masimo Sweden AB,556596-3377,,,,,,,,
,TH3 Rental AB,556615-1436,,,,,,,,
,M & E Drugstore AB,556601-3313,,,,,,,,
,My Baby Torslanda AB,556557-6138,,,,,,,,
,Gaston Aktiebolag,556559-2325,,,,,,,,
,BRUS Invest Aktiebolag,556552-3890,,,,,,,,
,Björkhamra Handel AB,556562-7352,,,,,,,,
,Sealcomfort AB,556562-7733,,,,,,,,
,Allt Recond Bilvårdscenter Hisingen AB,556579-9359,,,,,,,,
,Hallbergs Färg Aktiebolag,556353-0160,,,,,,,,
,Kiruna Begagnade Bildelar AB,556353-1366,,,,,,,,
,Vävkontoret AB,556354-6943,,,,,,,,
,Toy Time i Habo AB,556590-8950,,,,,,,,
,Ahlms Livsmedel i Trelleborg AB,556583-8983,,,,,,,,
,Bergs Trä Karl-Erik Gryvik Aktiebolag,556562-1827,,,,,,,,
,Permatek Trading Aktiebolag,556368-4124,,,,,,,,
,Grosshandlar'n Surplus AB,556590-5220,,,,,,,,
,Auto Trading i Köping AB,556603-7643,,,,,,,,
hemkop.se,,,,,https://hemkop.se,browser,yes,sampled_3; sample_pdp_1; sample_addtocart_3,main@https://www.hemkop.se/:samplingRan(sampled=3) | sampleURL@https://hemkop.se/artikel/tillganglighetsredogorelse:status=200:ATC | sampleURL@https://hemkop.se/artikel/inspiration:status=200:ATC | sampleURL@https://hemkop.se/artikel/billiga-veckan:status=200:PDP+ATC | DECISION@sample (confirmed) | DECISION@main@https://www.hemkop.se/,
,Monimix i Hällefors AB,556568-1250,,,,,,,,
,Fastighetsaktiebolaget BALEB,556412-3932,,,,,,,,
,MaPe Försäljning AB,556618-1599,,,,,,,,
,JE Group AB,556618-4130,,,,,,,,
,Finnvacum Sverige AB,556583-2507,,,,,,,,
,Knöbbens Vind AB,556598-8325,,,,,,,,
,Monark Crescent AB,556562-1116,,,,,,,,
,Sätrahöjdens Handelshus AB,556557-5627,,,,,,,,
,Com7 Stockholm AB,556344-5708,,,,,,,,
,Parfusale AB,556571-9027,,,,,,,,
,Måns Golfutveckling Aktiebolag,556351-2234,,,,,,,,
,Erling Otter Aktiebolag,556354-9392,,,,,,,,
,Apx Automotive AB,556357-9431,,,,,,,,
,Arboga Centralservice Aktiebolag,556368-4298,,,,,,,,
,GrönsaksMästarna Nordic AB,556583-9387,,,,,,,,
,Salubrious AB,556592-9717,,,,,,,,
,P M i Eggelstad AB,556589-4473,,,,,,,,
,Design 5mm AB,556385-2853,,,,,,,,
,Tshirtshopen.com i Gällstad AB,556582-7333,,,,,,,,
,ALE Livs i Lenhovda AB,556602-7628,,,,,,,,
,Exit Eleven Group Aktiebolag,556607-7292,,,,,,,,
,Koppoms Maskin och Trä AB,556618-9386,,,,,,,,
,Elfgren Fältström Trollsås AB,556619-7546,,,,,,,,
,Eupac Sales AB,556607-2871,,,,,,,,
,Studio Hans Berg AB,556602-4526,,,,,,,,
,Wolfie Media AB,556578-2850,,,,,,,,
,Insert Nord AB,556321-4187,,,,,,,,
,Dackebygdens Elektronik Aktiebolag,556550-7554,,,,,,,,
,Melins Radio Aktiebolag,556325-9281,,,,,,,,
,Karamelltåget i Skellefteå AB,556336-9312,,,,,,,,
,Interior Design Collection Luleå AB,556560-9681,,,,,,,,
,Grönsaksgrossisten Johansson & Lindström Aktiebolag,556342-1436,,,,,,,,
,Infartsmacken i Öregrund Aktiebolag,556346-9047,,,,,,,,
,HB Förvaltning AB,556340-7344,,,,,,,,
,Karlsson Klimat i Sösdala Aktiebolag,556359-2699,,,,,,,,
,Nacka Stormarknad AB,556607-9561,,,,,,,,
,Sorrento skor AB,556588-2734,,,,,,,,
,Enterprodukter AB,556607-1014,,,,,,,,
,Combinent Svenska AB,556549-8200,,,,,,,,
jaktia.se,,,,,https://jaktia.se,browser,no,,,Attempted to use detached Frame '54A3795C9D349C503FA670CF06BECBE4'. | method:browser
,PY Trading Aktiebolag,556555-1156,,,,,,,,
,Molico Sweden AB,556562-6834,,,,,,,,
,Formica Skandinavien AB,556569-9674,,,,,,,,
elon.se,Integritetspolicy Elon Group AB,556654-6213; 556857-5525,kundservice@elon.se; gdpr@elon.se,+46 10 220 40 00,https://www.elon.se/kundtjanst/,browser,yes,cart; checkout; product_cards,main@https://www.elon.se/:hasCheckout(urlPath:/checkout) | main@https://www.elon.se/:hasCart(urlPath:/cart) | main@https://www.elon.se/:productCards(148) | DECISION@main@https://www.elon.se/ | contact_like@https://www.elon.se/kundtjanst:hasCheckout(urlPath:/checkout) | contact_like@https://www.elon.se/kundtjanst:hasCart(urlPath:/cart) | DECISION@contact_like@https://www.elon.se/kundtjanst | internal@https://www.elon.se/integritetspolicy:hasCheckout(urlPath:/checkout) | internal@https://www.elon.se/integritetspolicy:hasCart(urlPath:/cart) | DECISION@internal@https://www.elon.se/integritetspolicy,
,CJ Marketing WashClean Produkter Aktiebolag,556556-4845,,,,,,,,
,Jessitina Clothes Aktiebolag,556557-0586,,,,,,,,
,Johan Bergström Maskin AB,556570-3872,,,,,,,,
,Håkan Kjellsson AB,556580-6766,,,,,,,,
,YODOI AB,556602-6646,,,,,,,,
,Jarla Handel AB,556599-2780,,,,,,,,
,Nabbuddens Färg & Konsult Aktiebolag,556606-8275,,,,,,,,
,Power Machine Göteborg AB,556594-8121,,,,,,,,
,Karlstad Hyrservice AB,556615-9348,,,,,,,,
,Svenska Skydd & Kassasystem i Kalmar AB,556616-9941,,,,,,,,
,Galzig AB,556458-2541,,,,,,,,
,Packstore Sweden AB,556621-6049,,,,,,,,
,Östansjö Bilskrot AB,556612-4193,,,,,,,,
,New Medic Era AB,556610-4641,,,,,,,,
,TM-Beds of Sweden AB,556534-7274,,,,,,,,
,Werner och Werner Drivkraft AB,556553-4756,,,,,,,,
,diwiton AB,556540-0636,,,,,,,,
,Growing Technology Svenska AB,556542-2374,,,,,,,,
,Nordisk Alkali AB,556544-9369,,,,,,,,
,Autokonsult i Kungälv AB,556560-6927,,,,,,,,
,Ronna Bensin & Service AB,556571-2808,,,,,,,,
,Typ IT Bohus AB,556561-0366,,,,,,,,
,Carlsson Blomstergrossisten i Borås AB,556561-7106,,,,,,,,
,Wij Maskincenter AB,556565-9058,,,,,,,,
,N.A.G Sport AB,556566-1302,,,,,,,,
,Visimind AB,556590-1559,,,,,,,,
,Hill-Rom AB,556604-1579,,,,,,,,
,PRIMASTARPOOL AB,556587-7254,,,,,,,,
,Chimo Fiske AB,556615-0487,,,,,,,,
,Pajala Sport & Fritid AB,556616-8448,,,,,,,,
emhome.se,,,info@emhome.se,+46 10 499 25 00,https://emhome.se,browser,yes,checkout_provider; cart; product_cards; provider:klarna,main@https://emhome.se/:hasCart(urlPath:/cart) | main@https://emhome.se/:providers(klarna) | main@https://emhome.se/:productCards(6) | DECISION@main@https://emhome.se/,
,Södertälje-Midyat Food AB,556621-7385,,,,,,,,
,Swedish Care International AB,556616-3613,,,,,,,,
,Flogbirdie AB,556582-9016,,,,,,,,
,Lunda Service AB,556590-6038,,,,,,,,
,Anders Grune AB,556534-8652,,,,,,,,
,Proskop AB,556551-3974,,,,,,,,
,Mantfood AB,556541-3084,,,,,,,,
,TM Kontor och Reklam AB,556546-2073,,,,,,,,
,Bureå Bensin & Livs AB,556548-5496,,,,,,,,
,PowerChem Scandinavia AB,556569-1556,,,,,,,,
,Malmfältens Olje AB,556561-0804,,,,,,,,
,International Carbide Technology INCA AB,556578-8287,,,,,,,,
,Rimax AB,556587-0168,,,,,,,,
,Rockad Lyft och Materialhantering AB,556610-4252,,,,,,,,
,Töjna Grund Aktiebolag,556617-4537,,,,,,,,
,One For Fun Scandinavia AB,556459-6293,,,,,,,,
,Avrita Aktiebolag,556550-0294,,,,,,,,
,Zip Up Holding AB,556555-4945,,,,,,,,
,Friconda Livs AB,556557-3408,,,,,,,,
,ACM Städmaskiner AB,556557-2962,,,,,,,,
,Denice service lösningar AB,556546-0804,,,,,,,,
,Trädgårdsforum Aktiebolag,556564-5990,,,,,,,,
,Dag Fredriksson Bil AB,556548-8474,,,,,,,,
,LG Electronics Nordic AB,556575-6383,,,,,,,,
,Ergotech i Skaraborg AB,556573-8274,,,,,,,,
,Degeref Industriservice AB,556578-1456,,,,,,,,
,Myrra Design & Inredning AB,556571-9670,,,,,,,,
,Auto Ojanperä Bildelar AB,556572-0124,,,,,,,,
,Cresto Group AB,556572-1163,,,,,,,,
,Ekne Gårds Produkter AB,556581-1113,,,,,,,,
,Jan Alfredsson Footwear Products AB,556585-9005,,,,,,,,
,Dixa Medical AB,556583-7233,,,,,,,,
,Vägsjöfors Bensin & Kiosk AB,556602-1845,,,,,,,,
,Promis AB,556606-9893,,,,,,,,
,Labrador Motor AB,556605-6056,,,,,,,,
,Securitas Retail AB,556608-4389,,,,,,,,
,ANNA SUNNEBORN - DIN COACH AB,556593-7702,,,,,,,,
,Blomsterbörsen i Falkenberg AB,556620-8103,,,,,,,,
,Roslagsluckan AB,556608-2896,,,,,,,,
,Fjelie Mc Service AB,556559-1293,,,,,,,,
,Dehutech Aktiebolag,556558-4744,,,,,,,,
,Hälsoteket i Höganäs AB,556561-8963,,,,,,,,
,Blomstergården Åsa AB,556549-0413,,,,,,,,
,Cardiolex Medical AB,556567-5153,,,,,,,,
,Modelinn aktiebolag,556572-0223,,,,,,,,
,Anders Tysklind Bildelar AB,556558-6293,,,,,,,,
,Biomedicals Sweden AB,556580-3979,,,,,,,,
,Nordic Stainless Design AB,556576-9832,,,,,,,,
,Save-it Naturvärme AB,556566-3795,,,,,,,,
,Fibertrone AB,556579-3212,,,,,,,,
,Ellgema Galv & Transport AB,556569-9617,,,,,,,,
,Gåshaga Kafferosteri AB,556577-4089,,,,,,,,
,Hermo AB,556600-4783,,,,,,,,
,Jonas Arnell Trading AB,556602-2165,,,,,,,,
,ELPA Kontorsbutiken AB,556602-3098,,,,,,,,
,Euro Board AB,556593-9542,,,,,,,,
,Mikael Laage Sweden AB,556609-4917,,,,,,,,
,Altingiz AB,556596-1686,,,,,,,,
,Verzlun AB,556612-8913,,,,,,,,
,CSG Fastighets AB,556545-6323,,,,,,,,
,Blommor Online Sverige AB,556537-5960,,,,,,,,
,Glassmaskiner & Barutrustning Scandinavia Aktiebolag,556551-7694,,,,,,,,
,Faurecia Interior Systems Sweden AB,556546-1729,,,,,,,,
,Navamedic Aktiebolag,556564-9661,,,,,,,,
,R. Pettersson Livs Aktiebolag,556569-1895,,,,,,,,
,Hälsinge Bok AB,556567-8215,,,,,,,,
,Siljansnäs Maskin AB,556569-2836,,,,,,,,
,The Line Svenska AB,556577-0848,,,,,,,,
,Mericon Sverige AB,556567-3117,,,,,,,,
jaktia.se,,,,,https://jaktia.se,browser,no,,,Attempted to use detached Frame '54A3795C9D349C503FA670CF06BECBE4'. | method:browser
,3nine AB,556574-5394,,,,,,,,
,Klövenäs Fastigheter AB,556587-0333,,,,,,,,
,TCM Online Retail AB,556577-3545,,,,,,,,
,Processteknik GH AB,556579-2651,,,,,,,,
,Maskinservice i Krylbo AB,556601-9963,,,,,,,,
,Torgbolaget i Piteå AB,556581-7359,,,,,,,,
,Sten Jarls Bilservice AB,556603-7858,,,,,,,,
,Chrismarcand AB,556603-7916,,,,,,,,
,AdVenture Särö AB,556609-5641,,,,,,,,
,Bohem Interior AB,556607-1329,,,,,,,,
,Hagens Plantskola AB,556617-6656,,,,,,,,
,DN Holst AB,556537-6794,,,,,,,,
,Center Time AB,556547-6388,,,,,,,,
,Blomstermästarna i Finspång Aktiebolag,556540-4653,,,,,,,,
,Resarö Marina AB,556555-5603,,,,,,,,
,Arrow ECS Sweden AB,556554-0274,,,,,,,,
,M - Timbergrade AB,556570-6495,,,,,,,,
,FXNetwork AB,556572-1296,,,,,,,,
,Anna Wenebo AB,556562-1348,,,,,,,,
,Asklunda O Närlivs Aktiebolag,556581-9397,,,,,,,,
,Tottas Fritid AB,556585-5516,,,,,,,,
,Inuit AB,556576-3645,,,,,,,,
,Sportbutiken i Klarälvdalen AB,556585-4675,,,,,,,,
,Accessory Line Int AB,556615-2509,,,,,,,,
,ÖoB Aktiebolag,556439-8120,,,,,,,,
,Väv- och textilhuset Forsman Aktiebolag,556439-8153,,,,,,,,
,Lars Andersson Åkersberga Aktiebolag,556459-3894,,,,,,,,
,Artistic Profile i Lkpg AB,556539-2445,,,,,,,,
,Leksakshuset i Karlskrona AB,556562-0019,,,,,,,,
,VDL Bus Sweden AB,556549-5339,,,,,,,,
,Henrik Snäll AB,556563-4978,,,,,,,,
,Björklidens Bil & Sport AB,556550-8453,,,,,,,,
,WEG Scandinavia Aktiebolag,556554-7618,,,,,,,,
,Mixtrade i Täby AB,556558-8273,,,,,,,,
,Sören Berner Sweden AB,556569-3255,,,,,,,,
,Truck & Maskin i Norrtälje AB,556570-3989,,,,,,,,
,Kökspunkten i Ängelholm AB,556575-9759,,,,,,,,
,Ergonomiprodukter Sverige AB,556572-9398,,,,,,,,
,Magnus Consulting AB,556567-3752,,,,,,,,
,Made with LOVE AB,556569-7439,,,,,,,,
,Frilight Consulting Aktiebolag,556573-8159,,,,,,,,
,Kontorsteknik E&B.E Aktiebolag,556575-6037,,,,,,,,
,Antiqvm Interior AB,556588-5414,,,,,,,,
,Bygg & Design i Vara AB,556592-8305,,,,,,,,
,PSIDAC AB,556585-4881,,,,,,,,
,Aktiebolaget Hestra Radio och Sport,556608-7754,,,,,,,,
,Hansgrohe Aktiebolag,556457-7764,,,,,,,,
,2 the Goodlife AB,556613-5785,,,,,,,,
,O & R Pro Cycling Aktiebolag,556581-0958,,,,,,,,
,Matronic i Sverige Aktiebolag,556440-4118,,,,,,,,
,CCI Valve Technology AB,556597-6213,,,,,,,,
,Maczenta Aktiebolag,556536-9393,,,,,,,,
,Mack Maxi & Bilbutiken AB,556539-3518,,,,,,,,
,Köksskräddar'n AB,556559-4719,,,,,,,,
,Datanätet i Alvesta AB,556545-5168,,,,,,,,
,BBH Bildelar i Kungshamn AB,556562-6362,,,,,,,,
,Venczel's Bil & Maskin AB,556564-8143,,,,,,,,
,Nääsgränsgården AB,556569-4170,,,,,,,,
,Synmodets i Stockholm AB,556557-5049,,,,,,,,
,Buffers Marine AB,556571-4143,,,,,,,,
,STATHMOS AB,556565-5395,,,,,,,,
,HW Teknik & Design Aktiebolag,556573-7037,,,,,,,,
,Skultuna Intressenter AB,556576-2381,,,,,,,,
,Plåt & Mekano i Täby Försäljnings Aktiebolag,556579-4970,,,,,,,,
,JustKama AB,556602-7453,,,,,,,,
,Blomsterrabatten i Stockholm Aktiebolag,556604-7857,,,,,,,,
,Fristads Blomsteraffär AB,556594-3874,,,,,,,,
,Fönsterspecialisterna i Mockfjärd AB,556598-0678,,,,,,,,
,Sehlbergs Oljor AB,556596-9333,,,,,,,,
,Maximat Nordby AB,556617-2317,,,,,,,,
,MELLANSLAGET AB,556614-5735,,,,,,,,
,Gå och Löpkliniken i Sverige Aktiebolag,556540-2681,,,,,,,,
,Upstream AB,556555-8011,,,,,,,,
,Birger Trading AB,556558-0189,,,,,,,,
,PROGETTO Svenska AB,556559-5161,,,,,,,,
,Sidus Power Solutions Aktiebolag,556561-4129,,,,,,,,
,ANGRA AB,556551-2091,,,,,,,,
,"C.O. Persson Ur, Guld och Silver AB",556553-7395,,,,,,,,
,TOOLCOM Aktiebolag,556574-7416,,,,,,,,
,LogistikTeamet Sverige AB,556562-6008,,,,,,,,
,Connection S.A. i G:a Stan AB,556560-2751,,,,,,,,
,Automan Svenska AB,556565-5296,,,,,,,,
,MBM Konfektion AB,556588-4805,,,,,,,,
,Hönö Färghus AB,556582-5865,,,,,,,,
,Safeware P & K AB,556605-1065,,,,,,,,
,Mekolyft i Göteborg AB,556603-0366,,,,,,,,
,Incite Aktiebolag,556584-0435,,,,,,,,
,Balkefors Support AB,556586-0763,,,,,,,,
,IAG Pneumatik AB,556593-1663,,,,,,,,
,Dream Food i Norsborg AB,556611-8898,,,,,,,,
,Älmeboda M&B Aktiebolag,556597-6726,,,,,,,,
,Ballardi - Sweden Aktiebolag,556598-5479,,,,,,,,
,Växthuset Utemiljö i Täby AB,556589-9167,,,,,,,,
,Paleda Aktiebolag,556459-4546,,,,,,,,
,Lutra Marin Aktiebolag,556608-3597,,,,,,,,
,EMGE Glasögonteknik AB,556533-6517,,,,,,,,
,Car Solution Sweden Aktiebolag,556535-8875,,,,,,,,
,Pluto Design AB,556537-9723,,,,,,,,
,Fritidsagenten Sverige AB,556542-7787,,,,,,,,
,Katolsk Bokhandel i Stockholm AB,556563-8110,,,,,,,,
,Consulting and Hardware Integration i V Frölunda Aktiebolag,556564-9141,,,,,,,,
,Poff-Tech Consulting AB,556564-9893,,,,,,,,
,Bäckaskog Maskin AB,556553-7890,,,,,,,,
,Surfbutiken Sverige Aktiebolag,556556-8697,,,,,,,,
,Movando AB,556561-1596,,,,,,,,
,CN Mattsson Design AB,556560-2868,,,,,,,,
,Väskspecialisten i Åmål AB,556565-6369,,,,,,,,
,Copy Rental LB Kontor AB,556573-0057,,,,,,,,
,Fredric Jägevall AB,556574-9776,,,,,,,,
,Modelljärnvägsspecialisten Tåg och Hobby i Luleå AB,556576-4775,,,,,,,,
,Tornspiran Bil AB,556577-9427,,,,,,,,
,M Bystedt Invest AB,556580-3219,,,,,,,,
,Bengt Svensson Försäljnings AB,556582-5972,,,,,,,,
,Torvalla Bil Sätra AB,556608-6673,,,,,,,,
,MOLARUM AB,556549-5503,,,,,,,,
,Munther Optik AB,556558-1187,,,,,,,,
,Leva Livet Aktiebolag,556558-1526,,,,,,,,
,T.S. Revisionsklappen Aktiebolag,556553-4269,,,,,,,,
,Entreprenadbutiken i Göteborg AB,556553-4566,,,,,,,,
,VBS Bowling AB,556565-0800,,,,,,,,
,Merkantis AB,556570-9077,,,,,,,,
,Savback Helicopters AB,556578-4153,,,,,,,,
,Recåby Aktiebolag,556576-0674,,,,,,,,
,Lohinivas Auto AB,556582-3423,,,,,,,,
,Gnesta Bokhandel AB,556581-3630,,,,,,,,
,Bilhuset i Skövde AB,556575-0071,,,,,,,,
,Wienerberger AB,556595-1729,,,,,,,,
,Melius Mundi AB,556607-3655,,,,,,,,
,Letsfaceit Nordic AB,556586-0458,,,,,,,,
,Eskilstuna Kanotcenter & Sporthuset AB,556598-9182,,,,,,,,
,Nya Maskin och Fritid i Arvidsjaur AB,556589-5165,,,,,,,,
,P.E. Petrol Aktiebolag,556536-4741,,,,,,,,
,KJK Lagerprodukter Aktiebolag,556538-1216,,,,,,,,
,AgriScandi AB,556544-0624,,,,,,,,
,SVA System Group AB,556568-2571,,,,,,,,
,P & E Thuresson Service AB,556554-3542,,,,,,,,
,Systemtruckar Sverige AB,556559-0196,,,,,,,,
,Cigarcörner AB,556573-4349,,,,,,,,
,Ö Design Aktiebolag,556578-9079,,,,,,,,
,Enköpings Kontorsvaruhus AB,556584-9345,,,,,,,,
,Sjöklint Agenturer AB,556569-1937,,,,,,,,
ica.se,,556582-1559; 556021-0261,kundservice@ica.se,+46 8 561 500 00; +46 33 47 47 90; +46 33 47 47 94,https://www.ica.se/kontakt,browser,no,,main@https://www.ica.se/:samplingRan(sampled=0),
,Multigruppen i Umeå AB,556582-7150,,,,,,,,
,Nordisk Ekogödning AB,556582-7507,,,,,,,,
,Europe Foods Sverige AB,556607-9165,,,,,,,,
kinnarps.se,,,info@kinnarps.se,+46 515 380 00,https://www.kinnarps.se/kontakt,browser,no,sampled_3,main@https://www.kinnarps.se/:samplingRan(sampled=3) | sampleURL@https://kinnarps.se/produkter/kontor/:status=200 | sampleURL@https://kinnarps.se/produkter/skola/:status=200 | sampleURL@https://kinnarps.se/produkter/omsorg/:status=200,
,H. Samla AB,556621-4895,,,,,,,,
,Adcontact Aktiebolag,556599-1113,,,,,,,,
,Altura AB,556548-2626,,,,,,,,
,Resin Wood Aktiebolag,556537-1621,,,,,,,,
,Guld och Gåvor i Arvika Aktiebolag,556541-7945,,,,,,,,
,Nokkos & Bergman AB,556561-6348,,,,,,,,
,Björnhammarens Bruk AB,556564-0579,,,,,,,,
,Pentagram AB,556578-2256,,,,,,,,
,ORTOSIA AB,556599-7979,,,,,,,,
,Bluebox Gifts AB,556582-7705,,,,,,,,
,JH Trading Örebro AB,556606-8101,,,,,,,,
,N.M.A. Trading AB,556546-7049,,,,,,,,
,Intersonic AB,556539-3682,,,,,,,,
,Nordic Pool i Upplands-Väsby AB,556544-1028,,,,,,,,
,Tradifood AB,556545-1621,,,,,,,,
,DocuWare AB,556560-9673,,,,,,,,
,Anders Lindberg Förpackningar Aktiebolag,556550-6994,,,,,,,,
,Blomstergrossisten i Malmö AB,556565-1428,,,,,,,,
,Fitness Brands Sweden AB,556559-5336,,,,,,,,
,EFS Entré & Fastighetsservice AB,556563-1073,,,,,,,,
,Alfalux Nordic AB,556574-2532,,,,,,,,
,Sollentuna Emballagehantering AB,556566-7382,,,,,,,,
,Ergocraft Maskin Aktiebolag,556566-7770,,,,,,,,
,R.A. Konditori AB,556582-3571,,,,,,,,
,Clean Burn Trading AB,556592-2936,,,,,,,,
,MIH Development Aktiebolag,556582-7754,,,,,,,,
,Isam Kalka AB,556609-0014,,,,,,,,
,Joniglas AB,556597-2436,,,,,,,,
,Eupac Aktiebolag,556458-4323,,,,,,,,
,Aircenter Fastighets AB,556534-5609,,,,,,,,
,AB Bikupeprodukter b.b.,556553-3527,,,,,,,,
,Fyndlagret i Tranemo Aktiebolag,556553-8104,,,,,,,,
,Miljö Companiet i Sverige AB,556558-1211,,,,,,,,
,Torbjörns Alltjänst AB,556550-7059,,,,,,,,
,Legio Bike Sju AB,556567-5880,,,,,,,,
,ND Norr AB,556572-7830,,,,,,,,
,Abrasive Technology Sweden Aktiebolag,556579-8443,,,,,,,,
,JaBaDaBaDo AB,556578-7784,,,,,,,,
,NorviGroup Sweden AB,556588-0639,,,,,,,,
,Wedbergs Blommor AB,556589-6494,,,,,,,,
,Lemab IT Kommunikation AB,556557-9017,,,,,,,,
,Unimedic Pharma AB,556557-9967,,,,,,,,
,Marnil AB,556559-0956,,,,,,,,
,Advanced Computer Technology i Linköping Aktiebolag,556566-1922,,,,,,,,
,Jaco Maskinservice Aktiebolag,556555-3178,,,,,,,,
,Mina Bilar i Norrort AB,556555-3533,,,,,,,,
,MatDax i Högdalen Aktiebolag,556567-7308,,,,,,,,
,SMG Försäljning Profil Aktiebolag,556575-6615,,,,,,,,
,Lofab i Hamburgsund AB,556587-9318,,,,,,,,
,Formatic Aktiebolag,556584-2738,,,,,,,,
,Skåneblommor Aktiebolag,556365-8060,,,,,,,,
,Thuasne Scandinavia AB,556553-2859,,,,,,,,
,SoftIT Växby Arvidsson Aktiebolag,556551-0889,,,,,,,,
,Förvaltning Inköp Björn Eklund AB,556562-8962,,,,,,,,
,Exert AB,556569-6308,,,,,,,,
,Exett Fastighets AB,556552-6497,,,,,,,,
,Lidingö Gummicentral AB,556343-4892,,,,,,,,
,SMD Logistics AB,556571-7039,,,,,,,,
,Bandai Namco Entertainment Nordic AB,556571-9621,,,,,,,,
,M.A.T. Citystile AB,556566-7150,,,,,,,,
,Amer Sports Sverige AB,556571-3822,,,,,,,,
,Kvantum Nacksta AB,556569-6746,,,,,,,,
,Hagbard's i Gävle AB,556575-7985,,,,,,,,
,BOKE International AB,556578-7370,,,,,,,,
,Estremo AB,556579-2438,,,,,,,,
elon.se,Integritetspolicy Elon Group AB,556654-6213; 556857-5525,kundservice@elon.se; gdpr@elon.se,+46 10 220 40 00,https://www.elon.se/kundtjanst/,browser,yes,cart; checkout; product_cards,main@https://www.elon.se/:hasCheckout(urlPath:/checkout) | main@https://www.elon.se/:hasCart(urlPath:/cart) | main@https://www.elon.se/:productCards(148) | DECISION@main@https://www.elon.se/ | contact_like@https://www.elon.se/kundtjanst:hasCheckout(urlPath:/checkout) | contact_like@https://www.elon.se/kundtjanst:hasCart(urlPath:/cart) | DECISION@contact_like@https://www.elon.se/kundtjanst | internal@https://www.elon.se/integritetspolicy:hasCheckout(urlPath:/checkout) | internal@https://www.elon.se/integritetspolicy:hasCart(urlPath:/cart) | DECISION@internal@https://www.elon.se/integritetspolicy,
,British Auto Sweden AB,556588-7519,,,,,,,,
,Timmersdala livs AB,556595-1877,,,,,,,,
,Partihandel i Malmö AB,556567-1582,,,,,,,,
,KLEAB Klaveness Larm & Elteknik AB,556358-2211,,,,,,,,
,Vitamex Manufacturing AB,556582-2953,,,,,,,,
,Nordin på Österlen AB,556582-3027,,,,,,,,
,NORDIC DESIGNS & BRANDS AB,556586-5366,,,,,,,,
,PAN Vision Aktiebolag,556592-2480,,,,,,,,
,Game Set Match Ljusdal AB,556378-2621,,,,,,,,
,Kulturmejan Aktiebolag,556590-0627,,,,,,,,
,Järnbröderna AB,556552-1860,,,,,,,,
,"Badrumsspecialisten Badrummet, Sverige AB",556553-1067,,,,,,,,
,Gärsnäs Bil AB,556560-3221,,,,,,,,
,Härlövs bilar AB,556554-2932,,,,,,,,
,Lagerhus Ekström Trading Aktiebolag,556338-0616,,,,,,,,
,Hansa Engineering Aktiebolag,556563-5587,,,,,,,,
,Luddes Däck & hyresmaskiner i Fagersta AB,556570-6438,,,,,,,,
,Happy Soul i Umeå Aktiebolag,556569-1911,,,,,,,,
,Swedish Technical ST-Trading Aktiebolag,556557-7755,,,,,,,,
,Bildelen i Ulricehamn AB,556578-8717,,,,,,,,
,Comfuture Aktiebolag,556564-8978,,,,,,,,
hemkop.se,,,,,https://hemkop.se,browser,yes,sampled_3; sample_pdp_1; sample_addtocart_3,main@https://www.hemkop.se/:samplingRan(sampled=3) | sampleURL@https://hemkop.se/artikel/tillganglighetsredogorelse:status=200:ATC | sampleURL@https://hemkop.se/artikel/inspiration:status=200:ATC | sampleURL@https://hemkop.se/artikel/billiga-veckan:status=200:PDP+ATC | DECISION@sample (confirmed) | DECISION@main@https://www.hemkop.se/,
,Berga Återvinnings AB,556566-0874,,,,,,,,
,Karl G Klinga Aktiebolag,556355-7205,,,,,,,,
,Zernava AB,556575-4008,,,,,,,,
,Herast Interest AB,556573-7615,,,,,,,,
,Skogsmateriel-Nordforest Aktiebolag,556579-1349,,,,,,,,
,Svenska Wip Aktiebolag,556366-2450,,,,,,,,
,M&M Blommor i Kristianstad AB,556590-4439,,,,,,,,
,FROHE Datainkasso AB,556544-4386,,,,,,,,
,Etikettkompaniet trimmings AB,556547-0183,,,,,,,,
,Nord Vacc Läkemedel Aktiebolag,556323-1090,,,,,,,,
,Pappersgrossisten i Jönköping Aktiebolag,556323-1132,,,,,,,,
,Skaraborgs Skrot Aktiebolag,556551-5961,,,,,,,,
,Erlings Bil Aktiebolag,556329-7273,,,,,,,,
,Stefan Edkvist AB,556562-0241,,,,,,,,
,Göteborgs Oljedepå Aktiebolag,556562-0647,,,,,,,,
,Granqvist Beverage House AB,556343-2649,,,,,,,,
,AB Poly-Produkter,556563-6353,,,,,,,,
,Allroc Trading Aktiebolag,556566-7788,,,,,,,,
,Sune Bäckmans Bilar AB,556568-6762,,,,,,,,
,S N Ekiperings Aktiebolag,556349-5497,,,,,,,,
,NOLLNITTI AB,556573-9645,,,,,,,,
,Catharina Arnander Begagnade Kläder Aktiebolag,556370-2629,,,,,,,,
,Auto Blå AB,556409-3143,,,,,,,,
,Alva Sweden AB,556589-0364,,,,,,,,
,L-E P Röslöv AB,556534-7332,,,,,,,,
,Percy Johansson Sport & Handel AB,556554-4631,,,,,,,,
,Granby Såg AB,556554-5810,,,,,,,,
,Rita Lundberg Aktiebolag,556561-9714,,,,,,,,
ica.se,,556582-1559; 556021-0261,kundservice@ica.se,+46 8 561 500 00; +46 33 47 47 90; +46 33 47 47 94,https://www.ica.se/kontakt,browser,no,,main@https://www.ica.se/:samplingRan(sampled=0),
,Renluft Hammarö AB,556576-0237,,,,,,,,
,Haga Nygata 27 Sko & Textil Aktiebolag,556577-3602,,,,,,,,
,Rulex Livs AB,556595-3162,,,,,,,,
,Dyrgripen Handelshus Aktiebolag,556349-9820,,,,,,,,
,Corso Studios AB,556582-5295,,,,,,,,
,MadeMill AB,556588-7865,,,,,,,,
,LD Inredningar Aktiebolag,556411-5151,,,,,,,,
,Bingsjö Lanthandel AB,556589-7070,,,,,,,,
,BARKONSULT Jakobsson & Lövgren Aktiebolag,556590-3274,,,,,,,,
,Aviation Network ANM AB,556553-3345,,,,,,,,
,Virab VVS Produktion AB,556558-5683,,,,,,,,
,Frisörprodukter i Södertälje Aktiebolag,556323-4821,,,,,,,,
,Laggarudden Ludvika AB,556334-9066,,,,,,,,
,Södertullskiosken AB,556559-3158,,,,,,,,
,Vindberga AB,556566-8950,,,,,,,,
,Optiker Lena & Urban Sandh AB,556556-5743,,,,,,,,
,Svenska Hem i Mölndal Aktiebolag,556573-2186,,,,,,,,
,KK i Dalarna AB,556578-2645,,,,,,,,
,Prisma Marketing Co AB,556410-5376,,,,,,,,
,Kungs-Ur Aktiebolag,556411-6092,,,,,,,,
,Auktionshuset Metropol Aktiebolag,556583-7738,,,,,,,,
,Théboden i Västerås AB,556550-5491,,,,,,,,
,Rosins Förvaltning AB,556537-7743,,,,,,,,
,SHR Consult & Holding AB,556537-8006,,,,,,,,
,Kyl & Värmepumpservice i Stor-Stockholm AB,556566-4868,,,,,,,,
,NETCommunity Scandinavia Aktiebolag,556559-2853,,,,,,,,
,Hälsoprodukter i Bollnäs AB,556561-1836,,,,,,,,
,Sandareds Bensin och Service Aktiebolag,556333-0660,,,,,,,,
,Löp & Skokliniken i Göteborg Aktiebolag,556562-2031,,,,,,,,
,Conect Networks & Information Technology i Jönköping AB,556558-7101,,,,,,,,
,Claes Nöremark Aktiebolag,556338-5243,,,,,,,,
,Eurosell Nordic Aktiebolag,556347-9095,,,,,,,,
,MOBEA AB,556571-3699,,,,,,,,
,Karlstad Pulp Technology Group AB,556556-5842,,,,,,,,
,Prästängen Mellansverige AB,556557-5023,,,,,,,,
,Texa Design AB,556557-9009,,,,,,,,
,S.R. Handels AB,556574-6566,,,,,,,,
,"Landelius, kläder för män Aktiebolag",556557-9439,,,,,,,,
,P-A Färg AB,556572-3359,,,,,,,,
,Joachim & Richard Sport Aktiebolag,556370-8691,,,,,,,,
,Harald Svenssons Måleriaffär Aktiebolag,556588-9622,,,,,,,,
,Printprofil i Ystad Aktiebolag,556589-3541,,,,,,,,
,Hawapack Aktiebolag,556589-4150,,,,,,,,
,Jonssons Möbler i Åseda AB,556591-6664,,,,,,,,
,Sundbeck International Trading AB,556383-5486,,,,,,,,
,Happy Homes Borlänge AB,556582-7689,,,,,,,,
,Lystor Förvaltning AB,556584-1326,,,,,,,,
,Cottex Aktiebolag,556418-8307,,,,,,,,
,Ceramic Coatings Europe AB,556557-3416,,,,,,,,
,DuraCrete AB,556558-8711,,,,,,,,
,Good News Herrkonfektion AB,556550-4288,,,,,,,,
autoexperten.se,,,kundservice@autoexperten.se,+46 8 92 33 34,https://www.autoexperten.se/kundservice/,browser,yes,checkout_provider; product_cards; checkout; provider:stripe,main@https://www.autoexperten.se/:providers(stripe) | main@https://www.autoexperten.se/:productCards(10) | main@https://www.autoexperten.se/:samplingRan(sampled=0) | internal@https://www.autoexperten.se/bilverkstad/:hasCheckout(uiPhrase) | internal@https://www.autoexperten.se/bilverkstad/:providers(stripe) | internal@https://www.autoexperten.se/bilverkstad/:productCards(14) | DECISION@internal@https://www.autoexperten.se/bilverkstad/ | contact_like@https://www.autoexperten.se/avtalskund/serviceavtal/:providers(stripe) | contact_like@https://www.autoexperten.se/avtalskund/serviceavtal/:productCards(4) | contact_like@https://www.autoexperten.se/kundservice/:hasCheckout(uiPhrase) | contact_like@https://www.autoexperten.se/kundservice/:providers(stripe) | contact_like@https://www.autoexperten.se/kundservice/:productCards(4) | DECISION@contact_like@https://www.autoexperten.se/kundservice/,
,Sport Fossto Aktiebolag,556344-5021,,,,,,,,
,Top Raider AB,556565-5759,,,,,,,,
,bjelleforsgruppen kontor AB,556557-5130,,,,,,,,
,International Matador Razor AB,556575-3232,,,,,,,,
,Blue Fox AB,556562-0134,,,,,,,,
,Amax Färgprodukter AB,556576-5319,,,,,,,,
,Lönn Kläder AB,556376-9164,,,,,,,,
,Kurvans Matmarknad AB,556585-0251,,,,,,,,
,Riviera Blommor i Sundsvall AB,556363-5043,,,,,,,,
,Krister Ohlsson Livsmedel AB,556583-0055,,,,,,,,
,DPI Digital Piste Grooming AB,556590-2763,,,,,,,,
,THAWAB CONSULT AB,556541-3696,,,,,,,,
,L-E Gustavssons Elektriska Aktiebolag,556557-5148,,,,,,,,
,Marks Jakt och Fiskecenter AB,556560-9947,,,,,,,,
,Josab Water Solutions AB (publ),556549-1114,,,,,,,,
,Anders Persson Kranteknik Aktiebolag,556333-2864,,,,,,,,
,AB Opdahls Livs,556562-8079,,,,,,,,
,Still Sparkling Solutions AB,556579-0960,,,,,,,,
,EMEIS Estate AB,556579-8542,,,,,,,,
,Fiskedepån i Helsingborg Aktiebolag,556421-2701,,,,,,,,
,Carsystem Group Sweden AB,556580-1296,,,,,,,,
,K & M Holding Aktiebolag,556406-6990,,,,,,,,
,Ingelstad Servicebutik AB,556589-0448,,,,,,,,
,Trend House i Värnamo Aktiebolag,556351-3828,,,,,,,,
,Handelshuset i Vingåker AB,556568-1128,,,,,,,,
,SESKAB AB,556574-4256,,,,,,,,
,Borgne Innovation AB,556592-8586,,,,,,,,
,Better Hockey Sweden Aktiebolag,556382-9455,,,,,,,,
,Lykiskou Invest AB,556583-2747,,,,,,,,
,Coordinated Living CL Team AB,556384-2169,,,,,,,,
,Bilhallen Veinge Karlsson & Söner AB,556416-3946,,,,,,,,
,Pelle G. Svetsservice i Skövde AB,556550-7315,,,,,,,,
,Sandatex i Borås AB,556554-3682,,,,,,,,
,Sörsand AB,556559-0097,,,,,,,,
,Hobson & Co Aktiebolag,556560-8428,,,,,,,,
,European Information System AB,556546-4764,,,,,,,,
,BT Food AB,556562-4946,,,,,,,,
,Linvatec Conmed Sweden AB,556561-6520,,,,,,,,
,Wismo Automotive AB,556556-8515,,,,,,,,
,Björk & Carlsson Försäljning AB,556561-4590,,,,,,,,
,Minsjö Säteri Aktiebolag,556560-6737,,,,,,,,
,K.U.S Stockholm Sweden Aktiebolag,556567-7746,,,,,,,,
,Malmö Stormarknad AB,556588-0266,,,,,,,,
,Zarox AB,556577-8171,,,,,,,,
,Penntique i Västerås Aktiebolag,556419-3760,,,,,,,,
,First Brands AB,556584-2654,,,,,,,,
,Palladiumkiosken i Västervik AB,556553-8088,,,,,,,,
,Solskydd & Design i Väst AB,556553-6777,,,,,,,,
,Nigra Aktiebolag,556561-1562,,,,,,,,
,Monica Jansson AB,556545-0706,,,,,,,,
,Polar Seafood Aktiebolag,556335-9545,,,,,,,,
,Bok & Papper i Askersund Aktiebolag,556338-9104,,,,,,,,
,Fastighets AB Linelia,556567-9411,,,,,,,,
,Kassacentralen i Väst AB,556576-3967,,,,,,,,
,Sängcompaniet Karlstad AB,556561-4897,,,,,,,,
,sense produktion AB,556577-7686,,,,,,,,
,Marieberg Bil AB,556563-8631,,,,,,,,
,Industriservice BeNi i Osby Aktiebolag,556354-3106,,,,,,,,
,Swedish Hasbeens AB,556569-9971,,,,,,,,
,Rojan Food AB,556592-7984,,,,,,,,
,Stråket AB,556593-9757,,,,,,,,
,Anpassarna Gunnérius Aktiebolag,556594-8048,,,,,,,,
,Lillöga AB,556584-5533,,,,,,,,
,Aiglon AB,556585-2208,,,,,,,,
,Argoflex AB,556586-1225,,,,,,,,
,Conformus AB,556553-4855,,,,,,,,
,Awmatiz Inredning AB,556552-7255,,,,,,,,
,L N S Kommunikation Aktiebolag,556554-4391,,,,,,,,
,Nellborgs Joakim Cykel i Linköping AB,556545-1175,,,,,,,,
,NACKA Byggnadsvård AB,556557-8928,,,,,,,,
,Pellmell AB,556558-0429,,,,,,,,
,Cykeltjänst i Södertälje Aktiebolag,556547-4243,,,,,,,,
,CBK Sweden AB,556549-5297,,,,,,,,
,Modehörnan i Höör AB,556551-8197,,,,,,,,
,Camfil Power Systems AB,556556-9356,,,,,,,,
,Bohmans Bokhandel Aktiebolag,556555-9365,,,,,,,,
,Teoism Audio AB,556333-8937,,,,,,,,
,Mon.Zon Sverige AB,556564-1668,,,,,,,,
,Thermalloys AB,556565-9025,,,,,,,,
,Angela C Boutique AB,556567-9718,,,,,,,,
,NO Försäljning AB,556564-3862,,,,,,,,
,PiNik Mat AB,556559-4826,,,,,,,,
,Emil & Son Arbetsträning Nätverk i Skellefteå AB,556576-4767,,,,,,,,
,Roslinds Optik Aktiebolag,556580-3441,,,,,,,,
,Vetduvad Aktiebolag,556565-3556,,,,,,,,
,Höllvikens Färghandel Eftr AB,556574-7143,,,,,,,,
,Eltric AB,556583-1657,,,,,,,,
,Bonifatu Aktiebolag,556577-6985,,,,,,,,
,Hällesåker Trävaru- & Försäljningsaktiebolag,556419-3679,,,,,,,,
,Carepa AB,556419-4396,,,,,,,,
,Bil & Fastighetsbolaget CABAX AB,556584-2555,,,,,,,,
,E-Com Stockholm AB,556588-4417,,,,,,,,
,ATCO Försäljnings AB,556555-0208,,,,,,,,
,Mil-tek Sverige AB,556562-3880,,,,,,,,
,Optiker Green i Vara AB,556563-7161,,,,,,,,
,PN Ecokonsult AB,556564-2658,,,,,,,,
,Qualisign AB,556566-0106,,,,,,,,
,EJ's Hälsokost Aktiebolag,556339-0581,,,,,,,,
,Taxi Wäst I Falkenberg AB,556339-2132,,,,,,,,
,Bio-Cide Scandinavia AB,556564-6238,,,,,,,,
,Möbelgruppen i Alvesta AB,556564-7624,,,,,,,,
,Solblomman Mode Aktiebolag,556562-5729,,,,,,,,
,Pure Living AB,556581-4059,,,,,,,,
,Krusman Nödduschar Aktiebolag,556573-4844,,,,,,,,
,Optisk Vision Göteborg AB,556575-0303,,,,,,,,
,Bosses MACK Oskarström Aktiebolag,556363-9185,,,,,,,,
,B Steiring AB,556581-4851,,,,,,,,
,MatDax i Hökarängen Aktiebolag,556589-4317,,,,,,,,
,Stay Home Electronics AB,556589-4457,,,,,,,,
,JABELLI AB,556551-5227,,,,,,,,
,Väskman AB,556551-8239,,,,,,,,
,Family House 59 Aktiebolag,556552-2314,,,,,,,,
,Granudden Fritid AB,556559-8785,,,,,,,,
,K.G SVENSK BYGGKONSTRUKTION AB,556555-1826,,,,,,,,
,AAA AB,556559-9809,,,,,,,,
,Bok & Kontorshandel i Närke Aktiebolag,556334-0859,,,,,,,,
,S.S. Bilbehör Aktiebolag,556339-6794,,,,,,,,
,Rediviva Optik AB,556570-8350,,,,,,,,
,Vätterbygdens Truck Aktiebolag,556354-5564,,,,,,,,
,Popz Sverige AB,556577-1796,,,,,,,,
,EuroEmilia AB,556572-9190,,,,,,,,
,Bröderna Håkanssons Rör AB,556575-1640,,,,,,,,
,Nordicase Aktiebolag,556568-2894,,,,,,,,
,Lodin Investment Fund AB,556574-0791,,,,,,,,
,Rentorp Scandinavia AB,556553-7049,,,,,,,,
,Oljetankservice i Spånga Aktiebolag,556540-4398,,,,,,,,
,Peter Pluntky AB,556563-1495,,,,,,,,
,TeroSystem AB,556557-2608,,,,,,,,
,Bil & Marinteknik i Halmstad AB,556328-8488,,,,,,,,
,Skodon International i Falkenberg Aktiebolag,556342-5304,,,,,,,,
,Mycke i Göteborg AB,556562-8103,,,,,,,,
,SDC-Trading AB,556564-8168,,,,,,,,
,Klöverlivs AB,556573-0313,,,,,,,,
,Racerdepån Fåglum-Karlsson AB,556579-5142,,,,,,,,
,Gühring Sweden AB,556574-3522,,,,,,,,
,Flottebo frukt och grönt Aktiebolag,556588-3930,,,,,,,,
,Nordins Textil Agentur Aktiebolag,556567-3398,,,,,,,,
,Campingvaruhuset i Norden AB,556352-7968,,,,,,,,
,Sköndals Spel & Tobak AB,556572-6642,,,,,,,,
,E Schartau Livs Aktiebolag,556570-2718,,,,,,,,
,Euro Star Radio AB,556576-3074,,,,,,,,
,Marine Quality Control MQC Aktiebolag,556584-9428,,,,,,,,
,IXI Neon AB,556579-6496,,,,,,,,
,Gränshuset i Gäddede AB,556586-5887,,,,,,,,
,East Harvest AB,556587-1711,,,,,,,,
,Kebelco AB,556587-9615,,,,,,,,
,TriffiQ Företagsprofilering AB,556582-6673,,,,,,,,
,Stötabo AB,556590-0072,,,,,,,,
,Storköksidé i Halmstad AB,556373-3350,,,,,,,,
,Röbäcks Livsmedel i Umeå Aktiebolag,556550-7455,,,,,,,,
,Dasbaf Aktiebolag,556540-4661,,,,,,,,
,MS Betongpumpning AB,556556-9190,,,,,,,,
,Holmsjö Bensin & Motor AB,556559-9882,,,,,,,,
,Energieffektivisering i Sverige AB,556563-9647,,,,,,,,
,J E Laserservice AB,556561-8104,,,,,,,,
,Persicum Förvaltnings Aktiebolag,556568-8099,,,,,,,,
,Programekonomi Svenska Aktiebolag,556568-6606,,,,,,,,
,Sibell i Göteborg AB,556568-6846,,,,,,,,
,Viskafors Bensin AB,556550-5673,,,,,,,,
,Emcomp International AB,556556-0165,,,,,,,,
,Hansen Art AB,556342-5387,,,,,,,,
,Räfsnäs Såg Aktiebolag,556346-2752,,,,,,,,
,FlowerTeam of Sweden Aktiebolag,556554-1058,,,,,,,,
,Present - IT Aktiebolag,556569-8551,,,,,,,,
,FLEXIMA AB,556383-7961,,,,,,,,
,MA Andersson AB,556593-1887,,,,,,,,
,Tom - Eskil AB,556594-0011,,,,,,,,
,ALFI Extraction Systems Aktiebolag,556573-5452,,,,,,,,
,Tiunda Transport & Trading AB,556358-0819,,,,,,,,
,Mölnlycke Garden Center AB,556575-3224,,,,,,,,
,Frico AB,556573-3812,,,,,,,,
,Dunmedic AB,556589-7534,,,,,,,,
,HÅKAB Teknik AB,556419-8967,,,,,,,,
,PALLMAX Sweden Aktiebolag,556373-7732,,,,,,,,
,Navis aktiebolag,556550-7760,,,,,,,,
,Höglandets Maskin Skog & Entreprenad AB,556560-1829,,,,,,,,
,MaskinProdukter i Nyköping Aktiebolag,556560-2645,,,,,,,,
,Hemma hos M AB,556564-0637,,,,,,,,
,Sinli Trading Aktiebolag,556556-0793,,,,,,,,
,Capital Information Invest Sweden AB,556561-3360,,,,,,,,
,Blomstergrossisten i Västerås AB,556565-1444,,,,,,,,
,Jefrima AB,556595-0804,,,,,,,,
,Harry Larsson o Söner Fisk Aktiebolag,556421-4889,,,,,,,,
,Ponsse Aktiebolag,556426-7911,,,,,,,,
,Belins Bil Begagnatcenter AB,556600-3009,,,,,,,,
,Hexagon Manufacturing Intelligence Nordic AB,556601-9773,,,,,,,,
,Ergofokus AB,556606-4167,,,,,,,,
,GSS Larm AB,556603-8344,,,,,,,,
,Ögonkontakt i Norr Aktiebolag,556587-3014,,,,,,,,
,Arilds Vingård AB,556535-1052,,,,,,,,
,Nice Företagsreklam i Göteborg Aktiebolag,556564-4274,,,,,,,,
,Aktinolit Invest AB,556556-6212,,,,,,,,
,Aros Auto AB,556563-0752,,,,,,,,
,GEFORM AB,556541-8489,,,,,,,,
,Scandinavian Equine Nutrition AB,556547-9143,,,,,,,,
,Yamandu Pontvik Music AB,556570-2676,,,,,,,,
,Venditio-Group Sweden AB,556548-6650,,,,,,,,
,Swedish Consumer Direct SCD AB,556575-5252,,,,,,,,
,Steneby Cement & Bygg AB,556575-6359,,,,,,,,
,Bianchi Industry Nordics AB,556578-6596,,,,,,,,
,MD Success Aktiebolag,556553-8765,,,,,,,,
,NC Nordic Control AB,556583-2663,,,,,,,,
,ArkipelagX AB,556583-1012,,,,,,,,
,Malmborgs Caroli City AB,556588-8715,,,,,,,,
,Örjan Molander Guld Aktiebolag,556423-9209,,,,,,,,
,Matbutiken Duvbo AB,556599-3606,,,,,,,,
,Adjutrix Aktiebolag,556435-6813,,,,,,,,
,Cipmylo Marine Antiques AB,556609-0048,,,,,,,,
,Gislaved Stormarknad AB,556614-9463,,,,,,,,
,Curring AB,556562-1009,,,,,,,,
,Färghuset i Bollnäs AB,556545-1571,,,,,,,,
,Jarlstam Fyndmarknad AB,556557-7672,,,,,,,,
,Biotek i Halmstad Aktiebolag,556561-7312,,,,,,,,
,B2B IT-Partner AB,556593-0996,,,,,,,,
,Holmgren & Persson Vin AB,556596-0688,,,,,,,,
,Fagerbergs Herrekipering Aktiebolag,556594-9301,,,,,,,,
,Kakelhuset i Ö-vik Aktiebolag,556422-6495,,,,,,,,
,Wisit Försäljnings Aktiebolag,556424-0983,,,,,,,,
,Citykiosken i Umeå AB,556597-2329,,,,,,,,
,Ro-Mo Sweden Aktiebolag,556435-8694,,,,,,,,
,AB Skruvat Reservdelar,556605-7336,,,,,,,,
,AH Bensin & Livs i Kisa AB,556439-4038,,,,,,,,
,M.O Marketing Aktiebolag,556440-4241,,,,,,,,
,Smestadens Äventyrsgolf AB,556605-7617,,,,,,,,
,Samsung Electronics Nordic Aktiebolag,556445-4345,,,,,,,,
,E.M.S. Teknik AB,556598-6360,,,,,,,,
,DESINO AB,556618-5301,,,,,,,,
,Digitalbild Sverige Aktiebolag,556563-2881,,,,,,,,
,Guldbutiken i Eskilstuna Aktiebolag,556566-1435,,,,,,,,
,Kållereds Allservice Aktiebolag,556562-1884,,,,,,,,
,Kyrkebysvind AB,556543-9139,,,,,,,,
,Audio Video i Nässjö AB,556545-1605,,,,,,,,
,Wulfing Consulting AB,556572-4274,,,,,,,,
,Telecom Express i Helsingborg Aktiebolag,556569-5987,,,,,,,,
,Repslagar'n i Örebro Aktiebolag,556577-3982,,,,,,,,
,Lagervall & Widén Aktiebolag,556574-0783,,,,,,,,
,Maskin Väst AB,556575-8082,,,,,,,,
,Hamnkiosken i Simrishamn AB,556581-0750,,,,,,,,
,Nacka Service Center AB,556555-3285,,,,,,,,
,Sontax AB,556585-1747,,,,,,,,
,SGREEN Sweden AB,556588-3682,,,,,,,,
,Städ & Kemihallen i Sörmland AB,556571-9514,,,,,,,,
,Petroteknik Jan Ageheim Aktiebolag,556426-0114,,,,,,,,
,Elaffären i Norsjö AB,556432-5149,,,,,,,,
,S. Björk Maskin i Dalarna Aktiebolag,556442-1245,,,,,,,,
,Alingsås Huspaket AB,556442-9362,,,,,,,,
,Alvesta Husvagn & Fritid Aktiebolag,556609-2465,,,,,,,,
,Indusol AB,556609-1707,,,,,,,,
,L & D Scandinavia AB,556450-1111,,,,,,,,
,BGF-butikerna i Linköping AB,556533-0445,,,,,,,,
,Proflute AB,556558-3415,,,,,,,,
,Agntho's AB,556534-5344,,,,,,,,
,HAINBUCH Svenska AB,556552-2983,,,,,,,,
,EKO-Gruppen Hässleholm AB,556562-4813,,,,,,,,
,birgitta K:s Second hand Aktiebolag,556560-1217,,,,,,,,
,Logicator AB,556561-3626,,,,,,,,
hemkop.se,,,,,https://hemkop.se,browser,yes,sampled_3; sample_pdp_1; sample_addtocart_3,main@https://www.hemkop.se/:samplingRan(sampled=3) | sampleURL@https://hemkop.se/artikel/tillganglighetsredogorelse:status=200:ATC | sampleURL@https://hemkop.se/artikel/inspiration:status=200:ATC | sampleURL@https://hemkop.se/artikel/billiga-veckan:status=200:PDP+ATC | DECISION@sample (confirmed) | DECISION@main@https://www.hemkop.se/,
,Maskincentrum i Örnsköldsvik AB,556578-8303,,,,,,,,
,The World Family Aktiebolag,556581-1048,,,,,,,,
,Mediafabriken i Kalmar Aktiebolag,556583-3539,,,,,,,,
,Reelaax AB,556588-4227,,,,,,,,
,Allvärmeteknik KVV Aktiebolag,556424-3946,,,,,,,,
,Gretas Brödbutik Aktiebolag,556426-1682,,,,,,,,
,INO-Q Aktiebolag,556430-8962,,,,,,,,
,Kastbergs Livs Aktiebolag,556433-8399,,,,,,,,
,Sjölin & Hagström Motor Aktiebolag,556600-6184,,,,,,,,
,"Dansk Kabel Teknik, DKT Aktiebolag",556575-2754,,,,,,,,
,Lifeline Sweden AB,556587-4400,,,,,,,,
,Borås Brasvärme Pelletcenter AB,556608-5683,,,,,,,,
,Point Scandinavia AB,556608-5832,,,,,,,,
,Lager 157 AB,556549-2690,,,,,,,,
,Alltid Livs Aktiebolag,556564-7483,,,,,,,,
,Picture express i Farsta AB,556561-3121,,,,,,,,
,Postronic AB,556563-3863,,,,,,,,
,Cykelsmedjan i Eksjö AB,556582-6426,,,,,,,,
,WithSecure AB,556577-8924,,,,,,,,
,Climeet Skandinaviskt Energi- och Miljöcenter AB,556564-1437,,,,,,,,
,Compomill Nordic Components AB,556584-1870,,,,,,,,
,Impala Malmö AB,556593-8239,,,,,,,,
,Guldsmedjan i Umeå AB,556567-0410,,,,,,,,
,Film-it Sweden Aktiebolag,556586-9681,,,,,,,,
,Sea Force One AB,556602-6034,,,,,,,,
,Magnus Jörnesten AB,556600-7034,,,,,,,,
,Kiddies i Stockholm AB,556609-3117,,,,,,,,
,Västekonomerna AB,556576-4445,,,,,,,,
,Åhléns Outlet AB,556603-7486,,,,,,,,
,P.S. Säsongsprodukter AB,556605-3269,,,,,,,,
,MgO Sweden AB,556454-1588,,,,,,,,
,Ulvhäll Art AB,556581-0818,,,,,,,,
,Paradiso AB,556598-1668,,,,,,,,
,Den Goda Fen Aktiebolag,556582-1773,,,,,,,,
,Se Bil AB,556573-8860,,,,,,,,
,ISP Innovative Sports Products AB,556577-6613,,,,,,,,
,Grossist Tobak MMHT Sweden AB,556574-4066,,,,,,,,
,Kjelltex AB,556552-8840,,,,,,,,
,Li-Bu AB,556582-5188,,,,,,,,
,CyberPhoto Aktiebolag,556555-4762,,,,,,,,
,SICA Skolornas Inköpscentral AB,556563-0893,,,,,,,,
,J.K. Joelsson Holding AB,556589-3350,,,,,,,,
,MOLFO AB,556571-0406,,,,,,,,
,Cihan Aktiebolag,556423-4739,,,,,,,,
,SAFAST Fastigheter AB,556597-7708,,,,,,,,
,J & B UNENGE Aktiebolag,556427-6177,,,,,,,,
,Mediateknik Anders Johansson AB,556599-9199,,,,,,,,
,Lomma Lågpris AB,556590-2755,,,,,,,,
,Bjäresjö Vind AB,556613-9126,,,,,,,,
,AND.RE GÖTEBORG AB,556602-3056,,,,,,,,
,Brake the border AB,556598-5842,,,,,,,,
,Mölnlycke Blomsterhandel AB,556602-4880,,,,,,,,
,Vågleverantören i Sverige AB,556557-4083,,,,,,,,
,Hönöfisk AB,556550-8636,,,,,,,,
,Måla i Småland AB,556542-7886,,,,,,,,
,MILMEDTEK AB,556547-3617,,,,,,,,
,Fairnet AB,556585-5524,,,,,,,,
,Fjällsport i Arvidsjaur AB,556586-7156,,,,,,,,
,Form Factory of Sweden AB,556584-6671,,,,,,,,
,Stevo's Storkök Aktiebolag,556563-1016,,,,,,,,
,Arona Partner AB,556585-7413,,,,,,,,
,Frema AB,556600-4437,,,,,,,,
,Nordcast Aktiebolag,556445-3032,,,,,,,,
,Affärsidé Knud Nielsen AB,556598-3961,,,,,,,,
,BEST Industrier AB,556605-5439,,,,,,,,
,Stora Hunden Fastighets AB,556604-8293,,,,,,,,
,Färgelanda Modebutik AB,556605-0307,,,,,,,,
,SafeGroup Scandinavia AB,556608-7283,,,,,,,,
,Gasolbolaget Johnny Ygdevik AB,556608-7713,,,,,,,,
,Lionheart AB,556582-4348,,,,,,,,
,Stockholms Skruvcentral AB,556538-1810,,,,,,,,
,Wild Man AB,556542-8439,,,,,,,,
,Imcon AB,556562-4425,,,,,,,,
,Admi EkonomiResurs i Järfälla AB,556571-0273,,,,,,,,
,Svenska Motorkompaniet AB,556576-5269,,,,,,,,
,BM Betong & Marmor AB,556568-0161,,,,,,,,
ica.se,,556582-1559; 556021-0261,kundservice@ica.se,+46 8 561 500 00; +46 33 47 47 90; +46 33 47 47 94,https://www.ica.se/kontakt,browser,no,,main@https://www.ica.se/:samplingRan(sampled=0),
,MAL i Umeå AB,556573-2707,,,,,,,,
,Erteco Rubber & Plastics AB,556577-9013,,,,,,,,
,PM Papper AB,556569-9997,,,,,,,,
,Marin och Trailer i Uppsala AB,556598-1874,,,,,,,,
,REBIO AB,556594-3015,,,,,,,,
,Husmans Deli Östermalmshallen Stockholm AB,556587-0861,,,,,,,,
,Lampladan Aktiebolag,556437-5813,,,,,,,,
,Aktiebolaget Stina,556447-5779,,,,,,,,
,Symnova System i Åtvidaberg AB,556610-8048,,,,,,,,
,Atod Aktiebolag,556537-1027,,,,,,,,
,Backamo BG:s Husvagnscenter Aktiebolag,556538-3139,,,,,,,,
,Krister Nilsson Livs Aktiebolag,556564-0819,,,,,,,,
,Friluftsbolaget Ekelund & Sagner AB,556543-0229,,,,,,,,
,AB Kåwe Konsult,556574-0221,,,,,,,,
,Skandinaviska Lastvagnar AB,556571-6544,,,,,,,,
,Dermoshop AB,556553-1414,,,,,,,,
,Skeppa Group AB,556580-2450,,,,,,,,
,Munkfors Lågprishandel Aktiebolag,556555-6171,,,,,,,,
,Zuma Sale Support AB,556582-5469,,,,,,,,
,Infinite Health & Wealth Sweden AB,556563-2212,,,,,,,,
,OQC Scandinavia Aktiebolag,556430-0662,,,,,,,,
,PREFO AB,556432-7871,,,,,,,,
,MGL Prod AB,556437-7264,,,,,,,,
,P.I. Smögen AB,556600-7828,,,,,,,,
,TS Stockholm AB,556601-6456,,,,,,,,
,DFT Textil AB,556607-5023,,,,,,,,
,Add Value Sweden AB,556608-0841,,,,,,,,
,Ingvars i Kungsbacka AB,556607-9579,,,,,,,,
,Jucker Pharma AB,556611-9870,,,,,,,,
,Inside i Kalmar AB,556610-6026,,,,,,,,
,WB Integritet AB,556549-3722,,,,,,,,
,Papa Bear Creations Aktiebolag,556537-4534,,,,,,,,
,VIANET Sverige AB,556561-6645,,,,,,,,
,JK Förvaltning AB,556567-8579,,,,,,,,
,Förenade Antik och konsthandlare Service FAOK AB,556571-1784,,,,,,,,
,Livsbalans i Eslöv AB,556568-2332,,,,,,,,
,SPRAYTEMA i Strängnäs AB,556550-8545,,,,,,,,
,Effkå Livsmedel Aktiebolag,556550-9105,,,,,,,,
,Språngs Färg i Mora AB,556587-0820,,,,,,,,
,MOLAND BYGGVAROR AB,556582-8471,,,,,,,,
,C2 Vertical Safety AB,556594-2595,,,,,,,,
,LOPUS Aktiebolag,556597-9647,,,,,,,,
,Quality Service & Support i Skarpnäck AB,556605-4580,,,,,,,,
,Octerera Förvaltning AB,556614-4373,,,,,,,,
,X-ray Gross AB,556583-4461,,,,,,,,
,LS Brodin AB,556595-8195,,,,,,,,
,Rödeby Blomsteri Aktiebolag,556611-2768,,,,,,,,
,Handkraft Svea rike AB,556563-5363,,,,,,,,
,Personlig Professionell Service i Värnamo Försäljnings AB,556561-9219,,,,,,,,
,Pointex AB,556559-0162,,,,,,,,
,AB Dennis Lundins Bil,556567-8058,,,,,,,,
,Karltorp i Ängelholm AB,556544-2463,,,,,,,,
,Industribränsle Hova AB,556585-9633,,,,,,,,
,Anders Larsson Livs AB,556586-5457,,,,,,,,
,Dignita Systems AB,556582-5964,,,,,,,,
,Gotthörnan i Hörnefors AB,556594-5812,,,,,,,,
,Amanatidis Import & Export Aktiebolag,556446-5481,,,,,,,,
,Anora Sweden AB,556610-3056,,,,,,,,
,NANCO Elektronik AB,556615-4190,,,,,,,,
,Wine O Clock AB,556608-9248,,,,,,,,
,Samla å Lek i Karlstad AB,556601-9484,,,,,,,,
,IGUS AB,556549-4225,,,,,,,,
,Proveritas AB,556550-1755,,,,,,,,
,Inwido Europe AB,556565-5767,,,,,,,,
,Koi Concept AB,556562-0480,,,,,,,,
,Tobakshörnan i Jönköping Aktiebolag,556563-0315,,,,,,,,
,Schoeller Allibert Sweden AB,556551-6472,,,,,,,,
,Flowerart Sweden AB,556574-9743,,,,,,,,
,TD i Hässleholm AB,556588-9226,,,,,,,,
,Krima Trading AB,556563-3954,,,,,,,,
,Nicma MC&Tools AB,556591-9676,,,,,,,,
,Henåns Blomsteraffär AB,556603-3279,,,,,,,,
,Furniture Invest i Skene AB,556614-4894,,,,,,,,
,Supermarket i Malmslätt Aktiebolag,556594-8477,,,,,,,,
,Box IT-lösningar AB,556610-7370,,,,,,,,
,Frida Springer Aktiebolag,556596-0886,,,,,,,,
,Hedin Performance Cars AB,556604-9234,,,,,,,,
,Swedetrade Entreprenad AB,556596-6750,,,,,,,,
,Sabris Food Sweden AB,556584-9618,,,,,,,,
,Guld Compagniet i Motala Aktiebolag,556559-1582,,,,,,,,
,The two angels AB,556553-6298,,,,,,,,
,Optikkällaren i Kungsbacka AB,556541-7259,,,,,,,,
,LMP Bil AB,556560-9350,,,,,,,,
,CooperVision Nordic Aktiebolag,556568-1243,,,,,,,,
,SH Kassasystem Aktiebolag,556569-1499,,,,,,,,
,Sipac Sverige AB,556570-0712,,,,,,,,
,AIK Merchandise AB,556580-6162,,,,,,,,
,Schaake Store AB,556587-1877,,,,,,,,
,Sydtrack i Karlskrona AB,556582-8190,,,,,,,,
,Liljengrens Product Aktiebolag,556592-4601,,,,,,,,
,Erlandssons Livs i Högsby AB,556603-3790,,,,,,,,
,NOTE Components AB,556602-2116,,,,,,,,
,Specsavers Sweden AB,556615-7961,,,,,,,,
,Handel & Industriservice i Dalby AB,556602-1324,,,,,,,,
,C.N.S. Systems Aktiebolag,556580-5297,,,,,,,,
,Topals Territorium AB,556595-6264,,,,,,,,
,GYPTECH AB,556595-6850,,,,,,,,
,Flora Linnéa AB,556581-6666,,,,,,,,
,EcoPar AB,556597-9985,,,,,,,,
,Nya Rotebergs Handel AB,556618-0591,,,,,,,,
,Elit Rail Aktiebolag,556585-2554,,,,,,,,
,Equinus AB,556533-7317,,,,,,,,
,ZETAM AB,556533-7499,,,,,,,,
,Fender Scandinavia Aktiebolag,556573-6807,,,,,,,,
,DD Company AB,556586-0250,,,,,,,,
,Solflex AB,556566-2672,,,,,,,,
,Enviro Technologies Global Solutions Europe AB,556597-9381,,,,,,,,
,Söderplinten AB,556586-1613,,,,,,,,
,Din ELON butik AB,556570-1744,,,,,,,,
,Profil & Arbetskläder i Eskilstuna AB,556598-9174,,,,,,,,
,Dahlboms Dojjor AB,556616-9685,,,,,,,,
,Campusbutiken Stockholms Universitets Studentkår Aktiebolag,556592-2498,,,,,,,,
,Termino C 14953 AB,556603-5936,,,,,,,,
,Mats Eriksson i Stockholm AB,556586-0383,,,,,,,,
,Mediability Sweden AB,556560-1407,,,,,,,,
,Göran Ed Livsmedel AB,556536-6290,,,,,,,,
,Smörgåsspecialisten Alingsås Aktiebolag,556574-5642,,,,,,,,
,HMS Contrade AB,556575-2655,,,,,,,,
,Aktiebolaget Gluntens Matmarknad,556577-0798,,,,,,,,
,Eurodrillingcenter Aktiebolag,556574-0197,,,,,,,,
,Ljungs Optik Aktiebolag,556579-7015,,,,,,,,
,Telge Optik Aktiebolag,556554-9176,,,,,,,,
,Hälle Byggvaror AB,556584-4361,,,,,,,,
,RJ Antenn AB,556583-1632,,,,,,,,
,Heliflight AB,556589-0174,,,,,,,,
,Scandinavian Blonde AB,556602-7420,,,,,,,,
,Stainbrett AB,556592-3702,,,,,,,,
,Aktiebolaget Stockholms Metallimport,556619-3131,,,,,,,,
,Ardler Försäljnings AB,556596-8244,,,,,,,,
,Nyhyttans Konsult AB,556609-3349,,,,,,,,
,Lagerhuset Veddige Aktiebolag,556599-6708,,,,,,,,
,Kona Windsurfing AB,556613-1545,,,,,,,,
,LH Ebercrantz AB,556600-1847,,,,,,,,
,Ex-Change Parts i Borlänge AB,556597-1958,,,,,,,,
,Bag Agencies Gothenburg Aktiebolag,556565-8605,,,,,,,,
,Steni Sverige AB,556558-0627,,,,,,,,
,Fastighetsaktiebolaget Eriksson i Västerås,556567-9064,,,,,,,,
,Vattudalens Skog & Fritid AB,556400-3001,,,,,,,,
,Galleri Göran Engström AB,556310-7530,,,,,,,,
,Solutions Å.M AB,556535-7778,,,,,,,,
,Bogesunds Data & Elektronik Aktiebolag,556530-1271,,,,,,,,
,Ödmans från Golv till Tak AB,556551-3461,,,,,,,,
,Jörgen Svensson Däck & Fälg AB,556536-5839,,,,,,,,
,Hibos Möbler AB,556560-7024,,,,,,,,
,Ronny & Annika Livs AB,556563-2907,,,,,,,,
,Sky Adventures Sweden AB,556568-6572,,,,,,,,
,eXtraOrdinary service Sweden AB,556552-3155,,,,,,,,
,Multi Agentur i Malmö AB,556573-4547,,,,,,,,
,Skåne Marmor Aktiebolag,556560-3775,,,,,,,,
,Jerax International AB,556568-6119,,,,,,,,
,Ecostarch AB,556571-6775,,,,,,,,
,Bellman & Symfon Europe AB,556379-9914,,,,,,,,
,Komfårnise AB,556577-3149,,,,,,,,
,AL Bil & Maskin Aktiebolag,556577-9096,,,,,,,,
,Headsup AB,556376-7895,,,,,,,,
,AFAB AB,556376-8448,,,,,,,,
,Hellström & Karlsson AB,556377-2697,,,,,,,,
,Privab Grossisterna AB,556584-9543,,,,,,,,
,Micro JDI Aktiebolag,556313-6729,,,,,,,,
,Taubane Teknik i Sveg Aktiebolag,556558-1302,,,,,,,,
,Danubia-Metallkontor Aktiebolag,556544-1234,,,,,,,,
,"Light Art, Lysande inredning AB",556561-3097,,,,,,,,
,STERIS AB,556561-9326,,,,,,,,
,Panasonic Fire & Security Europe AB,556566-9958,,,,,,,,
,Scape Nordic AB,556547-1546,,,,,,,,
,LIVAB Biotech AB,556553-9128,,,,,,,,
,Abato AB,556514-9423,,,,,,,,
,M Holmberg Bygg AB,556581-3184,,,,,,,,
,Wedmore Partners AB,556567-4149,,,,,,,,
,Corlins Inredningar AB,556329-1227,,,,,,,,
,Rum 1 i Enköping AB,556574-8422,,,,,,,,
jaktia.se,,,,,https://jaktia.se,browser,no,,,Attempted to use detached Frame '54A3795C9D349C503FA670CF06BECBE4'. | method:browser
,Ekeby Bruk Bad & Kök AB,556583-1665,,,,,,,,
,Magnus Franzén Aktiebolag,556377-3018,,,,,,,,
,Curt Brodin Aktiebolag,556401-7027,,,,,,,,
,Björklunds Sweden AB,556585-4469,,,,,,,,
,Sigrell Management AB,556310-9916,,,,,,,,
,Anh Nam Invest AB,556311-0351,,,,,,,,
facebook.com,,,dev7561@gmail.com; kundansvarig@studioexpress.se,,https://www.facebook.com/kundtjanst,browser,yes,checkout_provider; checkout; provider:adyen,main@https://www.facebook.com/:samplingRan(sampled=0) | contact_like@https://www.meta.com/en-gb/about/?utm_source=about.facebook.com&utm_medium=redirect:hasCheckout(urlPath:/order) | contact_like@https://www.meta.com/en-gb/about/?utm_source=about.facebook.com&utm_medium=redirect:providers(adyen) | DECISION@contact_like@https://www.meta.com/en-gb/about/?utm_source=about.facebook.com&utm_medium=redirect,
,Granit Sweden AB,556537-9418,,,,,,,,
,RiRoMa AB,556559-4735,,,,,,,,
,Finesse Healthtech AB,556483-6673,,,,,,,,
,Kakelfabriken i Hultanäs AB,556531-2369,,,,,,,,
,Aktiebolaget BERAFO,556489-3096,,,,,,,,
,Kalix Snöskoter & MC AB,556542-3232,,,,,,,,
,Victrix Svenska AB,556543-2928,,,,,,,,
,Metrohm Nordic AB,556566-9990,,,,,,,,
,Köksland i Veberöd AB,556545-8568,,,,,,,,
,Stjärnlax i Göteborg AB,556578-0649,,,,,,,,
,Bilhuset i Piteå Aktiebolag,556314-5761,,,,,,,,
,Hypercom Financial Terminals AB,556568-6986,,,,,,,,
,Vågbrytaren AB,556569-0319,,,,,,,,
,Smida AB,556367-6229,,,,,,,,
,Primetime Aktiebolag,556387-9658,,,,,,,,
,Setred AB,556570-8491,,,,,,,,
,Handmade Design i Gbg AB,556325-2195,,,,,,,,
,Vedbyäng AB,556558-3563,,,,,,,,
,O.O. Byggnadsmaterial i Stehag Aktiebolag,556539-5364,,,,,,,,
,Cleo invest AB,556539-6255,,,,,,,,
,STHLM BIL SVERIGE Aktiebolag,556531-3821,,,,,,,,
,Combit Sweden Aktiebolag,556558-0106,,,,,,,,
,Tore Smith Food AB,556565-4877,,,,,,,,
,Kenson AB,556571-9134,,,,,,,,
,"Prowine Nordic vin, kök & bar AB",556572-9521,,,,,,,,
,DIICON Air Tech Aktiebolag,556511-8956,,,,,,,,
,Pilates Scandinavia AB,556560-6042,,,,,,,,
,Lindahls Bageri i Hageby AB,556561-7437,,,,,,,,
,Mats Trävaror i Bökemåla Aktiebolag,556565-8258,,,,,,,,
,Watrex Aktiebolag,556575-2473,,,,,,,,
,Proffsmat i Övertorneå Aktiebolag,556579-8302,,,,,,,,
,H & H Sverige AB,556583-9338,,,,,,,,
,LABRITT AB,556583-6896,,,,,,,,
,ProfilPartner Swärdh & Björk AB,556584-2662,,,,,,,,
,Brukspecialisten Sverige AB,556523-0983,,,,,,,,
,Kamin & Kakel Fastighetsförvaltning AB,556546-1216,,,,,,,,
,Ölmstad Trä Aktiebolag,556530-5777,,,,,,,,
,Porsön Livs AB,556536-0814,,,,,,,,
,Betong & Epoximetoder Sverige AB,556330-3816,,,,,,,,
,Göran Olsson Bil AB,556537-0003,,,,,,,,
,LJ Radio & Tv Aktiebolag,556559-6870,,,,,,,,
,Petnowa Aktiebolag,556560-3320,,,,,,,,
,Elisabeth Blomqvist Aktiebolag,556568-2480,,,,,,,,
,Magnus Ekström & Söner Aktiebolag,556568-9063,,,,,,,,
,Lågprisvaruhuset Gränslöst Väst AB,556509-8711,,,,,,,,
,MHL Företagsservice AB,556555-1925,,,,,,,,
,Forflex AB,556556-1635,,,,,,,,
,Dahl & Partner Optik AB,556574-3175,,,,,,,,
,Check Point Group AB,556558-1138,,,,,,,,
,Elmelid Musik Aktiebolag,556323-6149,,,,,,,,
,OCL - Brorssons Aktiebolag,556572-1809,,,,,,,,
,Matboden i Ljungsbro AB,556374-5503,,,,,,,,
,"MIT, Modern Industri Teknik Sverige AB",556575-4610,,,,,,,,
,Keranova Aktiebolag,556396-1449,,,,,,,,
,Stockholms Restauranghygien AB,556581-3234,,,,,,,,
,Norrländska Delikatess Skafferiet AB,556548-9324,,,,,,,,
,EKAB Systemservice AB,556549-5305,,,,,,,,
,Asplund & Eriksson Servicecenter AB,556571-3491,,,,,,,,
,BWW Den Goda Arbetsmiljön Aktiebolag,556311-4155,,,,,,,,
,Hus Femton AB,556528-1937,,,,,,,,
,Vimmerby Foder AB,556530-6171,,,,,,,,
,WESTCOM Aktiebolag,556530-8235,,,,,,,,
,Englesson Förvaltning AB,556325-5651,,,,,,,,
,Lhådös Kakel Aktiebolag,556354-2637,,,,,,,,
,Göranssons Bok & Papper Aktiebolag,556368-8315,,,,,,,,
,Hiss-Mekano i Täby AB,556553-1679,,,,,,,,
,Yngve Björkman Seafood Aktiebolag,556561-5670,,,,,,,,
,A.K.O. Holding Aktiebolag,556494-3347,,,,,,,,
,ASKLING BIL AB,556498-2311,,,,,,,,
,Fjordfisk - Ulf Fransson AB,556547-3062,,,,,,,,
,Forest it Design Sweden Aktiebolag,556551-8296,,,,,,,,
,Hummelsta Schakt & Sprängning Aktiebolag,556314-6900,,,,,,,,
,Jowill AB,556565-9157,,,,,,,,
,Broköp Aktiebolag,556377-8850,,,,,,,,
,Raketsport Gruppen i Stockholm AB,556548-7955,,,,,,,,
,Picus Nordic AB,556318-3424,,,,,,,,
,Parmazoo AB,556553-0630,,,,,,,,
,GJS Verktygs AB,556555-7666,,,,,,,,
jaktia.se,,,,,https://jaktia.se,browser,no,,,Attempted to use detached Frame '54A3795C9D349C503FA670CF06BECBE4'. | method:browser
,Fönsterform Textil Miljö AB,556360-2829,,,,,,,,
,Hallogeen i Stockholm Aktiebolag,556369-2358,,,,,,,,
,ENP European Neutral Products Aktiebolag,556562-3278,,,,,,,,
,Hangda International Aktiebolag,556558-8489,,,,,,,,
,Sport & Reklamtryckeri i Kramfors AB,556539-0126,,,,,,,,
,Järpenhallens Aktiebolag,556496-4616,,,,,,,,
,Pour of Sweden AB,556539-9960,,,,,,,,
,Kontorsvaruhuset i Tomelilla Aktiebolag,556569-2174,,,,,,,,
,Francis Bil AB,556515-6626,,,,,,,,
,CBR Fashion Sweden AB,556555-2030,,,,,,,,
,Bonovie AB,556314-9821,,,,,,,,
,FS Petcare AB,556564-7905,,,,,,,,
,Spiralsystem i Piteå Aktiebolag,556326-6393,,,,,,,,
,Grossbom Aktiebolag,556368-6640,,,,,,,,
,Inventore AB,556385-3646,,,,,,,,
,Engströms Husvagnsservice AB,556385-5401,,,,,,,,
,Nordiska Truss AB,556396-4534,,,,,,,,
,DLM Motor AB,556528-3016,,,,,,,,
,Ola Nesje Försäljnings Aktiebolag,556318-4620,,,,,,,,
,Sparkök ND Syd AB,556534-2655,,,,,,,,
,Rotemica Consulting Aktiebolag,556366-2039,,,,,,,,
,Lif i Trosa Aktiebolag,556529-2314,,,,,,,,
,Färgaffären i Norrtälje AB,556482-8019,,,,,,,,
,Tråget 121 i Lindvallen AB,556564-1551,,,,,,,,
,Fila Nordic AB,556575-0279,,,,,,,,
,Millrock Profilering Aktiebolag,556573-0040,,,,,,,,
,Svensk Industri Konvertering AB,556559-0055,,,,,,,,
,Awinor Aktiebolag,556319-8679,,,,,,,,
,Datanova Sweden AB,556562-7600,,,,,,,,
,Eric's Butiksprofil AB,556570-0464,,,,,,,,
,Ösmo Plantshop AB,556368-7473,,,,,,,,
,Mariestads-Magasinet AB,556573-5080,,,,,,,,
,IT-Development Aktiebolag,556385-7019,,,,,,,,
,Egnet AB,556389-0135,,,,,,,,
ica.se,,556582-1559; 556021-0261,kundservice@ica.se,+46 8 561 500 00; +46 33 47 47 90; +46 33 47 47 94,https://www.ica.se/kontakt,browser,no,,main@https://www.ica.se/:samplingRan(sampled=0),
,Renthema Trading AB,556581-5395,,,,,,,,
,Autobus Leo Rand Aktiebolag,556402-7620,,,,,,,,
,JS Truck Reservdelsgrossisten i Växjö AB,556522-7971,,,,,,,,
,Växtkraft i Solberga AB,556563-4689,,,,,,,,
,Annelunds Trailers AB,556482-9504,,,,,,,,
,Koloftex AB,556566-0288,,,,,,,,
,SIBE International AB,556568-8107,,,,,,,,
,TC Optik Aktiebolag,556505-4821,,,,,,,,
,Korsberga Byggprodukter AB,556551-9807,,,,,,,,
,Topcom Sverige AB,556578-7073,,,,,,,,
,Tilack i Falkenberg AB,556566-2045,,,,,,,,
,Claes Hovhammar Aktiebolag,556368-8430,,,,,,,,
,Bröderna Sundelin Försäljnings Aktiebolag,556375-3135,,,,,,,,
,Infiniti Medical Aktiebolag,556389-3675,,,,,,,,
,awp design AB,556583-2879,,,,,,,,
,Upp i Norr AB,556519-4551,,,,,,,,
,Litcon Tools Aktiebolag,556520-5506,,,,,,,,
,BENNETS IMPORT I LERUM Aktiebolag,556315-4383,,,,,,,,
,Ostra Invest AB,556531-0421,,,,,,,,
,Censit Aktiebolag,556328-6995,,,,,,,,
,Ramo AB,556555-9530,,,,,,,,
,Värmeservice i Veddige AB,556536-2463,,,,,,,,
,SMARTDOC Aktiebolag,556357-5140,,,,,,,,
,OXO Optik Aktiebolag,556560-1001,,,,,,,,
,Bugser AB,556364-3476,,,,,,,,
,Hyrcentralen Datapartner Vikander AB,556558-8265,,,,,,,,
,IB:s Bensin & Service i Skänninge Aktiebolag,556553-4293,,,,,,,,
,Mobilia Blommor AB,556557-7961,,,,,,,,
,Lanson Group AB,556538-2347,,,,,,,,
,Promobile Sverige AB,556561-1455,,,,,,,,
,Landvetter Stormarknad AB,556546-2685,,,,,,,,
,Öckerö Cementgjuteri AB,556547-8335,,,,,,,,
,International Computer Development ICD i Skellefteå Aktiebolag,556570-5158,,,,,,,,
,K-Bygg Försäljning AB,556572-0231,,,,,,,,
,LW Comics AB,556562-2379,,,,,,,,
,Wackes Aktiebolag,556319-9255,,,,,,,,
,Conorex Iron & Steel Co AB,556565-0073,,,,,,,,
,U. Carlsson Network Systems AB,556564-3425,,,,,,,,
,Biljardexperten i Stockholm Aktiebolag,556324-6171,,,,,,,,
,Mercur Kontorstjänst i Norr AB,556568-5988,,,,,,,,
,Lilla Loppan Stockholm Aktiebolag,556368-8448,,,,,,,,
,Wallink AB,556575-1251,,,,,,,,
,MetLine AB,556575-8439,,,,,,,,
,Matkassen i Lödöse Aktiebolag,556389-6421,,,,,,,,
,Blåsaffären i Oskarshamn Aktiebolag,556397-3162,,,,,,,,
,REMO Förvaltning AB,556584-1201,,,,,,,,
,Media Store Sverige AB,556378-6390,,,,,,,,
,Fyra Ögon Aktiebolag,556578-1415,,,,,,,,
,Vaganza Agenturer AB,556522-7294,,,,,,,,
,Ekorea Kreation AB,556550-6390,,,,,,,,
,Svenska Geotech AB,556555-3020,,,,,,,,
,JÄRN&MASKIN i Norr AB,556543-5079,,,,,,,,
,Atenzia Records AB,556544-8841,,,,,,,,
,Norra älvstranden Konditori AB,556565-5072,,,,,,,,
,TeamEngine Group AB,556533-1955,,,,,,,,
,Ferroman Special Steel AB,556487-5952,,,,,,,,
,Daniel & Stefans Bensin & Service Aktiebolag,556492-1798,,,,,,,,
,Vagabond Global AB,556567-5237,,,,,,,,
,Idépoolen i Piteå Aktiebolag,556544-1408,,,,,,,,
,Frigoparts MP AB,556544-1697,,,,,,,,
,Fri Form Aktiebolag,556503-1647,,,,,,,,
,Vestre Sverige AB (VESTREAB),556572-2344,,,,,,,,
,Funcat Aktiebolag,556505-6818,,,,,,,,
,Chinor Aktiebolag,556553-5639,,,,,,,,
,TMS Electronics AB,556580-4613,,,,,,,,
,Björks El-Möbelbutiken AB,556316-9738,,,,,,,,
,Nida Fastigheter AB,556327-2326,,,,,,,,
,HEMTEXTIL I ROSLAGEN Aktiebolag,556369-0204,,,,,,,,
,Gunnebo Safe Storage AB,556573-7508,,,,,,,,
,First Trade AB,556576-8511,,,,,,,,
,TS Design & Produktion AB,556397-3402,,,,,,,,
,P W rengöringsprodukter i Gbg AB,556585-7397,,,,,,,,
,Robban Carlberg AB,556577-5219,,,,,,,,
,Lilla Garderoben på Limhamn AB,556315-7014,,,,,,,,
,Temenid Ventures AB,556529-7099,,,,,,,,
,Jean & Joseph Menswear AB,556555-4465,,,,,,,,
,KSL Trading AB,556541-5261,,,,,,,,
,Helmer Group Sweden AB,556562-1223,,,,,,,,
,1956 i Arvika AB,556545-3551,,,,,,,,
,Lisoma AB,556530-8805,,,,,,,,
,Urmakar'n i Varberg Aktiebolag,556533-2524,,,,,,,,
,Vendico Chemicals Aktiebolag,556487-8410,,,,,,,,
,Ewander Sverige AB,556560-3817,,,,,,,,
,Holkasjö Fastigheter AB,556544-2729,,,,,,,,
,MIQMAQ AB,556544-3081,,,,,,,,
,Proon AB,556549-7079,,,,,,,,
,Mats Klassons Bil AB,556552-0763,,,,,,,,
,Sportcreation Sweden AB,556552-0912,,,,,,,,
,Svenska Rum Antikt AB,556554-9028,,,,,,,,
,MediTech Nordic AB,556567-7548,,,,,,,,
,Sawmill Products Sweden AB,556555-2816,,,,,,,,
,I-Sport i Vimmerby Aktiebolag,556317-0397,,,,,,,,
,Scapa Inter AB,556559-3984,,,,,,,,
,Ulf Lantto Aktiebolag,556566-4439,,,,,,,,
,Jan & Klas försäljning AB,556386-6325,,,,,,,,
,Anderssons Mynt & Sedel AB,556393-8934,,,,,,,,
,Leksakshuset i Eslöv Aktiebolag,556397-6926,,,,,,,,
,Så Fin VL AB,556584-9089,,,,,,,,
,Nordic Souvenir AB,556558-1401,,,,,,,,
,Northerner Scandinavia AB,556559-1699,,,,,,,,
,Tom Axelsson AB,556403-2729,,,,,,,,
,Snapphanetruck AB,556525-1823,,,,,,,,
,Length H AB,556525-1856,,,,,,,,
,VP Autoparts AB,556526-9148,,,,,,,,
,C-Service i Skellefteå AB,556547-9945,,,,,,,,
,Rio Import & Export AB,556549-7780,,,,,,,,
,Fine Design Stockholm AB,556531-4274,,,,,,,,
,Anders Bil & Maskin i Målilla AB,556539-0175,,,,,,,,
,Gezelius Tobak & Papper Aktiebolag,556364-8657,,,,,,,,
,DSM Scandinavia Aktiebolag,556541-6400,,,,,,,,
,Thaungs Förvaltning Aktiebolag,556492-3695,,,,,,,,
,Rosenqvist Maskin AB,556493-3710,,,,,,,,
,West-Base AB,556570-6222,,,,,,,,
,SE & HA Semir & Hannan Aktiebolag,556566-6178,,,,,,,,
,Fruitcake Fashion AB,556546-6082,,,,,,,,
,Sten Brunnström Konsult AB,556504-5290,,,,,,,,
,Lycksele Livsmedel Aktiebolag,556570-8228,,,,,,,,
,Steform AB,556569-6787,,,,,,,,
,SUNFIRE AB,556570-7931,,,,,,,,
,Juvelen i Skrapan Aktiebolag,556369-6326,,,,,,,,
,Ringöns Byggservice AB,556576-0138,,,,,,,,
,Rimforest AB,556386-9519,,,,,,,,
,Cadit Norrbotten AB,556580-5990,,,,,,,,
,Back to old school AB,556582-6129,,,,,,,,
,Mats Bilar i Borlänge Aktiebolag,556378-8883,,,,,,,,
,Vasatherm Aktiebolag,556578-1480,,,,,,,,
,Björn Axén Retail AB,556545-4302,,,,,,,,
,Table Interiör Aktiebolag,556546-9284,,,,,,,,
,Ekeskogs Bokhandel Aktiebolag,556312-4931,,,,,,,,
,Moonkey Business AB,556324-1040,,,,,,,,
,Leif Sjöberg Trading Aktiebolag,556358-2104,,,,,,,,
,Strömsund Sport AB,556540-4950,,,,,,,,
,Bryggaregatans Konfektions AB,556562-6099,,,,,,,,
,Naturuum Aktiebolag,556562-6370,,,,,,,,
,Göteborgs Langettering Aktiebolag,556366-8424,,,,,,,,
,Espeto i Vänersborg AB,556486-3487,,,,,,,,
,Lisa Gertsson AB,556556-7798,,,,,,,,
,Livs i Kubik i Kolbäck AB,556564-6303,,,,,,,,
,Mattias Perssons Oljetransporter AB,556509-0759,,,,,,,,
,ExMez AB,556571-0703,,,,,,,,
,LINDIS AB,556573-1584,,,,,,,,
,B A FÄRG o TAPETLAGRET Aktiebolag,556374-7467,,,,,,,,
,Öbergs Skog & Handel i Katrineholm AB,556547-4714,,,,,,,,
,Tropical Scandinavia AB,556320-5011,,,,,,,,
,A Petterssons Livsmedel i Umeå Aktiebolag,556570-8236,,,,,,,,
,Amicus Scandinavia AB,556574-0577,,,,,,,,
,ANGULARIS AB,556575-5237,,,,,,,,
,FärgRiket AB,556582-6467,,,,,,,,
,AO Sverige AB,556586-3148,,,,,,,,
,Powersports Distribution Scandinavia AB,556584-2118,,,,,,,,
,Royal Group of Entertainment AB,556545-4955,,,,,,,,
,Agcon AB,556547-0415,,,,,,,,
,Företagsinformation i Skandinavien JiBeGe Aktiebolag,556326-8712,,,,,,,,
,Boströms Byggshop AB,556352-4841,,,,,,,,
,Tebladet Trädgårdstorget AB,556536-5284,,,,,,,,
,Pavonia Saving AB,556559-5443,,,,,,,,
,Hemmastil GLAS OCH PORSLIN i NÄSSJÖ AB,556538-5027,,,,,,,,
,EKO Fågel fisk och mittemellan Aktiebolag,556566-6137,,,,,,,,
,Aktiebolaget M. Anderssons Skor,556497-6784,,,,,,,,
,Teknikservice Sverige AB,556567-7555,,,,,,,,
,Vincent Shoe Store Sweden AB,556569-4766,,,,,,,,
facebook.com,,,dev7561@gmail.com; kundansvarig@studioexpress.se,,https://www.facebook.com/kundtjanst,browser,yes,checkout_provider; checkout; provider:adyen,main@https://www.facebook.com/:samplingRan(sampled=0) | contact_like@https://www.meta.com/en-gb/about/?utm_source=about.facebook.com&utm_medium=redirect:hasCheckout(urlPath:/order) | contact_like@https://www.meta.com/en-gb/about/?utm_source=about.facebook.com&utm_medium=redirect:providers(adyen) | DECISION@contact_like@https://www.meta.com/en-gb/about/?utm_source=about.facebook.com&utm_medium=redirect,
,Häverödal Livs Aktiebolag,556571-6171,,,,,,,,
,Lush Sweden AB,556546-7940,,,,,,,,
,Gelins KGK AB,556572-5362,,,,,,,,
,Värnamo Grusmaskiner Aktiebolag,556374-8259,,,,,,,,
,JH Erikssonshusvagnar AB,556547-5166,,,,,,,,
,Bollnäs Autoservice AB,556315-3351,,,,,,,,
,Skinnmäster i Örebro Aktiebolag,556317-8721,,,,,,,,
,Akustikmoduler Sverige AB,556320-5219,,,,,,,,
,DA-JE Livs AB,556565-6054,,,,,,,,
,Syrico Gross Aktiebolag,556568-8214,,,,,,,,
,Ronny Nilsson i Töcksfors AB,556570-0720,,,,,,,,
,Pause Ljud & Bild Norrlandsgatan AB,556570-8517,,,,,,,,
,Supékort Sweden AB,556571-2865,,,,,,,,
,Wefixit Svenska AB,556580-7079,,,,,,,,
,Däckgrossisten J.L.E. AB,556576-0187,,,,,,,,
,ABOCO AB,556577-0525,,,,,,,,
,Persienkajal Orientmattor AB,556577-7520,,,,,,,,
,Uppsala Fotografi & Konsult AB,556545-6356,,,,,,,,
,active8 distribution AB,556320-8494,,,,,,,,
,Defendor AB,556552-2264,,,,,,,,
,OPEN POS Sweden AB,556328-9577,,,,,,,,
,Ljungby Optikern Aktiebolag,556352-7570,,,,,,,,
,Carbura AB,556559-0931,,,,,,,,
,SweBev AB,556545-7354,,,,,,,,
,Hayama Invest AB,556561-0358,,,,,,,,
,Jiska Design - Kristallhuset Aktiebolag,556535-3413,,,,,,,,
,Solitrade AB,556561-8476,,,,,,,,
,Sinnets Rum AB,556569-5797,,,,,,,,
,T & B Handel AB,556573-3531,,,,,,,,
,Nåvesses Aktiebolag,556568-5863,,,,,,,,
,ProBike i Västerås Aktiebolag,556548-3913,,,,,,,,
,Ting Ute & Inne Syd AB,556577-7181,,,,,,,,
,SafeSack Scandinavia AB,556580-9927,,,,,,,,
,REWood AB,556562-6602,,,,,,,,
,Macken i Smebacken AB,556564-1155,,,,,,,,
,Sound Pollution Aktiebolag,556567-1921,,,,,,,,
,Kasskawo Restaurang Aktiebolag,556565-4455,,,,,,,,
,Dalme & Nero Försäljning Aktiebolag,556377-0519,,,,,,,,
bilborsen.com,,,,,https://bilborsen.com,browser,no,,,Attempted to use detached Frame '54A3795C9D349C503FA670CF06BECBE4'. | method:browser
,Wetterling Gallery AB,556572-1890,,,,,,,,
,Wahlman Textil Import AB,556566-4058,,,,,,,,
,Avenyns Guld och Gravyr AB,556537-5473,,,,,,,,
,Hemtextil i Ystad AB,556581-5643,,,,,,,,
,Opticon Sensors Nordic AB,556560-7271,,,,,,,,
,Bukowski Design AB,556578-4229,,,,,,,,
,Blomsterboda Sverige AB,556541-1088,,,,,,,,
,Teleflex Medical Nordic AB,556570-8756,,,,,,,,
,Olovslunden Aktiebolag,556542-2614,,,,,,,,
,Skandinavisk Elimport Aktiebolag,556547-3674,,,,,,,,
,Didriksons Regnkläder AB,556566-1831,,,,,,,,
,Din nya värme i Storstockholm AB,556573-3580,,,,,,,,
,Morger Consulting AB,556581-9108,,,,,,,,
,Rollco AB,556574-0353,,,,,,,,
,Jämjö Golv AB,556594-2108,,,,,,,,
,Färgbolaget Studio i Borås AB,556562-7675,,,,,,,,
,Mediquest Aktiebolag,556572-2583,,,,,,,,
,Lindströms Sverige AB,556577-0491,,,,,,,,
,R Larsson Maskinförsäljning Aktiebolag,556599-2038,,,,,,,,
,Stockholms Matbolag AB,556570-4847,,,,,,,,
,Netsmart AB,556565-4323,,,,,,,,
,Ilsbo B & S AB,556571-3582,,,,,,,,
,Stenexpo AB,556581-2707,,,,,,,,
,Johannesson & Ahlm AB,556572-4472,,,,,,,,
,Mustang AB,556564-8218,,,,,,,,
,Varekilsboden Aktiebolag,556546-4194,,,,,,,,
,AB Ramnav,556585-6621,,,,,,,,
,Apotekstjänst Sverige AB,556577-4097,,,,,,,,
,Kavat Kosmetikutveckling Aktiebolag,556590-6798,,,,,,,,
,Kontorsgruppen i Sverige AB,556589-6759,,,,,,,,
,Fiskgrossisten i Göteborg AB,556564-5693,,,,,,,,
,Datakliniken i Eslöv AB,556526-9551,,,,,,,,
,RMK Respons Marketing Konsult AB,556558-8463,,,,,,,,
,Tures Mack AB,556572-4613,,,,,,,,
,Niagara Seafoods AB,556574-2185,,,,,,,,
,Kalasboden i Vänersborg AB,556577-1333,,,,,,,,
,Stopp Matmarknad i Gnesta AB,556581-4778,,,,,,,,
,BSGA Västerås AB,556577-1127,,,,,,,,
,Rafo AB,556572-6550,,,,,,,,
,Merchandise in Sweden Aktiebolag,556579-7601,,,,,,,,
,Gottfridsson o Persson Construction AB,556571-1198,,,,,,,,
,The Swedish Whisky Society AB,556580-6451,,,,,,,,
,Kakel proffsen i Falun AB,556572-7764,,,,,,,,
,LjusExperten Borås AB,556562-0324,,,,,,,,
,Malmö Hi-Fi Center Aktiebolag,556543-5624,,,,,,,,
,Catch With Care AB,556570-5067,,,,,,,,
,ACTUM Sweden AB,556567-9924,,,,,,,,
,Brillor å Sånt i Malmö AB,556582-1237,,,,,,,,
,Jolinda AB,556575-4057,,,,,,,,
,EK Steam Power Sales & Rental AB,556572-0850,,,,,,,,
,Tengtools International Sweden AB,556580-3474,,,,,,,,
,EVALVI AB,556590-8927,,,,,,,,
,Peter Skoglund Agenturer AB,556581-3671,,,,,,,,
,TK i Ljungagård AB,556574-6277,,,,,,,,
,Almedalsmagasinet AB,556582-8034,,,,,,,,
,Svenssons Livs i Lund AB,556589-7443,,,,,,,,
,Almmy AB,556546-3865,,,,,,,,
,CH Gruppen AB,556551-4287,,,,,,,,
,CMP Scandinavia AB,556555-6650,,,,,,,,
,Holmströms Mat Aktiebolag,556556-4001,,,,,,,,
,Rosin Smycken AB,556560-4492,,,,,,,,
,Kihls trädgård AB,556543-0542,,,,,,,,
,Mobilo AB,556568-7687,,,,,,,,
,Unal & Co AB,556584-2464,,,,,,,,
,Winchmatic Sales AB,556580-5842,,,,,,,,
,BOLEI Aktiebolag,556550-0526,,,,,,,,
,Greger Wendin AB,556570-4649,,,,,,,,
,Bogstedt Bil AB,556589-6825,,,,,,,,
,MobilCenter i Oskarshamn AB,556576-7026,,,,,,,,
,Norra ServTech AB,556580-4001,,,,,,,,
,Sprinkler Head Group AB,556595-2461,,,,,,,,
,Cederträ Väst AB,556563-3285,,,,,,,,
,Swedpac AB,556525-1005,,,,,,,,
,Scandinavian Nonwoven AB,556566-8679,,,,,,,,
,Nordic Kids Shoes AB,556567-0394,,,,,,,,
firststop.se,,,info@firststop.se,,https://firststop.se/om-oss,browser,no,sampled_1; sample_addtocart_1,contact_like@https://firststop.se/om-oss:samplingRan(sampled=1) | sampleURL@https://firststop.se/ga-med-i-first-stops-natverk:status=200:ATC,
,FrasWeda AB,556562-4318,,,,,,,,
,Albins Leksaker i Hudiksvall AB,556572-7491,,,,,,,,
,Castellux International AB,556551-8445,,,,,,,,
,S.A Persienn & Markisservice AB,556570-6602,,,,,,,,
,Moderna Möbler Stockholm AB,556577-2828,,,,,,,,
,Wild Windows AB,556560-2678,,,,,,,,
,Aktiebolaget Filipiniana Sweden Arts & Crafts,556573-8498,,,,,,,,
,Unibrands AB,556564-8457,,,,,,,,
,Dataförlaget i Växjö AB,556563-6403,,,,,,,,
,Akebono Unlimited AB,556562-9192,,,,,,,,
,Impressio Sweden AB,556568-5525,,,,,,,,
,El & Hushållsservice AB,556576-7471,,,,,,,,
,Tibonati Aktiebolag,556567-0121,,,,,,,,
,4R-ental Nordic AB,556577-8650,,,,,,,,
,Hägerstensåsens Livs Aktiebolag,556540-0081,,,,,,,,
,Butik 4108168 Sthlm Cstn Stora Hallen AB,556555-7500,,,,,,,,
,Kyrkhults Förmedlingsservice Aktiebolag,556542-9569,,,,,,,,
,MALTEMI AB,556558-9628,,,,,,,,
,Nordfrukt i Stockholm AB,556559-9254,,,,,,,,
,Kjell Sundstedt & Co Aktiebolag,556529-8634,,,,,,,,
,Duwe & I AB,556560-5788,,,,,,,,
,Enenda AB,556558-8257,,,,,,,,
,Friis & Co AB,556559-8546,,,,,,,,
,Soft Boys Aktiebolag,556561-4616,,,,,,,,
,M3 Nordic AB,556563-7104,,,,,,,,
,Trendmakeriet AB,556593-8114,,,,,,,,
,TDK Nordic AB,556594-4054,,,,,,,,
ica.se,,556582-1559; 556021-0261,kundservice@ica.se,+46 8 561 500 00; +46 33 47 47 90; +46 33 47 47 94,https://www.ica.se/kontakt,browser,no,,main@https://www.ica.se/:samplingRan(sampled=0),
,M&J Service AB,556584-3330,,,,,,,,
,Satcom AB,556578-3379,,,,,,,,
,Qualisys AB,556591-1160,,,,,,,,
,Anygraaf AB,556562-2890,,,,,,,,
,Livstycket Produktion AB,556554-3005,,,,,,,,
,Evince Cosmetics AB,556545-8493,,,,,,,,
,NortonLifeLock Sweden AB,556548-1248,,,,,,,,
,House of Panos AB,556527-5822,,,,,,,,
,Eriksson Malmsten Förvaltning AB,556549-6568,,,,,,,,
,Paradox Security AB,556562-2494,,,,,,,,
,Lithners Bildemontering AB,556562-1595,,,,,,,,
,THV Global AB,556564-9836,,,,,,,,
,Projektkakel i Sverige AB,556564-0215,,,,,,,,
,M Larssons Guld AB,556537-8154,,,,,,,,
,Nuklex AB,556569-1721,,,,,,,,
,ABOM AB,556568-0575,,,,,,,,
,Silver Weibull Sweden Aktiebolag,556561-5225,,,,,,,,
,SkanDiet AB,556579-9805,,,,,,,,
,LookC AB,556580-6873,,,,,,,,
,Färgmästaren i Eskilstuna AB,556565-4372,,,,,,,,
,TNGSTN Automation Sweden AB,556581-3176,,,,,,,,
,Lyko Sverige AB,556575-3018,,,,,,,,
,Rumrum Aktiebolag,556544-2174,,,,,,,,
,Ligo Maskin AB,556572-2773,,,,,,,,
,Hånäs Marin Aktiebolag,556569-0343,,,,,,,,
,Groundhog Connect AB,556596-5216,,,,,,,,
,Delta Electronics (Sweden) AB,556563-3889,,,,,,,,
,Christer Kjäll Livs AB,556554-3526,,,,,,,,
,Jessica Livs AB,556561-4061,,,,,,,,
,HYDNET AB,556552-9848,,,,,,,,
,Nordansjö Industriagentur Aktiebolag,556555-8904,,,,,,,,
,Strategic Test Scandinavia AB,556572-9745,,,,,,,,
,Galleri Hedenius AB,556559-4479,,,,,,,,
,Lecab Lastbilar AB,556561-9839,,,,,,,,
,Teknikcenter i Halland AB,556580-7319,,,,,,,,
,Markis- & Gardinservice i Vetlanda AB,556582-1302,,,,,,,,
,Serva office AB,556565-5932,,,,,,,,
,House of Brands Nordic AB,556544-8957,,,,,,,,
,4fun i Falkenberg AB,556571-3343,,,,,,,,
,D & L De Luxe Import-Export AB,556587-8674,,,,,,,,
,Moderbolaget i Stockholm AB,556572-6311,,,,,,,,
,LensWay Group AB,556579-3188,,,,,,,,
,Gustavsberg Rörsystem AB,556554-0662,,,,,,,,
,Trest Aktiebolag,556590-7168,,,,,,,,
,AutoPerformance Sweden AB,556580-9869,,,,,,,,
,Skogsluffaren AB,556525-2862,,,,,,,,
,Marianne von Kantzow Aktiebolag,556556-9760,,,,,,,,
,Busmarket Sweden Aktiebolag,556557-2210,,,,,,,,
,Thords AB,556559-5013,,,,,,,,
,FOLKES BIL I STRÖMSUND AB,556562-9374,,,,,,,,
,Sandahls Modehus S'34 AB,556535-8727,,,,,,,,
,Maries Friskvård för Häst & Ryttare AB,556552-5382,,,,,,,,
,Lampshopen i Falun Aktiebolag,556575-2580,,,,,,,,
,City On Time AB,556578-0078,,,,,,,,
,Euromekanik AB,556562-0712,,,,,,,,
,Network Expertise Sweden AB,556577-5474,,,,,,,,
,Mathörnan i Mariannelund Aktiebolag,556542-2119,,,,,,,,
,7 Steel Nordic Recycling AB,556574-0643,,,,,,,,
,Nord Delar AB,556565-0263,,,,,,,,
,Örnäsets Livs AB,556547-7022,,,,,,,,
,Malung-Sälens Däck- och Bilservice AB,556591-3190,,,,,,,,
,Rational Scandinavia AB,556555-9050,,,,,,,,
,Nemco AB,556596-3617,,,,,,,,
,Östlunds Sverige AB,556579-2743,,,,,,,,
,Pilto Nystedt Tidlösa design AB,556546-1943,,,,,,,,
,Exclusive Brands Nordic AB,556540-7938,,,,,,,,
,Fortiva AB,556563-6742,,,,,,,,
,Öregrundsvarvet AB,556547-8061,,,,,,,,
,Balt Nordics AB,556566-1252,,,,,,,,
,Krontorpsboden AB,556568-6911,,,,,,,,
,Boob Design AB,556554-1025,,,,,,,,
,Aktiebolaget Partner,556566-0932,,,,,,,,
,JASA Maskin AB,556553-6165,,,,,,,,
,Be the Brand AB,556576-4726,,,,,,,,
,Frukthandlarn På Limhamn AB,556570-1231,,,,,,,,
,Stockholms Bilmäklare AB,556564-4936,,,,,,,,
,Vattenmärket AB,556567-1392,,,,,,,,
,HLS Art AB,556591-0485,,,,,,,,
,Filmcentrum Distribution Swe AB,556578-4252,,,,,,,,
,Familjekök Design i Eskilstuna AB,556581-7144,,,,,,,,
,Datalätt i Skåne AB,556525-0239,,,,,,,,
,Köpings Brandservice AB,556566-6095,,,,,,,,
,Ödman Förvaltning AB,556563-0810,,,,,,,,
,Gajen Intressenter AB,556533-1997,,,,,,,,
,Checkprice AB,556570-6412,,,,,,,,
,Tre Guldsmeder i Falköping Aktiebolag,556556-7996,,,,,,,,
,Polargrossen AB,556576-4759,,,,,,,,
,Uppsala Kondomeri Lustgården AB,556560-5853,,,,,,,,
,Uro AB,556571-5355,,,,,,,,
,Grönlunds Jakt & Fiske Aktiebolag,556543-1938,,,,,,,,
,MainGate Industridörrar Aktiebolag,556565-8746,,,,,,,,
,Robert Sandqvist Mode AB,556586-0185,,,,,,,,
,The Rock Hemmabio AB,556577-6167,,,,,,,,
,Go-Fast AB,556550-4106,,,,,,,,
,Limemark of Sweden AB,556571-3178,,,,,,,,
,Vimmerby Bokhandel AB,556575-1269,,,,,,,,
,Tobitex AB,556582-5592,,,,,,,,
,Maskincenter i Sparreholm AB,556592-7992,,,,,,,,
,TCI Media production Aktiebolag,556546-4160,,,,,,,,
,Annuzza AB,556565-4810,,,,,,,,
,Motorsport Support Johnny Haraldsson AB,556553-2131,,,,,,,,
,ITX Sverige AB,556569-8577,,,,,,,,
,Guldrundan AB,556557-7565,,,,,,,,
,Johan Holmgren Livs AB,556569-1861,,,,,,,,
,Örgryte Färg & Tapeter AB,556564-6683,,,,,,,,
,MASCO AB,556574-6723,,,,,,,,
,Järpens El & Byggmaterial Aktiebolag,556589-5082,,,,,,,,
,Homelead AB,556578-6802,,,,,,,,
,OctoFrost AB,556578-1118,,,,,,,,
,MP Livs AB,556595-7569,,,,,,,,
,Ljuslyan AB,556596-1140,,,,,,,,
,PC Byggarn Mjölby AB,556555-9134,,,,,,,,
,Elektro Elco Aktiebolag,556564-2716,,,,,,,,
,BSS Bensinstationservice AB,556552-2058,,,,,,,,
,Atmos Suemax Värme AB,556551-0566,,,,,,,,
,SINOWIN Aktiebolag,556547-3708,,,,,,,,
,Team Divers Sverige Aktiebolag,556570-1728,,,,,,,,
,SwePal AB,556571-2790,,,,,,,,
,Nordens Datavärld AB,556555-9787,,,,,,,,
,Överlöparen AB,556557-5247,,,,,,,,
,Stallbacken Design AB,556556-7251,,,,,,,,
,olars ulla AB,556581-7326,,,,,,,,
,LG:s Bär och Potatis AB,556565-3101,,,,,,,,
,Cartamundi Nordic AB,556571-7070,,,,,,,,
,F-S.L Food AB,556577-6837,,,,,,,,
,Rammakarna på Östermalm AB,556582-6756,,,,,,,,
,Emil & Son Arbetsträning Nätverk Aktiebolag,556553-7924,,,,,,,,
,Revatec AB,556554-1868,,,,,,,,
,SNS AB,556586-3528,,,,,,,,
,B Kullbergs Fiskexport AB,556562-7709,,,,,,,,
,Sundstavägens Service AB,556564-2765,,,,,,,,
,Polyhose Sweden AB,556557-3978,,,,,,,,
,Sara Clausin AB,556527-3595,,,,,,,,
,Ronnys Glas och porslin AB,556550-0633,,,,,,,,
,Charlotte Trend AB,556567-7647,,,,,,,,
,Tuvisa Import Aktiebolag,556578-8147,,,,,,,,
,Hellström Trading i Göteborg AB,556572-0413,,,,,,,,
,KE Invest Sweden Aktiebolag,556569-3446,,,,,,,,
,Norrmaskiner AB,556566-4660,,,,,,,,
,Mälartronic AB,556586-7354,,,,,,,,
,Br. Hjorth Bilkonsult Aktiebolag,556580-6170,,,,,,,,
,MatDax i Hagsätra Aktiebolag,556554-3468,,,,,,,,
,Sandströms Nordmaling AB,556575-3455,,,,,,,,
,Front Line Reklam AB,556575-1509,,,,,,,,
,A-Delikatesser AB,556584-4999,,,,,,,,
,Nice Leif Johansson Förvaltnings AB,556580-2799,,,,,,,,
,Believe Computer & Electronics Trading AB,556560-5614,,,,,,,,
,AM Marknadskraft AB,556565-6336,,,,,,,,
,Bonissimo AB,556566-5782,,,,,,,,
,Kents Textiltryck i Halmstad Aktiebolag,556550-7380,,,,,,,,
,Internationella Handelshuset AB - West Sweden - Arabworld,556545-7370,,,,,,,,
,EXPF Fastigheter AB,556551-2216,,,,,,,,
,Pervidi Consult AB,556546-3840,,,,,,,,
,BXB Ledmedia AB,556562-4599,,,,,,,,
,Claudia Cosmetics International AB,556564-4761,,,,,,,,
,KELVIN AB,556566-5634,,,,,,,,
,PRO Analys & Oljedepå AB,556578-8519,,,,,,,,
,AB Madlanis Tobaksaffär,556563-9175,,,,,,,,
,Alemtek AB,556582-6475,,,,,,,,
,Tryffeln Livs AB,556587-0564,,,,,,,,
,God Balans International AB,556571-0448,,,,,,,,
,Sono Sverige AB,556595-7809,,,,,,,,
,Gibon Stockholm AB,556585-5318,,,,,,,,
,Solo Kaffe AB,556597-6056,,,,,,,,
,Jeffrey Rader AB,556599-6773,,,,,,,,
,Stockholms Allstäd AB,556553-7106,,,,,,,,
,Ostkustgrossisten i Västervik AB,556563-7351,,,,,,,,
,Turn Key Automation Skandinavia AB,556525-4231,,,,,,,,
,Juj:s Byggvaror Eftr. AB,556546-0788,,,,,,,,
,Kinnekulle Bygg Aktiebolag,556548-1743,,,,,,,,
,UVEDES Aktiebolag,556528-0517,,,,,,,,
,N.O.K. Fashion AB,556563-8029,,,,,,,,
,Robbans Trading Eftr. AB,556565-2616,,,,,,,,
,LM Energihus AB,556556-2633,,,,,,,,
,Saltsjön Trading AB,556574-1609,,,,,,,,
,ActionSportGames Sweden AB,556574-8349,,,,,,,,
,Nordfågel Aktiebolag,556557-6237,,,,,,,,
,Sweet Easy AB,556560-3023,,,,,,,,
,Katts of Sweden AB,556555-2733,,,,,,,,
,WEBLAND AB,556560-8162,,,,,,,,
,Boutique Scruples AB,556566-7275,,,,,,,,
,Grevon Retail AB,556548-4879,,,,,,,,
,Waypoint i Kristianstad AB,556573-3507,,,,,,,,
,Sky-Text AB,556575-2408,,,,,,,,
,BAE Systems SWS Defence AB,556597-4002,,,,,,,,
,Kreativ Flora i Sundsvall AB,556596-7337,,,,,,,,
,Nichols Golf Sweden Aktiebolag,556581-3119,,,,,,,,
,Möllefors Bil Aktiebolag,556560-3650,,,,,,,,
,Axis Ex AB,556599-4562,,,,,,,,
,New Nordic AB,556546-0150,,,,,,,,
,Butiksutrustning Ledin AB,556553-9789,,,,,,,,
,Torpfors Trävaruaffär Aktiebolag,556422-0159,,,,,,,,
,Fyrstads Bröd AB,556670-9829,,,,,,,,
,Möbelmästarna Uppsala AB,556673-7234,,,,,,,,
,Marshandmallow AB,556654-9134,,,,,,,,
,Kolmårdskök AB,556655-1437,,,,,,,,
,Butik 4008193 STHLM Södra Station AB,556653-2718,,,,,,,,
,Butik 4008500 Täby C Stortorget AB,556659-2506,,,,,,,,
,JEZZMAN AB,556420-2116,,,,,,,,
,Techstep AB,556405-0770,,,,,,,,
,Sävtek AB,556661-6974,,,,,,,,
,Sveadiesel AB,556648-0348,,,,,,,,
,MM konsult i sollentuna AB,556408-6071,,,,,,,,
,Åbrink Agentur AB,556639-9845,,,,,,,,
,Tactile Rugged Computers AB,556664-6344,,,,,,,,
,You Buy Smart Sweden AB,556666-2838,,,,,,,,
,Johannebergs Blomsterhandel S Höglund AB,556650-3917,,,,,,,,
,FPLP Jönköping AB,556414-4250,,,,,,,,
,Soledad Food AB,556646-0266,,,,,,,,
,Dixa Holding AB,556663-2096,,,,,,,,
,Agrinavia AB,556661-1868,,,,,,,,
,Östermalms Servicehandel AB,556646-7402,,,,,,,,
,Aktiebolag Roger Rindestad,556656-9678,,,,,,,,
,aliasSmith AB,556667-2654,,,,,,,,
,Ideoab AB,556660-6207,,,,,,,,
,Electrokit Sweden AB,556667-9683,,,,,,,,
,Zoo-Center Hund & Katt Umeå Aktiebolag,556435-8041,,,,,,,,
direktoptik.se,,,,,https://direktoptik.se,browser,no,,,Attempted to use detached Frame '54A3795C9D349C503FA670CF06BECBE4'. | method:browser
,A B L Bensin Aktiebolag,556417-1261,,,,,,,,
,Arsite AB,556644-6430,,,,,,,,
,Frimo AB,556656-1915,,,,,,,,
,Pondus Överby AB,556656-7227,,,,,,,,
,BQ Marketing AB,556607-2566,,,,,,,,
,Tretti AB,556665-7606,,,,,,,,
,Säker på vägen i Ludvika AB,556667-5343,,,,,,,,
,Odd Design Aktiebolag,556428-8073,,,,,,,,
,Servier Sverige AB,556668-8833,,,,,,,,
,EuroChina Business Solution AB,556652-4731,,,,,,,,
,Liam Design & Development AB,556665-8257,,,,,,,,
,Örebro Fiske & Outdoor AB,556668-9336,,,,,,,,
,Pi Box i Skandinavien AB,556667-0872,,,,,,,,
,Bildelar i Tingsryd AB,556425-7649,,,,,,,,
,Skid-Car Sweden Aktiebolag,556425-8233,,,,,,,,
,Elektrokök Storköksservice Widlund & Co AB,556662-4085,,,,,,,,
,Bryggeridepån i Värnamo AB,556660-8799,,,,,,,,
,M Antiques of Stockholm AB,556658-3059,,,,,,,,
,Axenslivs AB,556651-6331,,,,,,,,
,Banyan Ventures AB,556415-3939,,,,,,,,
,Tifozi-Trend AB,556654-1123,,,,,,,,
,L.O.A.B. Aktiebolag,556422-7428,,,,,,,,
,Syd Produkter MJ AB,556606-1403,,,,,,,,
,VANICEK SVENSKA Aktiebolag,556428-8198,,,,,,,,
,Fab form Sweden AB,556612-4920,,,,,,,,
,San Instruments AB,556665-3316,,,,,,,,
,CR Livs AB,556669-0557,,,,,,,,
,Nya Jonsereds Konstruktions & Teknik AB,556663-6063,,,,,,,,
,Vetlanda Trävaror Fastighets AB,556662-3178,,,,,,,,
,PALERA Aktiebolag,556663-3060,,,,,,,,
,Kostkompassen Aktiebolag,556663-2658,,,,,,,,
,Frykholms Maskin AB,556666-3125,,,,,,,,
,Romella International AB,556651-8311,,,,,,,,
,S-Pap Pulp and Paper AB,556647-9092,,,,,,,,
,Boströms Guld i Luleå AB,556661-5570,,,,,,,,
,Kaffepunkten AB,556670-3426,,,,,,,,
,Autonics Scandinavia AB,556653-8731,,,,,,,,
,J. Plato Control Aktiebolag,556417-6815,,,,,,,,
,PRIVA SCANDINAVIA Aktiebolag,556400-2342,,,,,,,,
,ITG Clothing AB,556631-7532,,,,,,,,
,Clarios Sweden AB,556426-3985,,,,,,,,
,drev.se Lidingö Marinagenturer AB,556664-0339,,,,,,,,
,Kapisa AB,556665-2292,,,,,,,,
,wedathel AB,556666-6987,,,,,,,,
,Gnosjö Bil och Marin Aktiebolag,556429-9534,,,,,,,,
,Hälso-Lasse Aktiebolag,556413-6157,,,,,,,,
,Appelqvist Servicecenter Aktiebolag,556663-3813,,,,,,,,
,Mastbyggarna i Sverige AB,556667-1771,,,,,,,,
,Satema AB,556664-6708,,,,,,,,
,Svensk bygg och vägarbetare AB,556418-6814,,,,,,,,
,Hannus & Co. Teknik AB,556665-3860,,,,,,,,
,TK Timmerhouse AB,556658-5534,,,,,,,,
,Airtune AB,556667-3777,,,,,,,,
,ImVexa AB,556661-0936,,,,,,,,
,Nomaco AB,556415-4952,,,,,,,,
,Streckkodsspecialisten i Sverige Aktiebolag,556407-0422,,,,,,,,
,Nutrend Sverige Aktiebolag,556648-4829,,,,,,,,
,Fläktcomp Sweden AB,556649-4489,,,,,,,,
,Olsson Optik Nynäshamn AB,556607-3150,,,,,,,,
,Starild AB,556609-7548,,,,,,,,
,IGUS Group AB,556665-4512,,,,,,,,
,Safehorse of Sweden AB,556650-1655,,,,,,,,
,Blomrum i Göteborg AB,556614-8861,,,,,,,,
,Kils Blomsterhandel Aktiebolag,556436-4676,,,,,,,,
,Centersport Kalix AB,556648-4472,,,,,,,,
,Quick KemTek Nordic AB,556669-0847,,,,,,,,
,Haven Aktiebolag,556661-3856,,,,,,,,
,Marenavi AB,556666-1368,,,,,,,,
,Denator AB,556664-7748,,,,,,,,
,Galleri Sander i Linköping AB,556659-1888,,,,,,,,
,Butik 4005322 Danderyds Sjh Entré AB,556657-1195,,,,,,,,
,Zinzino Sverige AB,556646-5869,,,,,,,,
,Färg & Skohörnan i Bjurholm AB,556653-2817,,,,,,,,
,Clearly of Sweden AB,556660-5688,,,,,,,,
,"Handelsboden, Skinn & MC-kläder i Göteborg AB",556649-5718,,,,,,,,
,More Furniture i Varberg Aktiebolag,556665-1138,,,,,,,,
,Bergvärmetjänst i Norr AB,556651-0748,,,,,,,,
,OnWater AB,556669-1118,,,,,,,,
,ALKAMA AB,556664-5361,,,,,,,,
,Mobilen i Borås AB,556664-7722,,,,,,,,
,blomab i Alingsås Aktiebolag,556664-8233,,,,,,,,
,PS OLD Förvaltnings Aktiebolag,556663-5586,,,,,,,,
,Ingelstad Invest Aktiebolag,556428-6259,,,,,,,,
,Heddata Aktiebolag,556665-5535,,,,,,,,
,Emina AB,556656-6153,,,,,,,,
,Jomasea AB,556663-3763,,,,,,,,
,Ingenjörskopia i Norrtälje AB,556650-4972,,,,,,,,
,Marietti AB,556668-7256,,,,,,,,
,J2 Sourcing AB,556662-7476,,,,,,,,
,Nordic Kidswear Aktiebolag,556675-5772,,,,,,,,
,Varia AB,556663-6543,,,,,,,,
,Lagerhaus Aktiebolag,556662-8730,,,,,,,,
,Österströms Livs Intressenter AB,556664-2236,,,,,,,,
,LIDTEC AB,556612-7428,,,,,,,,
,Bilhuset i Reftele AB,556667-4056,,,,,,,,
,Aurus Försäljnings AB,556667-4155,,,,,,,,
,Oscis Aktiebolag,556669-9038,,,,,,,,
,Guldstadens Blommor AB,556420-1068,,,,,,,,
,Västbo Emballage och Papper i Gnosjö Aktiebolag,556422-5638,,,,,,,,
,Bilfärgsbutiken i Sverige AB,556422-6156,,,,,,,,
,Kungälvs Solskydd Aktiebolag,556427-0444,,,,,,,,
,Duvan AB,556660-5142,,,,,,,,
,Andréns Handelshus AB,556656-1659,,,,,,,,
,Rinkaby Maskin AB,556661-6354,,,,,,,,
,Ivholt & Kompani Aktiebolag,556675-1623,,,,,,,,
,Actor Kök och Butik AB,556646-7048,,,,,,,,
,Nisses Bilskrot i Åtvidaberg AB,556636-6745,,,,,,,,
,Sevende Profil o Image AB,556608-0973,,,,,,,,
,U.R.S. Fashion Aktiebolag,556609-8363,,,,,,,,
,East Asian Food Aktiebolag,556637-4988,,,,,,,,
,Mellansvenska Material & Maskin Aktiebolag,556415-9332,,,,,,,,
,Cassise AB,556661-4870,,,,,,,,
,W:m Rudells Group AB,556410-8974,,,,,,,,
,Techtronic Industries Sweden AB,556662-7294,,,,,,,,
,Ols Möbler Aktiebolag,556420-1092,,,,,,,,
,Expo Inredning i Sverige AB,556666-7357,,,,,,,,
,European Porous Products AB,556650-5870,,,,,,,,
,Blomsterbinderi La Fleur i Varberg AB,556651-1985,,,,,,,,
,Skaraborgs Stål AB,556669-6158,,,,,,,,
,Aktiebolaget Fastex Fästteknik,556667-3306,,,,,,,,
,Sven Hörnell AB,556663-2021,,,,,,,,
,EFFTE Aktiebolag,556400-7960,,,,,,,,
,Jens Fjellström Konsult Aktiebolag,556407-3079,,,,,,,,
,Pralinhuset Stockholms Chokladoas AB,556660-6678,,,,,,,,
,Netmaker Consulting Group JJA AB,556609-8660,,,,,,,,
,Wåxnäs Mat Aktiebolag,556667-6200,,,,,,,,
,Sportringen AB,556659-4460,,,,,,,,
,Hallsta Bildemontering AB,556662-2642,,,,,,,,
,Document Solutions i Vänersborg AB,556674-8702,,,,,,,,
,Dimstone AB,556662-6288,,,,,,,,
,Carl Magnus Aktiebolag,556420-1753,,,,,,,,
,Babyproffsen AB,556425-0636,,,,,,,,
,WINC Sweden AB,556656-4224,,,,,,,,
,SMEG Nordic AB,556661-1454,,,,,,,,
,Penselimporten i Kristianstad AB,556659-4288,,,,,,,,
,Norrhandel i Luleå AB,556669-2405,,,,,,,,
,Ustö AB,556647-2402,,,,,,,,
,CemCo AB,556667-9501,,,,,,,,
,Köksdesign i Kungens kurva AB,556647-7526,,,,,,,,
,BOA Transporter 91 AB,556416-4357,,,,,,,,
,Tingstad Möbler AB,556658-6953,,,,,,,,
,Nyköpings Kontorsvaruhus Aktiebolag,556416-5073,,,,,,,,
,VEGO Aktiebolag,556400-8604,,,,,,,,
,Topas Interiör & Design Aktiebolag,556423-2287,,,,,,,,
,Mobil Elteknik Sverige Aktiebolag,556635-9351,,,,,,,,
,ZOUM AB,556661-5661,,,,,,,,
autoexperten.se,,,kundservice@autoexperten.se,+46 8 92 33 34,https://www.autoexperten.se/kundservice/,browser,yes,checkout_provider; product_cards; checkout; provider:stripe,main@https://www.autoexperten.se/:providers(stripe) | main@https://www.autoexperten.se/:productCards(10) | main@https://www.autoexperten.se/:samplingRan(sampled=0) | internal@https://www.autoexperten.se/bilverkstad/:hasCheckout(uiPhrase) | internal@https://www.autoexperten.se/bilverkstad/:providers(stripe) | internal@https://www.autoexperten.se/bilverkstad/:productCards(14) | DECISION@internal@https://www.autoexperten.se/bilverkstad/ | contact_like@https://www.autoexperten.se/avtalskund/serviceavtal/:providers(stripe) | contact_like@https://www.autoexperten.se/avtalskund/serviceavtal/:productCards(4) | contact_like@https://www.autoexperten.se/kundservice/:hasCheckout(uiPhrase) | contact_like@https://www.autoexperten.se/kundservice/:providers(stripe) | contact_like@https://www.autoexperten.se/kundservice/:productCards(4) | DECISION@contact_like@https://www.autoexperten.se/kundservice/,
,Skytteprecision i Sverige AB,556667-0781,,,,,,,,
,Kontorsprofilen i mellansverige AB,556659-0492,,,,,,,,
,Vision Haircare AB,556660-5274,,,,,,,,
,Christian Bäckman Förvaltning AB,556667-6390,,,,,,,,
,SH Optik AB,556662-6247,,,,,,,,
,Butik 4008665 Södertälje Cstn AB,556654-2212,,,,,,,,
,Ola Bäckman AB,556655-4274,,,,,,,,
,Kyowa Kirin AB,556662-3038,,,,,,,,
,UA Holding AB,556660-5662,,,,,,,,
,BasMetall Kundvagnar i Laholm AB,556664-8746,,,,,,,,
,Blomstera AB,556665-6749,,,,,,,,
,Samplex Aktiebolag,556427-7472,,,,,,,,
,Bellatrix Aktiebolag,556419-8959,,,,,,,,
,Mahmoud Valijani AB,556419-9486,,,,,,,,
,Soudal AB,556423-1024,,,,,,,,
,Peala AB,556673-1708,,,,,,,,
,Linkan Feed Ingredients AB,556665-8711,,,,,,,,
,Qsys Sverige AB,556665-9842,,,,,,,,
,FORICON TIMBER Aktiebolag,556398-4789,,,,,,,,
,Tryggve Olson Normdetaljer AB,556630-8168,,,,,,,,
,Svängstadatan AB,556661-9218,,,,,,,,
,AN3 & Inredningsmattor AB,556608-3555,,,,,,,,
,Restaurang Gabeva AB,556641-8629,,,,,,,,
,Matcenter i Hovsjö AB,556667-6283,,,,,,,,
,Jamav Syd Fastigheter AB,556616-3563,,,,,,,,
,Näbbar & Klor i Sollefteå AB,556661-2734,,,,,,,,
,Stockholms Internationella Handelskompani Aktiebolag,556434-5808,,,,,,,,
,XD Connects Scandinavia AB,556668-0996,,,,,,,,
,Öje Produkter AB,556647-4705,,,,,,,,
,Hanssonbil i Vänersborg AB,556664-2210,,,,,,,,
,Light Electronic Computer International Aktiebolag,556419-9833,,,,,,,,
,North Sails AB,556653-1678,,,,,,,,
,KMP Kolstad Holding AB,556661-2668,,,,,,,,
,HNA Storköksservice AB,556433-9439,,,,,,,,
,Sensotronik Aktiebolag,556671-3003,,,,,,,,
,Bames AB,556416-6444,,,,,,,,
,M & J Mode AB,556652-5696,,,,,,,,
,Skivakuten Nytt & Begagnat i Hudiksvall SNOBB AB,556405-3808,,,,,,,,
,Home Style Studio GMP AB,556405-4178,,,,,,,,
,Målet handels AB,556662-1446,,,,,,,,
,WM Trading AB,556667-2589,,,,,,,,
,K.d Lott Hair Trend AB,556664-0438,,,,,,,,
,Björkmans Ur & Guld Aktiebolag,556418-1260,,,,,,,,
,Aquamonde AB,556647-9746,,,,,,,,
,Emerio Nordic AB,556662-1537,,,,,,,,
,KPEQ AB,556656-9009,,,,,,,,
,Stefan Partner AB,556661-2866,,,,,,,,
,Henrik Franzéns Livs Aktiebolag,556669-9806,,,,,,,,
,Flo Pay AB,556665-9339,,,,,,,,
,Arkelstorps Granar AB,556668-7496,,,,,,,,
,Dolika AB,556653-2650,,,,,,,,
,KaffeGrossisten i Norden AB,556659-8461,,,,,,,,
,Badrum och Värmeteknik i Vetlanda AB,556647-7732,,,,,,,,
,CITY MILJÖ I ÅKERSBERGA Aktiebolag,556412-5366,,,,,,,,
,Forte Fortissimo AB,556660-6553,,,,,,,,
,Svens Kylteknik & Storkökservice AB,556660-6751,,,,,,,,
,Boutique Violen CM AB,556665-5154,,,,,,,,
,Marioff Skandinavien Aktiebolag,556423-3665,,,,,,,,
,Brödverket AB,556653-2429,,,,,,,,
,Västra Varvsgatans Stormarknad AB,556669-0458,,,,,,,,
,Sportmagasinet i Övertorneå AB,556658-1129,,,,,,,,
,Wåhlstedts i Östervåla AB,556660-8484,,,,,,,,
,TEXPAK AB,556658-9262,,,,,,,,
,Yrkesbilar i Sverige AB,556427-0196,,,,,,,,
,Suv & Pickup Center Sweden AB,556663-1171,,,,,,,,
,Matbutiken i Gustafs AB,556637-8955,,,,,,,,
circlek.se,,,,,https://www.circlek.se/mastercard/kundservice,browser,no,checkout; sampled_3; sample_price_1,main@https://www.circlek.se/:hasCheckout(urlPath:/betalning) | main@https://www.circlek.se/:samplingRan(sampled=3) | sampleURL@https://circlek.se/biluthyrning:status=200:PRICE | sampleURL@https://circlek.se/biluthyrning/prisinformation:status=200 | sampleURL@https://circlek.se/personbilar:status=200 | contact_like@https://www.circlek.se/om-oss:hasCheckout(urlPath:/betalning) | contact_like@https://www.circlek.se/kundservice:hasCheckout(urlPath:/betalning) | contact_like@https://www.circlek.se/mastercard/kundservice:hasCheckout(urlPath:/betalning),
,Scanpeat Aktiebolag,556611-5720,,,,,,,,
,Bavia Yacht AB,556644-9707,,,,,,,,
,KAJ Trading AB,556416-2658,,,,,,,,
,KAZI Innovation Aktiebolag,556668-9435,,,,,,,,
,Kieback & Peter AB,556666-1913,,,,,,,,
,PARMAB Sverige AB,556647-3350,,,,,,,,
,Kvik Bäckebol AB,556665-5675,,,,,,,,
,Önnebo Larm & Elektronik Aktiebolag,556416-6576,,,,,,,,
,Astimac Aktiebolag,556418-7713,,,,,,,,
,Visuell Optik P Hansson Aktiebolag,556418-8752,,,,,,,,
,Svenska Fordonsgruppen i Sverige AB,556666-2424,,,,,,,,
,Containerpoolen i Sverige Aktiebolag,556435-9544,,,,,,,,
,Magasin 11 AB,556653-7600,,,,,,,,
,Bengans Glass och Mat AB,556419-9767,,,,,,,,
,Ola Wortzelius AB,556399-5892,,,,,,,,
,Gert Johansson's Bilfirma Aktiebolag,556402-9188,,,,,,,,
,Zinzino Operations AB,556655-2658,,,,,,,,
,Hossteve Produkter Aktiebolag,556408-1882,,,,,,,,
,Ahtis Såg och Motor Aktiebolag,556408-2575,,,,,,,,
,Hemec Technical Cases AB,556663-3722,,,,,,,,
,Calendula Trading AB,556663-4027,,,,,,,,
,Eveco Handel AB,556664-8258,,,,,,,,
,Television & Wireless Applications Europe AB,556610-9798,,,,,,,,
,Telltail AB,556614-9612,,,,,,,,
,Kinnmo AB,556648-3185,,,,,,,,
,Storbutiken i Örebro Aktiebolag,556411-6647,,,,,,,,
,TradeSweden 1985 AB,556415-2626,,,,,,,,
,Porsgården Aktiebolag,556416-8689,,,,,,,,
,Packoflove International AB,556657-3746,,,,,,,,
,Art Renaldi Aktiebolag,556658-1806,,,,,,,,
,Frisör och Motorsport i Falkenberg AB,556662-0836,,,,,,,,
,Nord Sea Trading AB,556667-4064,,,,,,,,
,Dyrego Sverige AB,556676-9062,,,,,,,,
,Hamon AB,556640-7317,,,,,,,,
,Svenska Dekalin AB,556640-7465,,,,,,,,
,Eritech Ledfix AB,556652-8781,,,,,,,,
,Vera-Vera AB,556659-1060,,,,,,,,
,ORBO Aktiebolag,556399-8870,,,,,,,,
,Carsystem Sweden AB,556403-0160,,,,,,,,
,Kättingsystem i Västervik Aktiebolag,556423-7849,,,,,,,,
,Bilia Center Metro AB,556656-0925,,,,,,,,
,CashCom i Sverige AB,556664-8407,,,,,,,,
,TKF Nordic AB,556430-6198,,,,,,,,
,ML Livs i Arvidsjaur AB,556669-0490,,,,,,,,
,Almax Systems AB,556675-8990,,,,,,,,
,WR TV & Telecom AB,556661-5828,,,,,,,,
,Douglas Hellström AB,556664-6252,,,,,,,,
,Ren Skönhet i GBG AB,556665-7358,,,,,,,,
,Klädjätten i Sandviken Aktiebolag,556421-3535,,,,,,,,
,DomiTech Aktiebolag,556421-4848,,,,,,,,
,Cobody AB,556667-5376,,,,,,,,
,Voilàp Scandinavia AB,556643-9955,,,,,,,,
,GH Husvagnar AB,556651-1753,,,,,,,,
,Motorman i Karlskoga Aktiebolag,556370-5671,,,,,,,,
,Olle Palmquist Livs AB,556642-1524,,,,,,,,
,AB Hennings Kläder,556376-9453,,,,,,,,
,Green Sales Distributions AB,556644-2256,,,,,,,,
,SUPROD Aktiebolag,556645-3709,,,,,,,,
,Midland AB,556646-4508,,,,,,,,
,Stålprodukter i Halmstad AB,556646-4789,,,,,,,,
,SVENSKA CEE-NORM Aktiebolag,556386-9378,,,,,,,,
,Sala Bilcenter AB,556645-3576,,,,,,,,
,Tematic Industrial Parts Aktiebolag,556636-0391,,,,,,,,
,Dinler Invest AB,556656-8753,,,,,,,,
,Syncentrum i Tomelilla AB,556647-2816,,,,,,,,
,Matglad i Ånge AB,556647-3756,,,,,,,,
,Tofta Bil i Kristianstad AB,556657-1062,,,,,,,,
,Tecnovap Scandinavia AB,556628-9335,,,,,,,,
,MAHLE Thermal and Fluid Systems Sweden AB,556646-6669,,,,,,,,
,ESS Oljeorder Bränsle Aktiebolag,556645-9227,,,,,,,,
,Staaff Livsmedel AB,556641-3521,,,,,,,,
,Litio Nordic AB,556633-2648,,,,,,,,
,Kaffedoppet i Strömstad AB,556639-5181,,,,,,,,
,Aeroform Fuel Cell AB,556651-1423,,,,,,,,
,Hylliekrokens Golfbutik AB,556633-1491,,,,,,,,
,Borås Bil & Bodelsservice AB,556636-2926,,,,,,,,
,Esperlind Beauty AB,556623-3606,,,,,,,,
,Scandinavian Sealing AB,556642-8453,,,,,,,,
,Djuröbron Bensin AB,556641-4974,,,,,,,,
,Escunordic AB,556642-4965,,,,,,,,
,Aktiebolaget Traryds Svetsservice,556366-8408,,,,,,,,
,TTM i Uppsala AB,556645-4434,,,,,,,,
,Dr. Oetker Sverige AB,556633-5351,,,,,,,,
,Enkla Urval i Karlskrona AB,556643-6787,,,,,,,,
,Subway Subs of Sweden Aktiebolag,556649-6922,,,,,,,,
,Blåregn Blommor i Alvik AB,556645-5910,,,,,,,,
,Bilbörsen Håkan Paulsson AB,556658-7811,,,,,,,,
,All Fly Mörrum AB,556637-7718,,,,,,,,
,Martin Almquist AB,556648-3466,,,,,,,,
,Ewings Scandinavia AB,556634-5475,,,,,,,,
,Transmotec Sweden AB,556650-1614,,,,,,,,
,Elit Nutrition Sweden AB,556628-6257,,,,,,,,
,Safe marketing Stockholm AB,556639-0745,,,,,,,,
,Inges Bilskrotning AB,556623-5429,,,,,,,,
,Jagolix AB,556642-8487,,,,,,,,
,Tema Mix i GBG AB,556645-5951,,,,,,,,
,Gamla Bro Bågar AB,556625-1962,,,,,,,,
,Northline AB,556626-2563,,,,,,,,
,Freida Livs AB,556633-5559,,,,,,,,
,C. Krefting AB,556647-9027,,,,,,,,
,Shotluckan Produkt AB,556657-3159,,,,,,,,
,Mariefreds Bokhandel AB,556657-8950,,,,,,,,
,Sanrui AB,556645-3725,,,,,,,,
,Kakelspecialisten i Stockholm AB,556652-0705,,,,,,,,
,Arvidssons Oljetransporter AB,556646-8608,,,,,,,,
,Nynäshamns Färg AB,556639-2709,,,,,,,,
,"Färg, Bad och Kakel i Karlstad AB",556640-4256,,,,,,,,
,Active i Aros AB,556639-1347,,,,,,,,
,Market Import Sweden Aktiebolag,556645-8591,,,,,,,,
,Cassiopeia i Stockholm AB,556646-6883,,,,,,,,
,Uvex Safety Scandinavia AB,556643-2562,,,,,,,,
,Norexor AB,556639-0430,,,,,,,,
,Hobbyborgen Försäljning AB,556641-3919,,,,,,,,
,Strömma Handel AB,556637-4251,,,,,,,,
,Promectum Sweden AB,556649-5635,,,,,,,,
,KEAB Fastighet AB,556648-4290,,,,,,,,
,BBO Försäljning AB,556650-9112,,,,,,,,
,The Lee Company Scandinavia AB,556650-0905,,,,,,,,
,Plast & Betong i Helsingborg AB,556634-0880,,,,,,,,
,LISTEC AB,556649-4331,,,,,,,,
,JooL AB,556635-5771,,,,,,,,
,C. Schmidt Autoimport AB,556636-8147,,,,,,,,
,PEDAB Sweden AB,556646-7493,,,,,,,,
,Primolete AB,556619-6407,,,,,,,,
,LuJohn Consulting AB,556640-7523,,,,,,,,
,AB HH Fiskdelikatesser,556640-7879,,,,,,,,
,Entrésystem Scandinavia Aktiebolag,556644-0391,,,,,,,,
,Kulzer Nordic AB,556627-0947,,,,,,,,
,WedaBlomman AB,556633-5096,,,,,,,,
,IV Industriverktyg i Uppsala AB,556637-1760,,,,,,,,
,Cina Krokström reklam AB,556640-4462,,,,,,,,
,East Packaging AB,556648-0454,,,,,,,,
,Vemo Design Aktiebolag,556644-0383,,,,,,,,
,PC-Kraft Data i Göteborg AB,556649-5700,,,,,,,,
,Cera Invest AB,556644-7313,,,,,,,,
,Träffen Mullhyttan AB,556649-0883,,,,,,,,
,EJB Consult AB,556651-8006,,,,,,,,
,Altavox Infotainment AB,556650-2919,,,,,,,,
,Trast Production AB,556629-7767,,,,,,,,
,Xendon AB,556631-9298,,,,,,,,
,Svenssons Foto i Katrineholm AB,556640-1997,,,,,,,,
,FLINTEC AB,556625-2614,,,,,,,,
,Optikern i Jämtland AB,556632-3449,,,,,,,,
,Rörmontage i Borås Aktiebolag,556633-6474,,,,,,,,
,Eurocos Aktiebolag,556377-5666,,,,,,,,
,CEDEK Aktiebolag,556384-6848,,,,,,,,
,Svedlindhs Herr & Dam AB,556645-8419,,,,,,,,
,Lichron AB,556390-6816,,,,,,,,
,"The Home Company Live, Eat and Sleep i Karlskrona AB",556633-1459,,,,,,,,
,Charlotte Du Rietz Rare Books AB,556633-8413,,,,,,,,
,Fantasio AB,556648-7129,,,,,,,,
,Erik Jerneld AB,556647-7179,,,,,,,,
,SCANDIPAINT Färgfabrik AB,556650-3701,,,,,,,,
,planoform i stockholm AB,556629-1273,,,,,,,,
,Frigopanel AB,556648-4308,,,,,,,,
,Alltid Hemma AB,556644-0656,,,,,,,,
,Skåne Schakt Beddingestrand AB,556638-9184,,,,,,,,
,ILEA Lantbruks AB,556635-1002,,,,,,,,
,Veda House AB,556645-3584,,,,,,,,
,Equistro Sweden AB,556638-2288,,,,,,,,
,AutoConsult PVD AB,556636-5887,,,,,,,,
,Sprinkler Tech i Nyköping AB,556639-9548,,,,,,,,
,SängComfort & Designmöbler Halland AB,556648-2245,,,,,,,,
,Släpspecialisten i Lycksele AB,556644-2231,,,,,,,,
,Limhamn Solar AB,556645-4954,,,,,,,,
,Swecator AB,556646-3500,,,,,,,,
,KL Bil & Motor i Luleå Aktiebolag,556642-0096,,,,,,,,
,Skillinge Fisk-Impex Aktiebolag,556377-8447,,,,,,,,
,Seatrade International AB,556627-3685,,,,,,,,
,Big M AB,556639-3095,,,,,,,,
,China Trading i Stockholm AB,556629-4376,,,,,,,,
,T.M Player Agency AB,556652-6397,,,,,,,,
,Torgnys Radio & TV AB,556647-7203,,,,,,,,
,Peloki AB,556653-2890,,,,,,,,
,Nyköpings Däckkonsult AB,556651-4906,,,,,,,,
,Noorshill Property AB,556650-6506,,,,,,,,
,Autogruppen One AB,556639-9936,,,,,,,,
,Kalmar Golf Academy AB,556653-8582,,,,,,,,
,USA Bildelar i Sösdala & Sölvesborg AB,556661-9184,,,,,,,,
,Hitex Robot Tuft AB,556658-3117,,,,,,,,
,Justaclick AB,556635-2885,,,,,,,,
,HUGMA AB,556643-8254,,,,,,,,
,Sängexponering Sverige AB,556615-5403,,,,,,,,
,E-son Maskin Aktiebolag,556636-1696,,,,,,,,
,IQ-Logistics AB,556640-7937,,,,,,,,
,House of Longwood AB,556625-2655,,,,,,,,
,Playoteket AB,556656-1477,,,,,,,,
,Scandinavia Ring Aktiebolag,556378-0443,,,,,,,,
,Merch-Ants Stockholm AB,556631-1287,,,,,,,,
,2K Sport AB,556641-3620,,,,,,,,
,Rum 16 AB,556644-6489,,,,,,,,
,LLT Teknik AB,556648-5883,,,,,,,,
,ELIPS AB,556648-9042,,,,,,,,
,Färg & Tapetspecialisten Jonas Adolfsson AB,556660-9870,,,,,,,,
,ZW Nordic AB,556648-0603,,,,,,,,
,Skimarine Sport i Haninge AB,556650-6639,,,,,,,,
,Öresund Sport Group AB,556636-0375,,,,,,,,
,Adolfström Camping AB,556406-2502,,,,,,,,
,Gårdling Hans Agenturer AB,556653-6834,,,,,,,,
,Simplify Sverige AB,556653-3609,,,,,,,,
,Ladan i Boarp-Båstad AB,556654-6866,,,,,,,,
,Kani Naturapotek AB,556645-3683,,,,,,,,
,Sickla Lek AB,556645-3980,,,,,,,,
,APG-Teknik AB,556646-1504,,,,,,,,
,Älvsmark Förvaltning i Boden AB,556642-9436,,,,,,,,
,Haparanda Färg & Måleritjänst AB,556631-2418,,,,,,,,
,Salta Skor AB,556641-0279,,,,,,,,
,Kiaby Rör AB,556646-0993,,,,,,,,
,Good Mood Blomqvist AB,556632-0304,,,,,,,,
,MilOptik AB,556653-6255,,,,,,,,
,TRENDAB Bildelar AB,556655-7921,,,,,,,,
,Cronimet Norr AB,556659-9048,,,,,,,,
,Kronan Trademark AB,556639-5777,,,,,,,,
,Tassix AB,556399-2857,,,,,,,,
,KGL Skog AB,556651-7339,,,,,,,,
,Juniperhill AB,556661-9382,,,,,,,,
,Souris Sofimanesh AB,556648-8978,,,,,,,,
,Gottis Alingsås AB,556640-9289,,,,,,,,
,Haga Nygatan Cykel AB,556640-5865,,,,,,,,
,Emelie Lindholm Livs AB,556617-0345,,,,,,,,
,Troya AB,556617-8033,,,,,,,,
,Vävknuten i Eskilstuna Aktiebolag,556644-2736,,,,,,,,
,Olle Wilhelmssons AB,556633-9932,,,,,,,,
,Nordendahls Blommor Aktiebolag,556374-9471,,,,,,,,
,Autoteknik i Vetlanda AB,556643-6084,,,,,,,,
,Glow AB,556645-0879,,,,,,,,
,Nicke och Sebbes AB,556629-5555,,,,,,,,
,AG Spel o Tobak AB,556654-9852,,,,,,,,
,Gourmet Gruppen Sverige Agentur AB,556632-2052,,,,,,,,
,PLW Data & Säkerhet AB,556652-4871,,,,,,,,
,7H Bil AB,556629-2362,,,,,,,,
,Schelander Livs Aktiebolag,556644-4351,,,,,,,,
,Hugos Blommor Aktiebolag,556650-0962,,,,,,,,
,Birgersson i Rottne AB,556635-3321,,,,,,,,
,Hamburgsunds Fisk & Skaldjur Aktiebolag,556646-2296,,,,,,,,
,WelCom Products Sweden AB,556642-0682,,,,,,,,
,Millons Bil AB,556655-0447,,,,,,,,
,Sunnex Aktiebolag,556380-6842,,,,,,,,
,Elingsbo Kosmetik & Utbildning AB,556638-3849,,,,,,,,
,Tricom AB,556388-5382,,,,,,,,
,Arnstedt galleri i Östra Karup AB,556626-7802,,,,,,,,
,Steuler - KCH Nordic AB,556648-4027,,,,,,,,
,Moestue & Cask AB,556647-5322,,,,,,,,
,PoG Byggnader Sjöbo AB,556658-9890,,,,,,,,
,Hum Tum Present AB,556662-0190,,,,,,,,
,Metrospeed AB,556647-0489,,,,,,,,
,Blåskog Invest AB,556657-7853,,,,,,,,
,Effekt Försäljning Ulla Olsson AB,556631-3382,,,,,,,,
,Bike Planet AB,556646-7220,,,,,,,,
,Rickard Månsson Livs AB,556635-1143,,,,,,,,
,Mynthuset Sverige Aktiebolag,556634-1326,,,,,,,,
,Amplecta AB,556649-4422,,,,,,,,
,Comba Telecom Systems AB,556645-7536,,,,,,,,
,LT-Jouren i Sturup AB,556642-8289,,,,,,,,
,Skärströms Golf Aktiebolag,556643-9807,,,,,,,,
,Mats Eismar Aktiebolag,556388-8162,,,,,,,,
,Nexo Transport AB,556646-8467,,,,,,,,
,PEOTECH AB,556629-6397,,,,,,,,
,Nordic Bitumen AB,556649-5874,,,,,,,,
,Iggelbo Trading AB,556631-0719,,,,,,,,
,RNF Holdings AB,556651-2900,,,,,,,,
,Fjugesta Järn & Färg AB,556662-3467,,,,,,,,
,Nacka Allservice TC AB,556643-8932,,,,,,,,
facebook.com,,,dev7561@gmail.com; kundansvarig@studioexpress.se,,https://www.facebook.com/kundtjanst,browser,yes,checkout_provider; checkout; provider:adyen,main@https://www.facebook.com/:samplingRan(sampled=0) | contact_like@https://www.meta.com/en-gb/about/?utm_source=about.facebook.com&utm_medium=redirect:hasCheckout(urlPath:/order) | contact_like@https://www.meta.com/en-gb/about/?utm_source=about.facebook.com&utm_medium=redirect:providers(adyen) | DECISION@contact_like@https://www.meta.com/en-gb/about/?utm_source=about.facebook.com&utm_medium=redirect,
,1 Kök i Tenhult AB,556633-8553,,,,,,,,
,MOLEK AB,556648-7855,,,,,,,,
,Stockholm Boulevard AB,556653-2791,,,,,,,,
,Trianon Polstjärnan AB,556648-6204,,,,,,,,
,Tekila Trading Aktiebolag,556645-1273,,,,,,,,
,AMW Sweden AB,556642-4379,,,,,,,,
,W.R Sörlin AB,556641-3463,,,,,,,,
,Bäst i Väst AB,556635-9427,,,,,,,,
,Luleå Industri och Miljö AB,556625-9452,,,,,,,,
,Business i Trollhättan AB,556654-4564,,,,,,,,
,Mat i Mark Holding AB,556651-2991,,,,,,,,
,Manholm Marin AB,556657-0015,,,,,,,,
,Petter Berger Konsult AB,556649-2343,,,,,,,,
,Form Öland AB,556649-5775,,,,,,,,
,Optimal Products Nordic AB,556653-4912,,,,,,,,
,Input International AB,556652-7262,,,,,,,,
,Homelight i Stockholm AB,556630-6626,,,,,,,,
,Inredningshuset Mälardalen AB,556631-4869,,,,,,,,
,DGG AB,556649-4356,,,,,,,,
,Njudungs Bil AB,556650-6332,,,,,,,,
,Ametller Scandinavia - spanska produkter AB,556650-1267,,,,,,,,
,Servicepartner i Kristinehamn AB,556615-9355,,,,,,,,
,God Smak ML AB,556645-8575,,,,,,,,
,Ekerlids Media Aktiebolag,556641-1004,,,,,,,,
,MJD Holding AB,556641-3828,,,,,,,,
,Tetrao Aktiebolag,556375-8951,,,,,,,,
,Ögrens Optik AB,556644-0623,,,,,,,,
,Daniel Olsson Invest AB,556640-9339,,,,,,,,
,NISAF AB,556625-9569,,,,,,,,
,Nröjb AB,556640-9172,,,,,,,,
,AB Joh. Palmgren,556650-3628,,,,,,,,
,GuitarLabs Scandinavia AB,556659-7521,,,,,,,,
,Rydéns i Lidköping AB,556648-6907,,,,,,,,
,Stenols AB,556397-3816,,,,,,,,
,Köket i Centrum i Stenungsund AB,556646-4359,,,,,,,,
,Lennart Iborn AB,556630-2914,,,,,,,,
,RT Detaljhandel AB,556638-4334,,,,,,,,
,Wexter i Norden AB,556649-4943,,,,,,,,
,Kungsbacka Kök & Beslag AB,556655-7467,,,,,,,,
,I-Sport i Karlskrona AB,556645-0077,,,,,,,,
,ADDvance Pharma in Scandinavia AB,556641-5500,,,,,,,,
,NV Holding i Virserum AB,556634-8149,,,,,,,,
,Norplasta AB,556649-7821,,,,,,,,
,Powermec AB,556643-1838,,,,,,,,
,Buten1 AB,556636-1951,,,,,,,,
,Gyhne & Kristofferson Optik AB,556655-7079,,,,,,,,
,Court 44 Aktiebolag,556645-1448,,,,,,,,
,VTS Kontor Aktiebolag,556631-4026,,,,,,,,
,Rulles Färg AB,556649-9975,,,,,,,,
,Smaktjänst i Uddevalla AB,556660-6884,,,,,,,,
,EMDON AB,556644-1589,,,,,,,,
,Spirit of Sweden Eftr. AB,556637-4210,,,,,,,,
,Interiörbutiken i Västerås AB,556653-9804,,,,,,,,
,AB HAWA Agenturer,556654-0828,,,,,,,,
,Unozon AB,556649-6260,,,,,,,,
,AB:s Motorsport i Smedjebacken AB,556655-7285,,,,,,,,
,Truck Team i Sölvesborg AB,556655-9703,,,,,,,,
,Caramba Aktiebolag,556635-6183,,,,,,,,
,H. Pettersson Bensin o Service AB,556638-6438,,,,,,,,
,Norrskenets Verktyg AB,556648-3045,,,,,,,,
,BioMar Aktiebolag,556369-9270,,,,,,,,
,24Sju Handel AB,556642-1433,,,,,,,,
,GREEN Hydraulic i Råå AB,556646-2411,,,,,,,,
,Hille Bensin & Service AB,556659-8081,,,,,,,,
,Almunge Livs Aktiebolag,556395-6381,,,,,,,,
,VLV Produktion AB,556647-9902,,,,,,,,
,Kvick Carlsson Racing Holding AB,556639-1859,,,,,,,,
,Rikstelegram R T Aktiebolag,556405-8633,,,,,,,,
,Josei AB,556406-5695,,,,,,,,
,Aplamon Interiör AB,556652-8559,,,,,,,,
,electia AB,556635-1481,,,,,,,,
,Optikern i Kramfors AB,556654-3806,,,,,,,,
,Realisera ID Sweden AB,556664-4869,,,,,,,,
,Varnum Maskin AB,556642-6994,,,,,,,,
,Tollarps Bilskrot Aktiebolag,556651-9079,,,,,,,,
,Ullas Kondis AB,556651-9251,,,,,,,,
,Ulf S Bilar Aktiebolag,556651-7297,,,,,,,,
,Rogers Ekipering Eftr. AB,556652-4962,,,,,,,,
,AB Vallda Investment Support & Services,556397-0994,,,,,,,,
,Eskilstuna Kulturbeslag Aktiebolag,556394-9790,,,,,,,,
,Ögonkontakten i Sollentuna Aktiebolag,556655-0058,,,,,,,,
,Blomstermakarna Åseda AB,556395-9526,,,,,,,,
,Delikatesskungen AB,556656-1360,,,,,,,,
,PerNic Data AB,556656-3408,,,,,,,,
,Hörnan i Strömstad AB,556654-8169,,,,,,,,
,Hisingens Fisk AB,556626-2860,,,,,,,,
,Lundgrens Primörer AB,556643-7975,,,,,,,,
,Amada Scandinavia AB,556402-5814,,,,,,,,
,Vitakraft Sverige AB,556643-9674,,,,,,,,
,Golvvärmespecialisten i Stockholm Aktiebolag,556402-9865,,,,,,,,
,Paul Hagoort AB,556627-1978,,,,,,,,
,Bengtssons Cykel & Service Aktiebolag,556389-6934,,,,,,,,
,Swevet AB,556621-5843,,,,,,,,
ica.se,,556582-1559; 556021-0261,kundservice@ica.se,+46 8 561 500 00; +46 33 47 47 90; +46 33 47 47 94,https://www.ica.se/kontakt,browser,no,,main@https://www.ica.se/:samplingRan(sampled=0),
,Horreds Handel AB,556624-7713,,,,,,,,
,Cassidra AB,556448-3039,,,,,,,,
,enjojj Mälardalen AB,556641-8413,,,,,,,,
,Italsport AB,556643-3818,,,,,,,,
,Forfood Blekinge AB,556643-7157,,,,,,,,
,Bilia Ferdinand Syd AB,556650-2075,,,,,,,,
,Flora i Trollhättan AB,556650-6886,,,,,,,,
,Playsam i Kalmar Aktiebolag,556388-6596,,,,,,,,
,Elbolaget i Ludvika Försäljnings Aktiebolag,556390-9554,,,,,,,,
,Silverdalens Blommor AB,556392-4801,,,,,,,,
,Åhströms i Råda AB,556653-4318,,,,,,,,
,Maskinson AB,556654-3681,,,,,,,,
,Euro Skandinavia Invest AB,556396-6844,,,,,,,,
,PlejsEtt i Värnamo AB,556657-5006,,,,,,,,
,Byggvarucenter 024 AB,556621-7393,,,,,,,,
,Stenfirma Valter Eklund AB,556626-8867,,,,,,,,
,Plombo Motor AB,556444-2167,,,,,,,,
,Matredigerarna AB,556634-7661,,,,,,,,
,GS Material AB,556637-0036,,,,,,,,
,TECURA AB,556641-8645,,,,,,,,
,Cess Trading Aktiebolag,556369-9569,,,,,,,,
,Leksaksaffären i Skellefteå AB,556644-1316,,,,,,,,
,S&B System Aktiebolag,556379-3958,,,,,,,,
,KERTOP Aktiebolag,556382-1080,,,,,,,,
,Göthes Bokhandel Aktiebolag,556392-8612,,,,,,,,
,LeVent Holding AB,556656-9991,,,,,,,,
,Arne Wasberger Aktiebolag,556657-3571,,,,,,,,
,Caddy Sweden AB,556618-3439,,,,,,,,
,MORE CHANNEL STOCKHOLM AB,556623-5874,,,,,,,,
,Industripall i Lindome AB,556431-3632,,,,,,,,
,Johannesens Klädeshandel AB,556627-0087,,,,,,,,
,Granitpoolen AB,556630-0306,,,,,,,,
,Berglunds Optik AB,556632-7218,,,,,,,,
,CK:s Livs AB,556635-7439,,,,,,,,
,Thomas Guldsmed Aktiebolag,556354-3312,,,,,,,,
,Skafferiet i Simrishamn AB,556646-0456,,,,,,,,
,Meat-Machines Sweden AB,556650-2042,,,,,,,,
,Kendrion Kuhnke (Sweden) AB,556394-9048,,,,,,,,
,Sven E Johnsson Sprutor Aktiebolag,556392-9222,,,,,,,,
,Hellstone Music AB,556655-5149,,,,,,,,
,Pennings Blommor AB,556643-9237,,,,,,,,
,A-Färg och Tapet i Arvidsjaur Aktiebolag,556389-1372,,,,,,,,
,Hauffe's Glassbar AB,556658-3158,,,,,,,,
,Polyflor Nordic Sweden AB,556658-4990,,,,,,,,
,Westcoast Racing Aktiebolag,556412-8014,,,,,,,,
,Prima Livs i Sävedalen Aktiebolag,556624-2177,,,,,,,,
,Stig Ericsson Bil i Olofström AB,556431-5322,,,,,,,,
,Skärså Invest AB,556624-9180,,,,,,,,
,Konstnärshandeln JORDI AB,556624-9552,,,,,,,,
,Tyghuset i Taberg Aktiebolag,556436-7273,,,,,,,,
,Poclain Hydraulics AB,556630-2179,,,,,,,,
,Circle K International Card Center Aktiebolag,556445-9013,,,,,,,,
,Bilstallet i Sverige AB,556640-5600,,,,,,,,
,TDX Hyrdata Aktiebolag,556364-8699,,,,,,,,
,Ceiling Distribution Center Group Scandinavia AB,556644-7537,,,,,,,,
,QBE Quality Blasting Equipment AB,556649-1519,,,,,,,,
,Brorssons Lastvagnsdelar Aktiebolag,556385-7928,,,,,,,,
,Kjell Östman Förvaltnings Aktiebolag,556387-4147,,,,,,,,
,Hilding Anders International AB,556650-6704,,,,,,,,
,Drift och Underhållsteknik i Mönsterås Aktiebolag,556395-8809,,,,,,,,
,Magnus Jansson Agentur AB,556655-7269,,,,,,,,
,S L S Scandinavian Lashing System Aktiebolag,556385-3075,,,,,,,,
,Åkes Ur & Guld AB,556600-6267,,,,,,,,
,Akvarie-Hobby i Mälardalen AB,556654-9324,,,,,,,,
,Br. Hagman Fastighets Aktiebolag,556388-1167,,,,,,,,
,Fysioline Sweden AB,556627-5672,,,,,,,,
,Åkesson Livs i Lessebo AB,556662-0729,,,,,,,,
,Lisen Stibeck AB,556432-1015,,,,,,,,
,Communication Center i Stockholm Aktiebolag,556432-4035,,,,,,,,
,Monde Verde AB,556625-0758,,,,,,,,
,Butiken i Malmö AB,556639-5678,,,,,,,,
,Vitalita Design Aktiebolag,556372-2429,,,,,,,,
,Solguden AB,556648-0405,,,,,,,,
,Wernerfelt Sverige AB,556653-5729,,,,,,,,
,TA Car Consulting AB,556653-7550,,,,,,,,
,Mecra Consult AB,556601-1465,,,,,,,,