orgnr,company_name,legal_name,sni_branch_keyword,current_industry,industries,county,municipality,post_place,zip_code,address,revenue_sek,revenue_year,revenue_tier,in_revenue_band,employees,status,phone,email_from_allabolag,homepage_from_allabolag,target_url,allabolag_url,target_url_source,target_url_confidence,resolve_debug
556766-6234,Mette Picaut AB,Mette Picaut AB,Kosmetika,"Kosmetik, parfym och frisörartiklar","Kosmetik, parfym och frisörartiklar; Kosmetik - tillverkare och grossister; Grossister",Halland,Kungsbacka,Särö,429 41,Furubergsvägen 3,14802000,2025-12,sweet_spot,true,7,,,,,https://mettepicaut.se,https://www.allabolag.se/foretag/mette-picaut-ab/kungsbacka/-/2K2UEREI63IIB,brave,medium,hitta_orgnr:hitta_no_url_found | hitta_name:hitta_no_next_data | mojeek_candidates:16 | mojeek_no_name_match | brave_candidates:58 | brave_picked:mettepicaut.se(score=22)
559000-8289,Arvika och Årjäng Hemelektronik AB,Arvika och Årjäng Hemelektronik AB,Hemelektronik,"Radio TV, video","Radio TV, video; Detaljhandel",Värmland,Arvika,Arvika,671 31,Västra Torggatan 3 b,14694000,2024-12,sweet_spot,true,13,,057013855,,,https://www.elonljudbild.se/,https://www.allabolag.se/foretag/arvika-och-arjang-hemelektronik-ab/arvika/-/2KG5A01I5YH3M,hitta_orgnr,high,hitta_orgnr:hitta_detail | hitta_orgnr:https://www.hitta.se/elon-ljud-och-bild-sunne/sunne/apstuhmuv | hitta_orgnr:orgnr_match | hitta_orgnr:url_in_own_segment
556836-2163,Gunnebo Trädgård AB,Gunnebo Trädgård AB,Trädgård,Jordbruk,Jordbruk; Jordbruk - odling,Skåne,Skurup,Skivarp,274 51,Landsvägen 9,14647000,2024-12,sweet_spot,true,5,,,,,http://www.gunnebotradgard.com/,https://www.allabolag.se/foretag/gunnebo-tradgard-ab/skurup/-/2K39BQRI63IHJ,hitta_orgnr,high,hitta_orgnr:hitta_detail | hitta_orgnr:https://www.hitta.se/gunnebo+tr%C3%A4dg%C3%A5rd+ab/skivarp/nrrdimmp | hitta_orgnr:orgnr_match | hitta_orgnr:url_in_own_segment
559155-9629,Åhs Trädgårdsservice AB,Åhs Trädgårdsservice AB,Trädgård,"Markentreprenörer, anläggningsentreprenörer","Markentreprenörer, anläggningsentreprenörer; Entreprenadmaskinsarbeten; Entreprenörer; Byggmästare; Uthyrning",,,Norrköping,605 99,Norrkärrsvägen 6,14523000,2024-12,sweet_spot,true,7,,070-652 99 17,ahs.tradgardsservice@telia.com,https://www.ahstradgardsservice.com,https://www.ahstradgardsservice.com,https://www.allabolag.se/foretag/ahs-tradgardsservice-ab/-/-/2KH2J0TI5YG4F,already_present,,
556505-8574,Mods Graphic Studio AB,Mods Graphic Studio Aktiebolag,Mode,"Designers, formgivare","Designers, formgivare; Tryckerier",Stockholm,Stockholm,Johanneshov,121 62,Livdjursgatan 4,14505000,2025-12,sweet_spot,true,11,,070-143 59 56,hello@mods.se,https://mods.se/,https://mods.se/,https://www.allabolag.se/foretag/mods-graphic-studio-ab/stockholm/-/2K1AIOEI5YCXC,already_present,,
559116-0592,Taj Mahal Beauty AB,Taj Mahal Beauty AB,Kosmetika,"Kosmetik, parfym och frisörartiklar","Kosmetik, parfym och frisörartiklar; Kosmetik - tillverkare och grossister; Grossister",Stockholm,Stockholm,Stockholm,111 60,Drottninggatan 100,14417000,2024-12,sweet_spot,true,7,,,,,,https://www.allabolag.se/foretag/taj-mahal-beauty-ab/stockholm/-/2KGTZ4GI63IIB,not_found,,hitta_orgnr:hitta_no_url_found | hitta_name:hitta_no_next_data | mojeek_candidates:18 | mojeek_no_name_match | brave_candidates:66 | brave_no_name_match | ddg_candidates:10 | ddg_no_name_match
559337-3854,Maskinera AB,Maskinera AB,E-handel,E-handel,Auktioner; E-handel; Detaljhandel; Detaljhandel - annat,Stockholm,Nacka,Stockholm,131 52,Cylindervägen 18,14301000,2025-02,sweet_spot,true,13,,,info@maskinera.se,https://www.maskinera.se/,https://www.maskinera.se/,https://www.allabolag.se/foretag/maskinera-ab/nacka/-/2KI5EVYI5YDVM,already_present,,
559180-7788,Sallakliniken AB,Sallakliniken AB,Kosmetika,Hälsotjänster,"Hälsotjänster; Tandläkare; Kosmetik, parfym och frisörartiklar; Kosmetik - tillverkare och grossister; Grossister",Värmland,Sunne,Sunne,686 30,Älvgatan 40,14256000,2025-09,sweet_spot,true,5,,,,,,https://www.allabolag.se/foretag/sallakliniken-ab/sunne/-/2KH7UI4I63IHB,not_found,,hitta_orgnr:hitta_no_url_found | hitta_name:hitta_no_next_data | mojeek_candidates:12 | mojeek_no_name_match | brave_candidates:62 | brave_no_name_match | ddg_candidates:10 | ddg_no_name_match
559389-7878,Novi Medical Solutions AB,Novi Medical Solutions AB,Kosmetika,"Kosmetik, parfym och frisörartiklar","Kosmetik, parfym och frisörartiklar; Kosmetik - tillverkare och grossister; Grossister",Stockholm,Stockholm,Stockholm,114 46,Humlegårdsgatan 19 a,14177000,2024-12,sweet_spot,true,5,,,,,https://novimedicalsolutions.se,https://www.allabolag.se/foretag/novi-medical-solutions-ab/stockholm/-/2KIGN86I63IIB,brave,medium,hitta_orgnr:hitta_no_url_found | hitta_name:hitta_no_next_data | mojeek_candidates:18 | mojeek_no_name_match | brave_candidates:59 | brave_picked:novimedicalsolutions.se(score=22)
559222-9446,WE Dental AB,WE Dental AB,Kosmetika,Hälsotjänster,"Hälsotjänster; Tandläkare; Kosmetik, parfym och frisörartiklar; Kosmetik - tillverkare och grossister; Grossister; Hudvårdsprodukter",Stockholm,Nacka,Nacka,131 57,Värmdövägen 171,14149000,2025-12,sweet_spot,true,9,,,,,http://www.wedental.se,https://www.allabolag.se/foretag/we-dental-ab/nacka/-/2KHGVUUI63IHB,hitta_orgnr,high,hitta_orgnr:hitta_detail | hitta_orgnr:https://www.hitta.se/we+dental+ab/nacka/lsbjkmgst | hitta_orgnr:orgnr_match | hitta_orgnr:url_in_own_segment
559313-1344,Have a great hair day AB,Have a great hair day AB,Kosmetika,"Kosmetik, parfym och frisörartiklar","Kosmetik, parfym och frisörartiklar; Kosmetik - tillverkare och grossister; Grossister",Västernorrland,Örnsköldsvik,Örnsköldsvik,891 41,Björnavägen 41 a,14088000,2025-12,sweet_spot,true,2,,,,,,https://www.allabolag.se/foretag/have-a-great-hair-day-ab/ornskoldsvik/-/2KI07RKI63IIB,not_found,,hitta_orgnr:hitta_no_url_found | hitta_name:hitta_no_next_data | mojeek_candidates:32 | mojeek_no_name_match | brave_candidates:65 | brave_no_name_match | ddg_candidates:11 | ddg_no_name_match
556470-0556,Linfalk AB,Linfalk AB,E-handel,E-handel,Järnvaror; E-handel; Grossister; Detaljhandel - annat; Detaljhandel; Postorder/e-handel,Östergötland,Linköping,Linköping,582 78,Fågelögatan 2,14030000,2025-12,sweet_spot,true,3,,013314020,info@linfalk.se,https://www.linfalk.se/,https://www.linfalk.se/,https://www.allabolag.se/foretag/linfalk-ab/linkoping/-/2K12UFGI5YDVM,already_present,,
556495-5408,OM Bäckmans Maskin & Trädgård AB,OM Bäckmans Maskin & Trädgård AB,Trädgård,"Trädgårdsmaskiner, trädgårdsredskap","Trädgårdsmaskiner, trädgårdsredskap; Lantbruksmaskiner, förnödenheter - grossist; Lantbruksmaskiner, förnödenheter; Grossister",Skåne,Bromölla,BROMÖLLA,29539,Sockerbruksvägen 1,14025000,2024-12,sweet_spot,true,3,,0456-491 20,lars@backmanmaskin.se,https://www.backmansbromolla.se,https://www.backmansbromolla.se,https://www.allabolag.se/foretag/om-backmans-maskin-och-tradgard-ab/bromolla/-/2K18B2OI5YI5D,already_present,,
559432-1233,RA Macken AB,RA Macken AB,Smycken,Butikshandel,Butikshandel; Bensinstationer,Västmanland,Sala,Västerfärnebo,733 62,Tappebo 134,13956000,2025-08,sweet_spot,true,8,,,,,,https://www.allabolag.se/foretag/ra-macken-ab/sala/-/2KIPPW1I63ILL,not_found,,hitta_orgnr:hitta_no_url_found | hitta_name:hitta_no_next_data | mojeek_candidates:16 | mojeek_no_name_match | brave_candidates:61 | brave_no_name_match | ddg_candidates:10 | ddg_no_name_match
559074-0782,Ranviks Trädgård AB,Ranviks Trädgård AB,Trädgård,Jordbruk,Jordbruk; Jordbruk - odling,Skåne,Båstad,Båstad,269 42,Tarravägen 67,13937000,2025-06,sweet_spot,true,8,,,,,https://ranvik.se,https://www.allabolag.se/foretag/ranviks-tradgard-ab/bastad/-/2KGKZ72I63IHJ,mojeek,low,hitta_orgnr:hitta_no_url_found | hitta_name:hitta_no_next_data | mojeek_candidates:22 | mojeek_picked:ranvik.se(score=14)
556923-0278,Leksaker i Västerås AB,Leksaker i Västerås AB,Leksaker,"Spel, nöjesanläggningsutrustningar","Spel, nöjesanläggningsutrustningar; Butikshandel; Detaljhandel",Västmanland,Västerås,Västerås,722 15,Vasagatan 18,13856000,2024-12,sweet_spot,true,7,,0737553778,,,http://www.leklust.se/,https://www.allabolag.se/foretag/leksaker-i-vasteras-ab/vasteras/-/2K3RXL2I5YHPS,hitta_orgnr,high,hitta_orgnr:hitta_detail | hitta_orgnr:https://www.hitta.se/leksaker-i-vasteras-ab/v%C3%A4ster%C3%A5s/jpbbzaalc | hitta_orgnr:orgnr_match | hitta_orgnr:url_in_own_segment
556848-7341,BE Trädgård AB,BE Trädgård AB,Trädgård,Jordbruk,Jordbruk; Jordbruk - odling,Västerbotten,Skellefteå,Skellefteå,931 44,Kronbodgatan 5,13800000,2025-08,sweet_spot,true,11,,0910452680,,,http://blomsterslottet.interflora.se,https://www.allabolag.se/foretag/be-tradgard-ab/skelleftea/-/2K3C0BXI63IHJ,hitta_orgnr,high,hitta_orgnr:hitta_detail | hitta_orgnr:https://www.hitta.se/be+tr%C3%A4dg%C3%A5rd+ab/skellefte%C3%A5/cnpqqtbzd | hitta_orgnr:orgnr_match | hitta_orgnr:url_in_own_segment
559323-5145,Moderna Smycken Jönköping AB,Moderna Smycken Jönköping AB,Smycken,Urmakare,"Urmakare; Klockor, ur; Guld, silver, ädelstenar; Butikshandel",Jönköping,Jönköping,Jönköping,553 21,Östra Storgatan 5,13765000,2025-08,sweet_spot,true,5,,,,,,https://www.allabolag.se/foretag/moderna-smycken-jonkoping-ab/jonkoping/-/2KI2FUXI63IL5,not_found,,hitta_orgnr:hitta_no_url_found | hitta_name:hitta_no_next_data | mojeek_candidates:32 | mojeek_no_name_match | brave_candidates:58 | brave_no_name_match | ddg_candidates:10 | ddg_no_name_match
556459-4868,Bürgers Växtgård AB,Bürgers Växtgård Aktiebolag,Trädgård,Jordbruk,Jordbruk; Jordbruk - odling,,,,,,13737000,2024-12,sweet_spot,true,9,,,,,,https://www.allabolag.se/foretag/b-rgers-vaxtgard-ab/-/-/2K10KVOI63IHJ,not_found,,hitta_orgnr:hitta_no_url_found | hitta_name:hitta_no_url_found | mojeek_candidates:32 | mojeek_no_name_match | brave_failed:HTTP 429 for https://search.brave.com/search?q=B%C3%BCrgers%20V%C3%A4xtg%C3%A5rd%20AB%20hemsida | ddg_candidates:10 | ddg_no_name_match
556062-8629,Barcom Hem-Elektronik Aktiebolag,Barcom Hem-Elektronik Aktiebolag,Hemelektronik,Elektronik- och telekommunikationsutrustning,"Elektronik- och telekommunikationsutrustning; Elektronik- och telekommunikationsutrustning - grossist; Grossister; Datorer - Kringutrustningar; Datorer och kringutrustningar - tillverkning; Producenter; Metaller, legeringar - grossist",Stockholm,Solna,Solna,171 48,Industrivägen 21,13730000,2025-04,sweet_spot,true,1,,,,,https://www.barcom.se,https://www.allabolag.se/foretag/barcom-hem-elektronik-aktiebolag/solna/-/2JYNKIDI63IFR,ddg,low,hitta_orgnr:hitta_no_url_found | hitta_name:hitta_no_next_data | mojeek_candidates:12 | mojeek_no_name_match | brave_skipped_rate_limited | ddg_candidates:10 | ddg_picked:barcom.se(score=14)
559269-6255,We are Beauty AB,We are Beauty AB,Kosmetika,"Kosmetik, parfym och frisörartiklar","Kosmetik, parfym och frisörartiklar; Detaljhandel; Postorder/e-handel; Kosmetik - tillverkare och grossister; Grossister",Stockholm,Stockholm,Stockholm,114 46,Grev Turegatan 11 a 5 Trappor,13682000,2024-12,sweet_spot,true,4,,,,,https://www.wearebeauty.com,https://www.allabolag.se/foretag/we-are-beauty-ab/stockholm/-/2KHQW1RI63IIB,ddg,medium,hitta_orgnr:hitta_no_url_found | hitta_name:hitta_no_next_data | mojeek_candidates:32 | mojeek_no_name_match | brave_skipped_rate_limited | ddg_candidates:10 | ddg_picked:wearebeauty.com(score=20)
556883-3239,Dentalum Östersund AB,Dentalum Östersund AB,Kosmetika,Hälsotjänster,"Hälsotjänster; Tandläkare; Kosmetik, parfym och frisörartiklar; Kosmetik - tillverkare och grossister; Grossister",Jämtland,Östersund,Östersund,831 31,Prästgårdsgatan 28,13680000,2025-06,sweet_spot,true,6,,,,,https://curatandvard.se/,https://www.allabolag.se/foretag/dentalum-ostersund-ab/ostersund/-/2K3JF87I63IHB,hitta_orgnr,high,hitta_orgnr:hitta_detail | hitta_orgnr:https://www.hitta.se/cura-tandvard/stockholm/anrbikln | hitta_orgnr:orgnr_match | hitta_orgnr:url_in_own_segment
556568-3330,Skearyd Trädgård AB,Skearyd Trädgård AB,Trädgård,Jordbruk,"Jordbruk; Jordbruk - odling; Grossister; Växtservice, kontorsservice",Blekinge,Karlskrona,Jämjö,373 75,Skearydsvägen 36,13626000,2025-08,sweet_spot,true,5,,,,,http://www.skearyd.se/,https://www.allabolag.se/foretag/skearyd-tradgard-ab/karlskrona/-/2K1NWQQI63IHJ,hitta_orgnr,high,hitta_orgnr:hitta_detail | hitta_orgnr:https://www.hitta.se/skearyd+tr%C3%A4dg%C3%A5rd+ab/j%C3%A4mj%C3%B6/nqudiacpq | hitta_orgnr:orgnr_match | hitta_orgnr:url_in_own_segment
559348-4776,The Untamed of the North Aktiebolag,The Untamed of the North Aktiebolag,Kosmetika,"Kosmetik, parfym och frisörartiklar","Kosmetik, parfym och frisörartiklar; Kosmetik - tillverkare och grossister; Grossister",Stockholm,Stockholm,Stockholm,114 56,Torstenssonsgatan 8 a,13528000,2024-12,sweet_spot,true,4,,,,,,https://www.allabolag.se/foretag/the-untamed-of-the-north-aktiebolag/stockholm/-/2KI7SH4I63IIB,not_found,,hitta_orgnr:hitta_no_url_found | hitta_name:hitta_no_next_data | mojeek_candidates:12 | mojeek_no_name_match | brave_skipped_rate_limited | ddg_candidates:10 | ddg_no_name_match
556678-9557,Artisan Organics Sweden AB,Artisan Organics Sweden AB,Kosmetika,"Kemikalier, industrikemikalier - tillverkning","Kemikalier, industrikemikalier - tillverkning; Kemikalier, industrikemikalier; Producenter; Kosmetik, parfym och frisörartiklar; Kosmetik - tillverkare och grossister; Grossister",Skåne,Malmö,Malmö,211 20,Grimsbygatan 24,13439000,2025-06,sweet_spot,true,5,,0406152030,,,,https://www.allabolag.se/foretag/artisan-organics-sweden-ab/malmo/-/2K2BMB9I63IHZ,not_found,,hitta_orgnr:hitta_no_url_found | hitta_name:hitta_no_next_data | mojeek_candidates:32 | mojeek_no_name_match | brave_failed:HTTP 429 for https://search.brave.com/search?q=Artisan%20Organics%20Sweden%20AB%20hemsida | ddg_candidates:10 | ddg_no_name_match
556602-6380,Tobias Frick Ung Mode AB,Tobias Frick Ung Mode AB,Mode,Konfektion,"Konfektion; Butikshandel; Detaljhandel; Kläder, skor",Kalmar,Oskarshamn,Oskarshamn,572 30,Lilla Torget 3,13413000,2025-12,sweet_spot,true,5,,,,,,https://www.allabolag.se/foretag/tobias-frick-ung-mode-ab/oskarshamn/-/2K1V9FWI63II4,not_found,,hitta_orgnr:hitta_no_url_found | hitta_name:hitta_no_next_data | mojeek_candidates:12 | mojeek_no_name_match | brave_skipped_rate_limited | ddg_candidates:10 | ddg_no_name_match
556266-0646,Elfströms Trädgårdsanläggningar Aktiebolag,Elfströms Trädgårdsanläggningar Aktiebolag,Trädgård,Parkanläggningar,Parkanläggningar,Stockholm,Stockholm,Stockholm,116 38,Malmgårdsvägen 20,13353000,2025-04,sweet_spot,true,14,,086444824,,,https://www.elfstromstradgard.se/,https://www.allabolag.se/foretag/elfstroms-tradgardsanlaggningar-aktiebolag/stockholm/-/2JZV4FAI63IJW,hitta_orgnr,high,hitta_orgnr:hitta_detail | hitta_orgnr:https://www.hitta.se/elfstr%C3%B6ms+tr%C3%A4dg%C3%A5rdsanl%C3%A4ggningar+ab/stockholm/lqsvbdcr | hitta_orgnr:orgnr_match | hitta_orgnr:url_in_own_segment
556685-8766,Teamtandvården Onsala AB,Teamtandvården Onsala AB,Kosmetika,Hälsotjänster,"Hälsotjänster; Tandläkare; Kosmetik, parfym och frisörartiklar; Kosmetik - tillverkare och grossister; Grossister",Halland,Kungsbacka,Onsala,439 30,Mariedalsvägen 6,13286000,2024-12,sweet_spot,true,13,,0300569220,,,,https://www.allabolag.se/foretag/teamtandvarden-onsala-ab/kungsbacka/-/2K2D3PQI63IHB,not_found,,hitta_orgnr:hitta_no_url_found | hitta_name:hitta_no_next_data | mojeek_candidates:12 | mojeek_no_name_match | brave_skipped_rate_limited | ddg_candidates:10 | ddg_no_name_match
559070-7518,Lip Intimate Care Sweden AB,Lip Intimate Care Sweden AB,Kosmetika,"Kosmetik, parfym och frisörartiklar","Kosmetik, parfym och frisörartiklar; Kosmetik - tillverkare och grossister; Grossister",Stockholm,Stockholm,Stockholm,,,13162000,2024-12,sweet_spot,true,1,,,,,,https://www.allabolag.se/foretag/lip-intimate-care-sweden-ab/stockholm/-/2KGK9J2I63IIB,not_found,,hitta_orgnr:hitta_no_url_found | hitta_name:hitta_no_next_data | mojeek_candidates:32 | mojeek_no_name_match | brave_skipped_rate_limited | ddg_candidates:12 | ddg_no_name_match
559186-6966,Tina Hyllander macken AB,Tina Hyllander macken AB,Smycken,Livsmedel,Livsmedel; Butikshandel; Uthyrning; Bilar; Detaljhandel; Bilreservdelar,Skåne,Kävlinge,Löddeköpinge,246 42,Marknadsvägen 1,13012000,2025-12,sweet_spot,true,6,,,,,,https://www.allabolag.se/foretag/tina-hyllander-macken-ab/kavlinge/-/2KH945YI5YFWD,not_found,,hitta_orgnr:hitta_no_url_found | hitta_name:hitta_no_next_data | mojeek_candidates:12 | mojeek_no_name_match | brave_skipped_rate_limited | ddg_candidates:10 | ddg_no_name_match
556826-0433,Skanstulls Hälsokost AB,Skanstulls Hälsokost AB,Hälsokost,Livsmedel,"Livsmedel; Hälsokost, naturläkemedel; Detaljhandel; Butikshandel",Stockholm,Stockholm,Stockholm,116 61,Ringvägen 106,12998000,2025-12,sweet_spot,true,6,,,,,https://skanstullshalsokost.se,https://www.allabolag.se/foretag/skanstulls-halsokost-ab/stockholm/-/2K3758XI5YFWD,mojeek,medium,hitta_orgnr:hitta_no_url_found | hitta_name:hitta_no_next_data | mojeek_candidates:30 | mojeek_picked:skanstullshalsokost.se(score=22)
556981-2380,Svängsta Macken AB,Svängsta Macken AB,Smycken,Butikshandel,Butikshandel; Bensinstationer; Livsmedel; Bilar; Bilreparationer,Blekinge,Karlshamn,Svängsta,376 37,Holländarevägen 12,12978000,2024-12,sweet_spot,true,3,,,,,https://svangsta.cylex.se,https://www.allabolag.se/foretag/svangsta-macken-ab/karlshamn/-/2K44EQKI63ILL,ddg,low,hitta_orgnr:hitta_no_url_found | hitta_name:hitta_no_next_data | mojeek_candidates:12 | mojeek_no_name_match | brave_skipped_rate_limited | ddg_candidates:10 | ddg_picked:svangsta.cylex.se(score=14)
556938-9645,Stockholms Markpartner AB,Stockholms markpartner AB,Trädgård,"Markentreprenörer, anläggningsentreprenörer","Markentreprenörer, anläggningsentreprenörer; Entreprenörer; Byggmästare; Parkanläggningar; Konsulter; Teknikkonsulter; Byggentreprenader-Infrastruktur",Stockholm,Upplands Väsby,,194 52,Fritiofsväg 69,12975000,2024-12,sweet_spot,true,6,,010-510 04 40,info@stockholmsmarkpartner.se,https://www.stockholmsmarkpartner.se,https://www.stockholmsmarkpartner.se,https://www.allabolag.se/foretag/stockholms-markpartner-ab/upplands-vasby/-/2K3VCJXI5YG4F,already_present,,
556564-0199,Q4 Ekonomi,Q4 Ekonomi AB,Mode,"Redovisning, bokföring","Redovisning, bokföring; Skatterådgivning",Västernorrland,Örnsköldsvik,Örnsköldsvik,891 31,Magasinsallén 2E,12931000,2024-12,sweet_spot,true,11,,0660-24 70 00,info@q4ekonomi.se,https://q4ekonomi.se/,https://q4ekonomi.se/,https://www.allabolag.se/foretag/q4-ekonomi/ornskoldsvik/-/2K1MZGNI5YGRY,already_present,,
559292-7114,Leksaksfabriken i Dalarna AB,Leksaksfabriken i Dalarna AB,Leksaker,"Spel, nöjesanläggningsutrustningar","Spel, nöjesanläggningsutrustningar; Butikshandel; Detaljhandel",Dalarna,Leksand,Leksand,793 31,Leksandsvägen 3,12758000,2024-12,sweet_spot,true,6,,,,,,https://www.allabolag.se/foretag/leksaksfabriken-i-dalarna-ab/leksand/-/2KHVU6II5YHPS,not_found,,hitta_orgnr:hitta_no_url_found | hitta_name:hitta_no_url_found | mojeek_candidates:12 | mojeek_no_name_match | brave_skipped_rate_limited | ddg_candidates:10 | ddg_no_name_match
556900-9789,Juhl Svenska AB,Juhl Svenska AB,Kosmetika,"Kosmetik, parfym och frisörartiklar","Kosmetik, parfym och frisörartiklar; Kosmetik - tillverkare och grossister; Grossister",Skåne,Helsingborg,Helsingborg,,,12727000,2025-06,sweet_spot,true,1,,,,,https://juhl-as.com,https://www.allabolag.se/foretag/juhl-svenska-ab/helsingborg/-/2K3N7GDI63IIB,ddg,low,hitta_orgnr:hitta_no_url_found | hitta_name:hitta_no_next_data | mojeek_candidates:32 | mojeek_no_name_match | brave_skipped_rate_limited | ddg_candidates:10 | ddg_picked:juhl-as.com(score=12)
556462-9060,Jansens Modehus Aktiebolag,Jansens Modehus Aktiebolag,Mode,Konfektion,"Konfektion; Butikshandel; Detaljhandel; Kläder, skor",Blekinge,Karlshamn,Karlshamn,374 35,Drottninggatan 39,12608000,2025-04,sweet_spot,true,6,,0454302432,,,,https://www.allabolag.se/foretag/jansens-modehus-aktiebolag/karlshamn/-/2K11B9GI63II4,not_found,,hitta_orgnr:hitta_no_url_found | hitta_name:hitta_no_url_found | mojeek_candidates:12 | mojeek_no_name_match | brave_skipped_rate_limited | ddg_candidates:10 | ddg_no_name_match
556670-5728,Docksta Sko AB,Docksta Sko AB,Skor,Skor,Skor; Skor och tillbehör - produktion; Producenter; Medicinteknisk utrustning; Medicinteknisk utrustning - produktion; Konfektion; Kläder; Grossister,Västernorrland,Kramfors,Docksta,873 96,Berg 301,12579000,2025-08,sweet_spot,true,6,,,,,http://www.dockstasko.se/,https://www.allabolag.se/foretag/docksta-sko-ab/kramfors/-/2K29TMOI5YHGY,hitta_orgnr,high,hitta_orgnr:hitta_detail | hitta_orgnr:https://www.hitta.se/docksta+sko+ab/docksta/mqrydalmn | hitta_orgnr:orgnr_match | hitta_orgnr:url_in_own_segment
556419-6284,Aktiebolaget Mathisens Skofabrik,Aktiebolaget Mathisens Skofabrik,Skor,Skor,Skor; Skor och tillbehör - produktion; Producenter,Örebro,Kumla,Kumla,692 73,Sillagatan 12,12571000,2025-04,sweet_spot,true,9,,,,,,https://www.allabolag.se/foretag/aktiebolaget-mathisens-skofabrik/kumla/-/2K0S1BWI5YHGY,not_found,,hitta_orgnr:hitta_no_url_found | hitta_name:hitta_no_next_data | mojeek_candidates:12 | mojeek_no_name_match | brave_skipped_rate_limited | ddg_candidates:10 | ddg_no_name_match
556515-5610,Ekofekt AB,Ekofekt AB,Kosmetika,"Kosmetik, parfym och frisörartiklar","Kosmetik, parfym och frisörartiklar; Kosmetik - tillverkare och grossister; Grossister",Skåne,Kristianstad,Kristianstad,291 62,Isolatorvägen 6,12541000,2024-12,sweet_spot,true,6,,,,,https://ekofekt.se,https://www.allabolag.se/foretag/ekofekt-ab/kristianstad/-/2K1CLJUI63IIB,brave,medium,hitta_orgnr:hitta_no_url_found | hitta_name:hitta_no_next_data | mojeek_candidates:14 | mojeek_no_name_match | brave_candidates:55 | brave_picked:ekofekt.se(score=22)
556408-8614,1910 konfektions AB,1910 konfektions AB,Kosmetika,Konfektion,"Konfektion; Butikshandel; Detaljhandel; Kläder, skor; Skor - detaljister; Kosmetik, parfym och frisörartiklar; Kosmetik - tillverkare och grossister; Grossister",Skåne,Simrishamn,Simrishamn,272 31,Stortorget 1,12473000,2025-08,sweet_spot,true,7,,041410585,,,http://www.simrishamnsmodehus.se/,https://www.allabolag.se/foretag/1910-konfektions-ab/simrishamn/-/2K0PQ92I63II4,hitta_orgnr,high,hitta_orgnr:hitta_detail | hitta_orgnr:https://www.hitta.se/1910+simrishamns+modehus/simrishamn/ikguhggv | hitta_orgnr:orgnr_match | hitta_orgnr:url_in_own_segment
556025-3139,Smycka Kumla AB,Smycka Kumla AB,Smycken,Urmakare,"Urmakare; Klockor, ur; Guld, silver, ädelstenar; Butikshandel",Örebro,Kumla,Kumla,692 30,Hagendalsvägen 3,12440000,2025-06,sweet_spot,true,5,,,,,https://www.smycka.se,https://www.allabolag.se/foretag/smycka-kumla-ab/kumla/-/2JYFIS3I63IL5,mojeek,low,hitta_orgnr:hitta_no_url_found | hitta_name:hitta_no_url_found | mojeek_candidates:18 | mojeek_picked:smycka.se(score=14)
556337-2902,Hökensås Sportfiske AB,Hökensås Sportfiske Aktiebolag,Sport,Sport,"Sport; Fisk, skaldjur; Fiskodling, skaldjursodling, sportfiske; Sportanläggningar; Detaljhandel; Butikshandel",,,TIDAHOLM,522 91,Håkängen,12307000,2024-12,sweet_spot,true,11,,0502 23000,marten@hokensas.se,http://www.hokensas.se,http://www.hokensas.se,https://www.allabolag.se/foretag/hokensas-sportfiske-ab/-/-/2K0AE06I5YHR6,already_present,,
559083-3330,Tandhälsan Säter AB,Tandhälsan Säter AB,Kosmetika,Hälsotjänster,"Hälsotjänster; Tandläkare; Kosmetik, parfym och frisörartiklar; Kosmetik - tillverkare och grossister; Grossister",Dalarna,Säter,Säter,783 30,Västra Långgatan 6,12301000,2025-12,sweet_spot,true,7,,,,,http://www.tandhalsansater.se,https://www.allabolag.se/foretag/tandhalsan-sater-ab/sater/-/2KGMYLUI63IHB,hitta_orgnr,high,hitta_orgnr:hitta_detail | hitta_orgnr:https://www.hitta.se/tandhalsan-sater-ab/s%C3%A4ter/msefagqbx | hitta_orgnr:orgnr_match | hitta_orgnr:url_in_own_segment
559095-6404,Selahatin AB,Selahatin AB,Kosmetika,"Kosmetik, parfym och frisörartiklar","Kosmetik, parfym och frisörartiklar; Kosmetik - tillverkare och grossister; Grossister; Industridesigners; Designers, formgivare; Läder och lädervaror; Läder, skor, inredning, reseeffekter och textilier; Detaljhandel; Butikshandel",Stockholm,Stockholm,Stockholm,114 56,Strandvägen 7 b,12242000,2024-12,sweet_spot,true,6,,,,,http://www.selahatin.com,https://www.allabolag.se/foretag/selahatin-ab/stockholm/-/2KGPLKKI63IIB,hitta_orgnr,high,hitta_orgnr:hitta_detail | hitta_orgnr:https://www.hitta.se/selahatin-ab/stockholm/ikpsydej | hitta_orgnr:orgnr_match | hitta_orgnr:url_in_own_segment
559121-8473,Independent Beauty Sweden AB,Independent Beauty Sweden AB,Kosmetika,"Kosmetik, parfym och frisörartiklar","Kosmetik, parfym och frisörartiklar; Kosmetik - tillverkare och grossister; Grossister",Stockholm,Stockholm,Stockholm,,,12223000,2024-12,sweet_spot,true,0,,,,,,https://www.allabolag.se/foretag/independent-beauty-sweden-ab/stockholm/-/2KGV7S9I63IIB,not_found,,hitta_orgnr:hitta_no_url_found | hitta_name:hitta_no_next_data | mojeek_candidates:32 | mojeek_no_name_match | brave_candidates:55 | brave_no_name_match | ddg_candidates:10 | ddg_no_name_match
556819-4533,Eciggonline.se,Lalicic Trading AB,E-handel,E-handel,E-handel; Tobak; Detaljhandel; Butikshandel,Skåne,Helsingborg,Ödåkra,25473,Kometgatan 19,12198000,2024-12,sweet_spot,true,3,,,info@eciggonline.se,https://www.eciggonline.se/,https://www.eciggonline.se/,https://www.allabolag.se/foretag/eciggonline-se/helsingborg/-/2K35QEDI5YDVM,already_present,,
556462-4491,Yrkeshögskolan för Hudvård och SPA i Stockholm AB,Yrkeshögskolan för Hudvård och SPA i Stockholm AB,Hudvård,Skolor och utbildning,"Skolor och utbildning; Böcker, papper, tidningar och reklamblad; Postorder/e-handel; Detaljhandel",Västra Götaland,Partille,,,,12124000,2023-12,sweet_spot,true,14,,,,,http://www.yhhs.se/,https://www.allabolag.se/foretag/yrkeshogskolan-for-hudvard-och-spa-i-stockholm-ab/partille/-/2K117QJI63IKI,hitta_orgnr,high,hitta_orgnr:hitta_detail | hitta_orgnr:https://www.hitta.se/beauty+och+spa/solna/apyalsvy | hitta_orgnr:orgnr_match | hitta_orgnr:url_in_own_segment
559215-8959,Dupes AB,Dupes AB,Kosmetika,"Kosmetik, parfym och frisörartiklar","Kosmetik, parfym och frisörartiklar; Detaljhandel; Postorder/e-handel; Butikshandel; Kosmetik - tillverkare och grossister; Grossister",Västra Götaland,Göteborg,Göteborg,411 36,Kungsportsavenyen 43,12090000,2024-12,sweet_spot,true,3,,,,,https://dupes.se,https://www.allabolag.se/foretag/dupes-ab/goteborg/-/2KHFDGVI63IIB,mojeek,medium,hitta_orgnr:hitta_no_url_found | hitta_name:hitta_no_next_data | mojeek_candidates:32 | mojeek_picked:dupes.se(score=22)
559143-3155,JX Distribution AB,JX Distribution AB,Kosmetika,"Kosmetik, parfym och frisörartiklar","Kosmetik, parfym och frisörartiklar; Kosmetik - tillverkare och grossister; Grossister",Stockholm,Tyresö,Tyresö,135 40,Vintervägen 2 a,12000000,2024-12,sweet_spot,true,3,,,,,,https://www.allabolag.se/foretag/jx-distribution-ab/tyreso/-/2KGZTFNI63IIB,not_found,,hitta_orgnr:hitta_no_url_found | hitta_name:hitta_no_next_data | mojeek_candidates:14 | mojeek_no_name_match | brave_candidates:58 | brave_no_name_match | ddg_candidates:10 | ddg_no_name_match
556672-3846,Kero Försäljning AB,Kero Försäljning AB,Skor,Skor,"Skor; Skor och tillbehör - produktion; Producenter; Grossister; Läder och lädervaror - tillverkning; Läder och lädervaror; Reseeffekter; Detaljhandel - annat; Detaljhandel; Postorder/e-handel; Läder, skor, inredning, reseeffekter och textilier; Butikshandel",Norrbotten,Pajala,Pajala,984 92,Sattajärvi 320,11929000,2024-12,sweet_spot,true,5,,097860000,,,https://www.kero.se/,https://www.allabolag.se/foretag/kero-forsaljning-ab/pajala/-/2K2A7LYI5YHGY,hitta_orgnr,high,hitta_orgnr:hitta_detail | hitta_orgnr:https://www.hitta.se/kero+f%C3%B6rs%C3%A4ljning+ab/pajala/lmmpbjors | hitta_orgnr:orgnr_match | hitta_orgnr:url_in_own_segment
556535-8727,Sandahls Modehus S'34 AB,Sandahls Modehus S'34 AB,Mode,Konfektion,"Konfektion; Butikshandel; Detaljhandel; Kläder, skor",Skåne,Hörby,Hörby,242 31,Storgatan 6,11927000,2025-06,sweet_spot,true,6,,,,,https://sandahlsmodehus.se,https://www.allabolag.se/foretag/sandahls-modehus-s-34-ab/horby/-/2K1GY9ZI63II4,brave,medium,hitta_orgnr:hitta_no_url_found | hitta_name:hitta_no_next_data | mojeek_candidates:12 | mojeek_no_name_match | brave_candidates:61 | brave_picked:sandahlsmodehus.se(score=22)
556298-5191,Styckens Maskinentreprenad AB,Styckens Maskinentreprenad AB,Smycken,Entreprenörer,Entreprenörer; Byggmästare,Västra Götaland,Tjörn,Skärhamn,471 32,Hamngatan 39,11835000,2025-08,sweet_spot,true,7,,0706670107,,,http://www.styckensmaskin.se/,https://www.allabolag.se/foretag/styckens-maskinentreprenad-ab/tjorn/-/2K022UFI63IFX,hitta_orgnr,high,hitta_orgnr:hitta_detail | hitta_orgnr:https://www.hitta.se/styckens+maskinentreprenad+ab/sk%C3%A4rhamn/nvicsxdh | hitta_orgnr:orgnr_match | hitta_orgnr:url_in_own_segment
556481-0140,Frisörtjänst Hässleholm AB,Frisörtjänst Hässleholm AB,Kosmetika,"Kosmetik, parfym och frisörartiklar","Kosmetik, parfym och frisörartiklar; Kosmetik - tillverkare och grossister; Grossister",Skåne,Hässleholm,Hässleholm,281 35,Kommendörsgatan 9,11710000,2025-06,sweet_spot,true,3,,045121313,,,https://frisortjanst.se,https://www.allabolag.se/foretag/frisortjanst-hassleholm-ab/hassleholm/-/2K156ZGI63IIB,brave,low,hitta_orgnr:hitta_no_url_found | hitta_name:hitta_no_url_found | mojeek_candidates:12 | mojeek_no_name_match | brave_candidates:71 | brave_picked:frisortjanst.se(score=14)
559316-5821,Trädgårdens Wok & Sushi AB,Trädgårdens Wok & Sushi AB,Trädgård,Restauranger,Restauranger,Stockholm,Stockholm,Stockholm,111 47,Birgit Nilssons Allé,11683000,2024-12,sweet_spot,true,7,,,,,,https://www.allabolag.se/foretag/tradgardens-wok-och-sushi-ab/stockholm/-/2KI0YD9I5YH9F,not_found,,hitta_orgnr:hitta_no_url_found | hitta_name:hitta_no_next_data | mojeek_candidates:12 | mojeek_no_name_match | brave_candidates:57 | brave_no_name_match | ddg_candidates:10 | ddg_no_name_match
556928-8797,Dream JK Sweden AB,Dream JK Sweden AB,Kosmetika,"Kosmetik, parfym och frisörartiklar","Kosmetik, parfym och frisörartiklar; Kosmetik - tillverkare och grossister; Grossister; Restauranger",Skåne,Svedala,Svedala,233 31,Storgatan 20,11598000,2025-12,sweet_spot,true,3,,,,,https://dream.se,https://www.allabolag.se/foretag/dream-jk-sweden-ab/svedala/-/2K3T6QLI63IIB,ddg,low,hitta_orgnr:hitta_no_url_found | hitta_name:hitta_no_next_data | mojeek_candidates:18 | mojeek_no_name_match | brave_candidates:59 | brave_no_name_match | ddg_candidates:10 | ddg_picked:dream.se(score=14)
556755-9140,Chipponett Mode & Kläder AB,Chipponett Mode & Kläder AB,Mode,Konfektion,Konfektion; Kläder; Grossister,Västra Götaland,Borås,Borås,504 68,Grönbogatan 6,11512000,2024-12,sweet_spot,true,3,,,,,,https://www.allabolag.se/foretag/chipponett-mode-och-klader-ab/boras/-/2K2S44KI63II4,not_found,,hitta_orgnr:hitta_no_url_found | hitta_name:hitta_no_next_data | mojeek_candidates:12 | mojeek_no_name_match | brave_candidates:57 | brave_no_name_match | ddg_candidates:10 | ddg_no_name_match
556738-3467,Leksaksborgen Östermalmstorg AB,Leksaksborgen Östermalmstorg AB,Leksaker,"Spel, nöjesanläggningsutrustningar","Spel, nöjesanläggningsutrustningar; Butikshandel; Detaljhandel; Postorder/e-handel",Stockholm,Stockholm,Stockholm,114 42,Östermalmstorg 2,11484000,2024-12,sweet_spot,true,8,,,,,https://www.leksaksborgen.se,https://www.allabolag.se/foretag/leksaksborgen-ostermalmstorg-ab/stockholm/-/2K2OCKRI5YHPS,mojeek,low,hitta_orgnr:hitta_no_url_found | hitta_name:hitta_no_url_found | mojeek_candidates:16 | mojeek_picked:leksaksborgen.se(score=14)
556915-2886,AM Sales Group AB,AM Sales Group AB,Kosmetika,"Kosmetik, parfym och frisörartiklar","Kosmetik, parfym och frisörartiklar; Kosmetik - tillverkare och grossister; Grossister",Skåne,Burlöv,,,,11250000,2024-12,sweet_spot,true,1,,0739394251,,,http://amsalesgroup.se,https://www.allabolag.se/foretag/am-sales-group-ab/burlov/-/2K3Q9VAI63IIB,brave,medium,hitta_orgnr:hitta_search_failed:HTTP 404 for https://www.hitta.se/undefined/- | hitta_name:hitta_no_next_data | mojeek_candidates:32 | mojeek_no_name_match | brave_candidates:51 | brave_picked:amsalesgroup.se(score=22)
556564-4761,Claudia Cosmetics International AB,Claudia Cosmetics International AB,Kosmetika,"Kosmetik, parfym och frisörartiklar","Kosmetik, parfym och frisörartiklar; Kosmetik - tillverkare och grossister; Grossister",Skåne,Trelleborg,Trelleborg,231 66,Maskingatan 8,11213000,2024-12,sweet_spot,true,3,,,,,https://www.claudia.se,https://www.allabolag.se/foretag/claudia-cosmetics-international-ab/trelleborg/-/2K1N2ZDI63IIB,brave,low,hitta_orgnr:hitta_no_url_found | hitta_name:hitta_no_next_data | mojeek_candidates:16 | mojeek_no_name_match | brave_candidates:56 | brave_picked:claudia.se(score=14)
556894-0364,Lavendria AB,Lavendria AB,Kosmetika,"Kosmetik, parfym och frisörartiklar","Kosmetik, parfym och frisörartiklar; Kosmetik - tillverkare och grossister; Grossister; Detaljhandel; Butikshandel; Hudvårdsprodukter",Skåne,Malmö,Malmö,213 77,Ridspögatan 15 c,10980000,2024-12,sweet_spot,true,1,,0723323065,,,https://miniperfumes.se,https://www.allabolag.se/foretag/lavendria-ab/malmo/-/2K3LPVWI63IIB,hitta_orgnr,high,hitta_orgnr:hitta_detail | hitta_orgnr:https://www.hitta.se/lavendria-ab/malm%C3%B6/fkkqzimmn | hitta_orgnr:orgnr_match | hitta_orgnr:url_in_own_segment
559184-0995,Macken Kumla AB,Macken Kumla AB,Smycken,Bilar,Bilar; Detaljhandel; Bilreservdelar; Livsmedel; Butikshandel; Uthyrning,Örebro,Kumla,Kumla,692 33,Västra Drottninggatan 62,10833000,2024-12,sweet_spot,true,4,,,,,https://macken.se,https://www.allabolag.se/foretag/macken-kumla-ab/kumla/-/2KH8K4JI5YCZW,ddg,low,hitta_orgnr:hitta_no_url_found | hitta_name:hitta_no_next_data | mojeek_failed:HTTP 403 for https://www.mojeek.com/search?q=Macken%20Kumla%20AB%20hemsida | brave_candidates:62 | brave_no_name_match | ddg_candidates:10 | ddg_picked:macken.se(score=14)
556322-7148,Snitz Mode AB,Snitz Mode AB,Mode,Konfektion,"Konfektion; Butikshandel; Detaljhandel; Kläder, skor",Kalmar,Kalmar,,,,10728000,2025-04,sweet_spot,true,7,,,,,https://snitzmode.se,https://www.allabolag.se/foretag/snitz-mode-ab/kalmar/-/2K079JGI63II4,brave,medium,hitta_orgnr:hitta_no_url_found | hitta_name:hitta_no_url_found | mojeek_skipped_rate_limited | brave_candidates:62 | brave_picked:snitzmode.se(score=22)
559261-0751,GTMS AB,GTMS AB,Trädgård,Byggmästare,"Byggmästare; Väganordningar, trafikanordningar, vägarbeten; Entreprenörer; Parkanläggningar",Stockholm,Järfälla,Järfälla,177 57,Allmogevägen 3 LGH 1204,10475000,2025-08,sweet_spot,true,8,,0736525063,,https://gtmsab.com/,https://gtmsab.com/,https://www.allabolag.se/foretag/gtms-ab/jarfalla/-/2KHP22NI5YDDT,already_present,,
556475-9552,RK Mode i Uppsala Aktiebolag,RK Mode i Uppsala Aktiebolag,Mode,Konfektion,"Konfektion; Butikshandel; Detaljhandel; Kläder, skor; Skor - detaljister",Uppsala,Uppsala,Uppsala,753 20,Dragarbrunnsgatan 32,10437000,2025-08,sweet_spot,true,4,,018129200,,,,https://www.allabolag.se/foretag/rk-mode-i-uppsala-aktiebolag/uppsala/-/2K143Y8I63II4,not_found,,hitta_orgnr:hitta_no_url_found | hitta_name:hitta_no_next_data | mojeek_skipped_rate_limited | brave_candidates:57 | brave_no_name_match | ddg_candidates:10 | ddg_no_name_match
559209-9336,Mataffären i Ljuder Socken AB,Mataffären i Ljuder Socken AB,Smycken,Livsmedel,Livsmedel; Butikshandel,Kronoberg,Lessebo,Skruv,365 94,Storgatan 2,10420000,2025-08,sweet_spot,true,3,,,,,,https://www.allabolag.se/foretag/mataffaren-i-ljuder-socken-ab/lessebo/-/2KHE3GOI5YFWD,not_found,,hitta_orgnr:hitta_no_url_found | hitta_name:hitta_no_next_data | mojeek_skipped_rate_limited | brave_candidates:63 | brave_no_name_match | ddg_candidates:10 | ddg_no_name_match
559423-0673,Leinonen & Söderström Mode AB,Leinonen & Söderström Mode AB,Mode,Konfektion,"Konfektion; Butikshandel; Detaljhandel; Kläder, skor",Gävleborg,Bollnäs,Bollnäs,821 43,Västra Stationsgatan 7,10368000,2025-01,sweet_spot,true,5,,,,,,https://www.allabolag.se/foretag/leinonen-och-soderstrom-mode-ab/bollnas/-/2KINS0HI63II4,not_found,,hitta_orgnr:hitta_no_url_found | hitta_name:hitta_no_next_data | mojeek_failed:HTTP 403 for https://www.mojeek.com/search?q=Leinonen%20%26%20S%C3%B6derstr%C3%B6m%20Mode%20AB%20hemsida | brave_candidates:57 | brave_no_name_match | ddg_candidates:10 | ddg_no_name_match
556650-3628,AB Joh. Palmgren,AB Joh. Palmgren,Skor,Skor,"Läder och lädervaror; Läder, skor, inredning, reseeffekter och textilier; Detaljhandel; Butikshandel; Postorder/e-handel; Producenter; Läder och lädervaror - tillverkning; Reseeffekter; Skor; Reparatörer",Stockholm,Stockholm,Stockholm,114 51,Sibyllegatan 7,10339000,2025-08,sweet_spot,true,4,,,,,,https://www.allabolag.se/foretag/ab-joh-palmgren/stockholm/-/2K25HOSI5YHGY,not_found,,hitta_orgnr:hitta_no_url_found | hitta_name:hitta_no_url_found | mojeek_skipped_rate_limited | brave_candidates:64 | brave_no_name_match | ddg_candidates:10 | ddg_no_name_match
559365-0020,Smycka Butiksbolaget i Partille AB,Smycka Butiksbolaget i Partille AB,Smycken,Urmakare,"Urmakare; Klockor, ur; Guld, silver, ädelstenar; Butikshandel; Detaljhandel; Postorder/e-handel",Västra Götaland,Partille,Partille,433 33,Gamla Kronvägen 7 Allum236,10150000,2025-04,sweet_spot,true,5,,,,,https://www.smycka.se,https://www.allabolag.se/foretag/smycka-butiksbolaget-i-partille-ab/partille/-/2KIBBZ8I63IL5,brave,low,hitta_orgnr:hitta_no_url_found | hitta_name:hitta_search_failed:HTTP 503 for https://www.hitta.se/verksamhet/smycka-butiksbolaget-i-partille-ab-ngoqzzdj?vad=Smycka%20Butiksbolaget%20i%20Partille%20AB | mojeek_skipped_rate_limited | brave_candidates:53 | brave_picked:smycka.se(score=14)
556569-5102,Nallens Leksaker i City AB,Nallens Leksaker i City AB,Leksaker,"Spel, nöjesanläggningsutrustningar","Spel, nöjesanläggningsutrustningar; Butikshandel; Detaljhandel",Uppsala,Uppsala,Uppsala,753 20,S:T Persgatan 16,10000000,2025-04,sweet_spot,true,4,,018143425,,,https://nallens.se,https://www.allabolag.se/foretag/nallens-leksaker-i-city-ab/uppsala/-/2K1O5TQI5YHPS,brave,low,hitta_orgnr:hitta_no_url_found | hitta_name:hitta_no_next_data | mojeek_skipped_rate_limited | brave_candidates:58 | brave_picked:nallens.se(score=14)
556402-3702,Watch International i Norrköping AB,Watch International i Norrköping AB,Smycken,"Klockor, ur","Klockor, ur; Detaljhandel; Guld, silver, ädelstenar; Postorder/e-handel",Östergötland,Norrköping,Norrköping,602 32,Prästgatan 22,9978000,2025-08,sweet_spot,true,3,,,,,http://www.becksurhandel.se,https://www.allabolag.se/foretag/watch-international-i-norrkoping-ab/norrkoping/-/2K0OC5YI5YEZ0,hitta_orgnr,high,hitta_orgnr:hitta_detail | hitta_orgnr:https://www.hitta.se/becks+urhandel/norrk%C3%B6ping/lrrrdhlo | hitta_orgnr:orgnr_match | hitta_orgnr:url_in_own_segment
556462-9045,Åsljunga Möbelfabrik,Aktiebolaget Åsljunga Möbelfabrik,Möbler,Möbler,Möbler; Möbler - Produktion; Producenter,Skåne,Örkelljunga,Åsljunga,286 72,Sjöhultsv. 4,9770000,2024-12,sweet_spot,true,9,,0435 460004,asljungamobelfabrik@home.se,,https://asljunga.cylex.se,https://www.allabolag.se/foretag/asljunga-mobelfabrik/orkelljunga/-/2K11B91I5YGJV,brave,low,hitta_orgnr:hitta_no_url_found | hitta_name:hitta_no_url_found | mojeek_skipped_rate_limited | brave_candidates:53 | brave_picked:asljunga.cylex.se(score=14)
556942-2958,CN Mode AB,CN Mode AB,Mode,Evenemangsproduktioner,Evenemangsproduktioner; Konfektion; Kläder; Grossister,Västra Götaland,Göteborg,Göteborg,413 10,Alfhemsgatan 2 a Lgh 1301,9608000,2024-12,sweet_spot,true,18,,,,,,https://www.allabolag.se/foretag/cn-mode-ab/goteborg/-/2K3W29AI5YDTG,not_found,,hitta_orgnr:hitta_no_url_found | hitta_name:hitta_no_next_data | mojeek_skipped_rate_limited | brave_candidates:51 | brave_no_name_match | ddg_candidates:10 | ddg_no_name_match
556813-0503,Mats Hansson Åkeri AB,Mats Hansson Åkeri AB,Mode,Åkerier,"Åkerier; Transportförmedling; Finansbolag, finansiella tjänster; Värdepappershandel",,,,,,9453000,2024-12,sweet_spot,true,5,,0709-768130,,,,https://www.allabolag.se/foretag/mats-hansson-akeri-ab/-/-/2K34CZRI5YIR3,not_found,,hitta_orgnr:hitta_no_url_found | hitta_name:hitta_no_next_data | mojeek_failed:HTTP 403 for https://www.mojeek.com/search?q=Mats%20Hansson%20%C3%85keri%20AB%20hemsida | brave_candidates:60 | brave_no_name_match | ddg_candidates:10 | ddg_no_name_match
556493-9568,Jan-Olof Gratte Mode Aktiebolag,Jan-Olof Gratte Mode Aktiebolag,Mode,Konfektion,"Konfektion; Butikshandel; Detaljhandel; Kläder, skor",Kalmar,Nybro,Nybro,382 30,Storgatan 4,9367000,2025-02,sweet_spot,true,5,,,,,,https://www.allabolag.se/foretag/jan-olof-gratte-mode-aktiebolag/nybro/-/2K17YUOI63II4,not_found,,hitta_orgnr:hitta_no_url_found | hitta_name:hitta_no_next_data | mojeek_skipped_rate_limited | brave_candidates:59 | brave_no_name_match | ddg_candidates:10 | ddg_no_name_match
556728-2644,Carolinas Hälsokost i Ystad AB,Carolinas Hälsokost i Ystad AB,Hälsokost,Livsmedel,"Livsmedel; Hälsokost, naturläkemedel; Detaljhandel; Butikshandel",Skåne,Ystad,Ystad,271 34,Stora Östergatan 14 2tr,9258000,2025-08,sweet_spot,true,5,,,,,,https://www.allabolag.se/foretag/carolinas-halsokost-i-ystad-ab/ystad/-/2K2M6S4I5YFWD,not_found,,hitta_orgnr:hitta_no_url_found | hitta_name:hitta_no_next_data | mojeek_skipped_rate_limited | brave_candidates:65 | brave_no_name_match | ddg_candidates:10 | ddg_no_name_match
556387-5110,"Kristallrummet, Smycken & Stenar AB","Kristallrummet, Smycken & Stenar AB",Smycken,Urmakare,"Urmakare; Klockor, ur; Guld, silver, ädelstenar; Butikshandel; Detaljhandel - annat; Detaljhandel; Postorder/e-handel; Möbler, inredning, kök- och belysningsutrustning; Butikshandel -övrigt; Grossister",Stockholm,Stockholm,Stockholm,116 46,Hökens Gata 6,9219000,2024-09,sweet_spot,true,4,,087148828,,,http://www.kristallrummet.se,https://www.allabolag.se/foretag/kristallrummet-smycken-och-stenar-ab/stockholm/-/2K0L5IEI63IL5,hitta_orgnr,high,hitta_orgnr:hitta_detail | hitta_orgnr:https://www.hitta.se/kristallrummet-ab/johanneshov/aqxhmnqv | hitta_orgnr:orgnr_match | hitta_orgnr:url_in_own_segment
559007-4554,Rinkeby Apotek & Hälsokost AB,Rinkeby Apotek & Hälsokost AB,Hälsokost,"Apoteksvaror, läkemedel - Distribution","Apoteksvaror, läkemedel - Distribution; Detaljhandel; Butikshandel; Livsmedel; Hälsokost, naturläkemedel; Agenturhandel-övrig; Agenturer; Apoteksvaror, läkemedel - Partihandel; Grossister",Stockholm,Sundbyberg,,,,9078000,2023-12,sweet_spot,true,3,,,,,https://rinkebycentrum.se,https://www.allabolag.se/foretag/rinkeby-apotek-och-halsokost-ab/sundbyberg/-/2KG6P4QI5YCST,brave,low,hitta_orgnr:hitta_no_url_found | hitta_name:hitta_no_next_data | mojeek_skipped_rate_limited | brave_candidates:65 | brave_picked:rinkebycentrum.se(score=14)
556461-6273,Leksakslagret i Vetlanda Aktiebolag,Leksakslagret i Vetlanda Aktiebolag,Leksaker,"Spel, nöjesanläggningsutrustningar","Spel, nöjesanläggningsutrustningar; Butikshandel; Detaljhandel",Jönköping,Vetlanda,Vetlanda,574 35,Kolvägen 17,9072000,2024-12,sweet_spot,true,5,,,,,,https://www.allabolag.se/foretag/leksakslagret-i-vetlanda-aktiebolag/vetlanda/-/2K111E9I5YHPS,not_found,,hitta_orgnr:hitta_no_url_found | hitta_name:hitta_no_url_found | mojeek_skipped_rate_limited | brave_candidates:61 | brave_no_name_match | ddg_candidates:10 | ddg_no_name_match
556954-7622,Falugruppen arkitektkontor AB,Falugruppen arkitektkontor AB,Mode,Arkitekter,Arkitekter,Dalarna,Falun,Falun,791 71,Åsgatan 12,9066000,2025-08,sweet_spot,true,9,,023-794050,info@falugruppen.se,https://falugruppen.se/,https://falugruppen.se/,https://www.allabolag.se/foretag/falugruppen-arkitektkontor-ab/falun/-/2K3YQG6I5YCJ5,already_present,,
556631-3838,SoHo Smycken & Klockor AB,SoHo Smycken & Klockor AB,Smycken,Urmakare,"Urmakare; Klockor, ur; Guld, silver, ädelstenar; Butikshandel",Kronoberg,Växjö,Växjö,352 30,Storgatan 29,8801000,2025-10,sweet_spot,true,3,,,,,https://www.sohosmycken.se,https://www.allabolag.se/foretag/soho-smycken-och-klockor-ab/vaxjo/-/2K21F8UI63IL5,mojeek,low,hitta_orgnr:hitta_no_url_found | hitta_name:hitta_no_next_data | mojeek_candidates:14 | mojeek_picked:sohosmycken.se(score=14)
556296-3958,HP Hälsokost Aktiebolag,HP Hälsokost Aktiebolag,Hälsokost,Livsmedel,"Livsmedel; Hälsokost, naturläkemedel; Detaljhandel; Butikshandel",Jämtland,Östersund,Östersund,831 31,Prästgatan 28,8799000,2025-04,sweet_spot,true,7,,063511076,,,http://www.hphalsokost.se,https://www.allabolag.se/foretag/hp-halsokost-aktiebolag/ostersund/-/2K01MGMI5YFWD,hitta_orgnr,high,hitta_orgnr:hitta_detail | hitta_orgnr:https://www.hitta.se/hp-halsokost-halsokraft/%C3%B6stersund/ngszhkkgo | hitta_orgnr:orgnr_match | hitta_orgnr:url_in_own_segment
556357-7195,ELFSTRÖMS POSTORDER Aktiebolag,ELFSTRÖMS POSTORDER Aktiebolag,Postorder,"Apoteksvaror, läkemedel - Partihandel","Apoteksvaror, läkemedel - Partihandel; Apoteksvaror, läkemedel - Distribution; Grossister; Detaljhandel - annat; Detaljhandel; Postorder/e-handel",Stockholm,Stockholm,Stockholm,113 41,Norrbackagatan 8 Lgh 1301,8710000,2025-06,sweet_spot,true,1,,0708432334,,,,https://www.allabolag.se/foretag/elfstroms-postorder-aktiebolag/stockholm/-/2K0ERMZI63IM3,not_found,,hitta_orgnr:hitta_no_url_found | hitta_name:hitta_no_url_found | mojeek_skipped_rate_limited | brave_candidates:55 | brave_no_name_match | ddg_candidates:10 | ddg_no_name_match
556766-9188,Capo AB,Capo AB,E-handel,E-handel,"E-handel; E-handel - Program, system; Reklambyråer",Västra Götaland,Göteborg,Göteborg,41103,Odinsgatan 13,8620000,2024-12,sweet_spot,true,7,,+46 31 14 14 40,mattias.ericson@capo.se,https://www.capo.se,https://www.capo.se,https://www.allabolag.se/foretag/capo-ab/goteborg/-/2K2UH1GI5YDVM,already_present,,
556120-8090,Lasses Leksaker Aktiebolag,Lasses Leksaker Aktiebolag,Leksaker,"Spel, nöjesanläggningsutrustningar","Spel, nöjesanläggningsutrustningar; Butikshandel; Detaljhandel",Södermanland,Eskilstuna,Eskilstuna,632 18,Nybrogatan 4,8557000,2024-12,sweet_spot,true,5,,016130335,,,http://www.leklust.se/butiker/eskilstuna/,https://www.allabolag.se/foretag/lasses-leksaker-aktiebolag/eskilstuna/-/2JYZZMII5YHPS,hitta_orgnr,high,hitta_orgnr:hitta_detail | hitta_orgnr:https://www.hitta.se/lasses+leksaker+ab/eskilstuna/fhakrvyhi | hitta_orgnr:orgnr_match | hitta_orgnr:url_in_own_segment
559085-2462,Hudvårdskompaniet Sverige AB,Hudvårdskompaniet Sverige AB,Hudvård,"Kosmetik, parfym och frisörartiklar","Kosmetik, parfym och frisörartiklar; Detaljhandel; Butikshandel",Kalmar,Vimmerby,Vimmerby,598 37,Sevedegatan 29,8413000,2024-12,sweet_spot,true,7,,,,,https://www.hudvardskompaniet.se/,https://www.allabolag.se/foretag/hudvardskompaniet-sverige-ab/vimmerby/-/2KGNDDAI63IIB,hitta_orgnr,high,hitta_orgnr:hitta_detail | hitta_orgnr:https://www.hitta.se/hudvardskompaniet-vastervik/v%C3%A4stervik/lqbbilqv | hitta_orgnr:orgnr_match | hitta_orgnr:url_in_own_segment
556298-6637,Haglunds Mode Aktiebolag,Haglunds Mode Aktiebolag,Mode,Konfektion,"Konfektion; Butikshandel; Detaljhandel; Kläder, skor",Dalarna,Mora,Mora,792 30,Fridhemsplan 2,7999000,2025-04,sweet_spot,true,4,,025010698,,,https://haglundsmode.se,https://www.allabolag.se/foretag/haglunds-mode-aktiebolag/mora/-/2K023YLI63II4,brave,medium,hitta_orgnr:hitta_no_url_found | hitta_name:hitta_no_url_found | mojeek_skipped_rate_limited | brave_candidates:57 | brave_picked:haglundsmode.se(score=22)
556572-7491,Albins Leksaker i Hudiksvall AB,Albins Leksaker i Hudiksvall AB,Leksaker,"Spel, nöjesanläggningsutrustningar","Spel, nöjesanläggningsutrustningar; Butikshandel; Detaljhandel",Gävleborg,Hudiksvall,Hudiksvall,824 30,Storgatan 24,7969000,2024-12,sweet_spot,true,5,,,,,http://www.leklust.se,https://www.allabolag.se/foretag/albins-leksaker-i-hudiksvall-ab/hudiksvall/-/2K1OUTFI5YHPS,hitta_orgnr,high,hitta_orgnr:hitta_detail | hitta_orgnr:https://www.hitta.se/albins+leksaker+i+hudiksvall/hudiksvall/icqzlcsy | hitta_orgnr:orgnr_match | hitta_orgnr:url_in_own_segment
556947-2524,Sickla Kemtvätt & Skrädderi Sko o Nyckelservice AB,Sickla Kemtvätt & Skrädderi Sko o Nyckelservice AB,Skor,Skor,Reparatörer; Skor; Läder och lädervaror; Tvätterier,Stockholm,Nacka,Nacka,131 54,Simbagatan 17,7759000,2025-04,sweet_spot,true,6,,0894976007,,,https://sicklakemtvatt.se,https://www.allabolag.se/foretag/sickla-kemtvatt-och-skradderi-sko-o-nyckelservice-ab/nacka/-/2K3X4I4I5YHGY,brave,low,hitta_orgnr:hitta_no_url_found | hitta_name:hitta_no_next_data | mojeek_skipped_rate_limited | brave_candidates:54 | brave_picked:sicklakemtvatt.se(score=14)
556954-0213,Hallmans Skomakeri & Skor AB,Hallmans Skomakeri & Skor AB,Skor,Skor,"Skor - detaljister; Detaljhandel; Butikshandel; Kläder, skor; Skor; Läder och lädervaror; Reparatörer",Stockholm,Stockholm,Stockholm,113 39,Birkagatan 14,7699000,2025-12,sweet_spot,true,7,,,,,http://hallmansskor.com/,https://www.allabolag.se/foretag/hallmans-skomakeri-och-skor-ab/stockholm/-/2K3YKQDI5YHGY,hitta_orgnr,high,hitta_orgnr:hitta_detail | hitta_orgnr:https://www.hitta.se/hallmans+skomakeri+och+skor+ab/stockholm/icsbddjm | hitta_orgnr:orgnr_match | hitta_orgnr:url_in_own_segment
556589-2998,Hudvårdshögskolan International Beauty School of Sweden AB,Hudvårdshögskolan International Beauty School of Sweden AB,Hudvård,Skolor och utbildning,Skolor och utbildning; Hudvårdsprodukter,Stockholm,Nacka,Nacka,131 54,Smedjegatan 18,7685000,2025-06,sweet_spot,true,6,,086533641,,,https://www.hudvardshogskolan.se/,https://www.allabolag.se/foretag/hudvardshogskolan-international-beauty-school-of-sweden-ab/nacka/-/2K1SEIUI63IKI,hitta_orgnr,high,hitta_orgnr:hitta_detail | hitta_orgnr:https://www.hitta.se/hudv%C3%A5rdsh%C3%B6gskolan+ibs/nacka/jcpvyiaak | hitta_orgnr:orgnr_match | hitta_orgnr:url_in_own_segment
556847-1444,Bärget Macken,TC Karlsson Bensin AB,Smycken,Bensinstationer,Bensinstationer; Butikshandel,Dalarna,Ludvika,GRÄNGESBERG,77230,Kopparbergsvägen 45,7379000,2025-04,sweet_spot,true,3,,0240-211 38,kontakt@uc.se,,,https://www.allabolag.se/foretag/barget-macken/ludvika/-/2K3BO2CI63IMA,not_found,,hitta_orgnr:hitta_no_url_found | hitta_name:hitta_no_url_found | mojeek_skipped_rate_limited | brave_candidates:68 | brave_no_name_match | ddg_candidates:10 | ddg_no_name_match
556771-1840,Heinz Pettersson Göteborgs trädgårdar AB,Heinz Pettersson Göteborgs trädgårdar AB,Trädgård,Trädgårdsanläggningar,Trädgårdsanläggningar; Parkanläggningar,Västra Götaland,Mölndal,LINDOME,43731,Sagbäcksvägen 1,7343000,2025-12,sweet_spot,true,5,,0701-761712,info@goteborgstradgardar.se,https://www.goteborgstradgardar.se,https://www.goteborgstradgardar.se,https://www.allabolag.se/foretag/heinz-pettersson-goteborgs-tradgardar-ab/molndal/-/2K2VDY8I5YI51,already_present,,
556938-0446,Carolinas Hälsokost Syd AB,Carolinas Hälsokost Syd AB,Hälsokost,Livsmedel,"Livsmedel; Hälsokost, naturläkemedel; Detaljhandel; Butikshandel",Skåne,Ystad,Ystad,271 34,Stora Östergatan 14,7271000,2025-08,sweet_spot,true,6,,,,,,https://www.allabolag.se/foretag/carolinas-halsokost-syd-ab/ystad/-/2K3V5GEI5YFWD,not_found,,hitta_orgnr:hitta_no_url_found | hitta_name:hitta_no_url_found | mojeek_skipped_rate_limited | brave_candidates:59 | brave_no_name_match | ddg_candidates:12 | ddg_no_name_match
556752-7816,Öbergs Modehus i Ystad AB,Öbergs Modehus i Ystad AB,Mode,Konfektion,"Konfektion; Butikshandel; Detaljhandel; Kläder, skor",Skåne,Ystad,Ystad,271 34,Stora Östergatan 24,7220000,2025-08,sweet_spot,true,3,,,,,https://obergsmodehus.se/,https://www.allabolag.se/foretag/obergs-modehus-i-ystad-ab/ystad/-/2K2RFYGI63II4,hitta_orgnr,high,hitta_orgnr:hitta_detail | hitta_orgnr:https://www.hitta.se/%C3%B6bergs+modehus+i+ystad+ab/ystad/mggtttd | hitta_orgnr:orgnr_match | hitta_orgnr:url_in_own_segment
559006-5180,Youhannas Salonger i Stockholm AB,Youhannas Salonger i Stockholm AB,Skor,Skor,Hudvårdsprodukter; Skor; Läder och lädervaror; Reparatörer; Livsmedel; Detaljhandel; Butikshandel; Uthyrning; Arbetskraftstjänster,Stockholm,Stockholm,Spånga,163 62,Glömmingegränd 16,7210000,2024-12,sweet_spot,true,14,,,,,,https://www.allabolag.se/foretag/youhannas-salonger-i-stockholm-ab/stockholm/-/2KG6HWCI5YHGY,not_found,,hitta_orgnr:hitta_no_url_found | hitta_name:hitta_no_url_found | mojeek_skipped_rate_limited | brave_candidates:57 | brave_no_name_match | ddg_candidates:10 | ddg_no_name_match
556934-7171,Odens Smycke AB,Odens Smycke AB,Smycken,"Klockor, ur","Klockor, ur; Guld, silver, ädelstenar; Grossister",Stockholm,Stockholm,Stockholm,,,7204000,2025-06,sweet_spot,true,2,,,,,https://odenssmycke.se,https://www.allabolag.se/foretag/odens-smycke-ab/stockholm/-/2K3UFS3I5YEZ0,brave,medium,hitta_orgnr:hitta_no_url_found | hitta_name:hitta_no_next_data | mojeek_skipped_rate_limited | brave_candidates:70 | brave_picked:odenssmycke.se(score=22)
556656-5155,Madame Chic Kosmetika AB,Madame Chic Kosmetika AB,Kosmetika,"Kemikalier, industrikemikalier - tillverkning","Kemikalier, industrikemikalier - tillverkning; Kemikalier, industrikemikalier; Producenter",Västra Götaland,Vara,Vara,534 50,Gradgatan 2,7147000,2025-04,sweet_spot,true,5,,051292021,,,https://www.madame-chic.se,https://www.allabolag.se/foretag/madame-chic-kosmetika-ab/vara/-/2K26T5VI63IHZ,brave,low,hitta_orgnr:hitta_no_url_found | hitta_name:hitta_no_next_data | mojeek_skipped_rate_limited | brave_candidates:49 | brave_picked:madame-chic.se(score=14)
556857-2175,Värmepumpar i Norr AB,Värmepumpar i Norr AB,Skor,Skor,Byggmästare; Skor; Läder och lädervaror; Reparatörer,Norrbotten,Luleå,Luleå,975 94,Förmansvägen 10 Lgh 1001,7126000,2024-12,sweet_spot,true,2,,,,,http://xn--vrmepumpar-i-norr-qqb.se/,https://www.allabolag.se/foretag/varmepumpar-i-norr-ab/lulea/-/2K3DTSFI5YHGY,hitta_orgnr,high,hitta_orgnr:hitta_detail | hitta_orgnr:https://www.hitta.se/v%C3%A4rmepumpar+i+norr+ab/gammelstad/cmrbhjlo | hitta_orgnr:orgnr_match | hitta_orgnr:url_in_own_segment
556524-7037,Ekonomiq i Norrort AB,Ekonomiq i Norrort AB,Mode,"Redovisning, bokföring","Redovisning, bokföring; Skatterådgivning; Företagsutveckling",Stockholm,Täby,Täby,187 15,Polygonvägen 69,7113000,2025-12,sweet_spot,true,5,,08-7551310,Info@ekonomiq.se,https://ekonomiq.se/,https://ekonomiq.se/,https://www.allabolag.se/foretag/ekonomiq-i-norrort-ab/taby/-/2K1EK3HI5YGRY,already_present,,
559224-7919,Helenes Mode & Interiör AB,Helenes Mode & Interiör AB,Mode,Konfektion,"Konfektion; Butikshandel; Detaljhandel; Kläder, skor",Jönköping,Jönköping,Jönköping,553 21,Smedjegatan 3,7080000,2024-12,sweet_spot,true,3,,,,,,https://www.allabolag.se/foretag/helenes-mode-och-interior-ab/jonkoping/-/2KHHA3ZI63II4,not_found,,hitta_orgnr:hitta_no_url_found | hitta_name:hitta_no_next_data | mojeek_skipped_rate_limited | brave_failed:HTTP 429 for https://search.brave.com/search?q=Helenes%20Mode%20%26%20Interi%C3%B6r%20AB%20hemsida | ddg_candidates:10 | ddg_no_name_match
556217-9886,Solhem Inredning AB,Solhem Inredning AB,Heminredning,Detaljhandel - annat,Detaljhandel - annat; Detaljhandel,Stockholm,Stockholm,,,,6968000,2024-12,sweet_spot,true,1,,,,,https://www.solheminredning.se,https://www.allabolag.se/foretag/solhem-inredning-ab/stockholm/-/2JZKTGUI63ILV,ddg,medium,hitta_orgnr:hitta_no_url_found | hitta_name:hitta_no_next_data | mojeek_skipped_rate_limited | brave_skipped_rate_limited | ddg_candidates:10 | ddg_picked:solheminredning.se(score=22)
556657-2201,Treadworld AB,Treadworld AB,Skor,Skor,"Skor; Skor och tillbehör - produktion; Producenter; Sport; Sport - grossist; Grossister; Ljudanläggningar, ljusanläggningar, bildanläggningar; Sportanläggningar",Örebro,Lekeberg,Fjugesta,716 93,Hallsberg Norrgården 1 c,6932000,2026-03,sweet_spot,true,4,,040469770,,,http://www.treadworld.se,https://www.allabolag.se/foretag/treadworld-ab/lekeberg/-/2K26YLLI5YHGY,hitta_orgnr,high,hitta_orgnr:hitta_detail | hitta_orgnr:https://www.hitta.se/treadworld-ab/kumla/mqseiact | hitta_orgnr:orgnr_match | hitta_orgnr:url_in_own_segment
556893-6628,Happies Leksaker AB,Happies Leksaker AB,Leksaker,"Spel, nöjesanläggningsutrustningar","Spel, nöjesanläggningsutrustningar; Butikshandel; Detaljhandel",Stockholm,Stockholm,Stockholm,120 61,Hammarby Allé 88,6878000,2025-03,sweet_spot,true,5,,,,,https://happiesleksaker.se,https://www.allabolag.se/foretag/happies-leksaker-ab/stockholm/-/2K3LN04I5YHPS,mojeek,medium,hitta_orgnr:hitta_no_url_found | hitta_name:hitta_no_next_data | mojeek_candidates:32 | mojeek_picked:happiesleksaker.se(score=22)
556024-5127,HESTRA 1919 HEAB AB,HESTRA 1919 HEAB AB,Skor,Skor,Konfektion; Kläder - produktion; Producenter; Skor; Skor och tillbehör - produktion,Jönköping,Gislaved,Hestra,335 71,Terassvägen 2,6586000,2025-06,sweet_spot,true,1,,,,,https://www.hestra.se,https://www.allabolag.se/foretag/hestra-1919-heab-ab/gislaved/-/2JYFCLJI5YHGY,ddg,low,hitta_orgnr:hitta_no_url_found | hitta_name:hitta_no_next_data | mojeek_skipped_rate_limited | brave_skipped_rate_limited | ddg_candidates:10 | ddg_picked:hestra.se(score=14)
559052-8310,E-Profil Svenska AB,e-Profil Svenska AB,E-handel,E-handel,E-handel; Konfektion; Kläder; Grossister; Reklambyråer,Stockholm,Täby,Täby,183 68,Södra Catalinagränd 3 B,6568000,2025-03,sweet_spot,true,2,,,,http://eprofil.se/,http://eprofil.se/,https://www.allabolag.se/foretag/e-profil-svenska-ab/taby/-/2KGGF92I5YDVM,already_present,,
556284-8308,Smyckeboden i Uppsala Aktiebolag,Smyckeboden i Uppsala Aktiebolag,Smycken,Urmakare,"Urmakare; Klockor, ur; Guld, silver, ädelstenar; Butikshandel",Uppsala,Uppsala,Uppsala,753 32,S:T Olofsgatan 30,6566000,2025-08,sweet_spot,true,4,,018130276,,,http://www.smyckeboden.se,https://www.allabolag.se/foretag/smyckeboden-i-uppsala-aktiebolag/uppsala/-/2JZZ584I63IL5,hitta_orgnr,high,hitta_orgnr:hitta_detail | hitta_orgnr:https://www.hitta.se/smyckeboden-i-uppsala-ab/uppsala/ngrtfkmg | hitta_orgnr:orgnr_match | hitta_orgnr:url_in_own_segment
559160-5182,Smycka Butiksbolaget i Mölndal AB,Smycka Butiksbolaget i Mölndal AB,Smycken,Urmakare,"Urmakare; Klockor, ur; Guld, silver, ädelstenar; Butikshandel; Detaljhandel; Postorder/e-handel",Västra Götaland,Mölndal,Mölndal,431 30,Medborgaregatan 8,6521000,2025-04,sweet_spot,true,4,,,,,http://www.smycka.se/,https://www.allabolag.se/foretag/smycka-butiksbolaget-i-molndal-ab/molndal/-/2KH3I66I63IL5,hitta_orgnr,high,hitta_orgnr:hitta_detail | hitta_orgnr:https://www.hitta.se/smycka/m%C3%B6lndal/mttuyicst | hitta_orgnr:orgnr_match | hitta_orgnr:url_in_own_segment
556845-5025,Thomsen Guld och Smycken AB,Thomsen Guld och Smycken AB,Smycken,Urmakare,"Urmakare; Klockor, ur; Guld, silver, ädelstenar; Butikshandel",Kronoberg,Växjö,Växjö,352 30,Sandgärdsgatan 9,6488000,2025-06,sweet_spot,true,4,,047015170,,,http://thomsenguld.se/,https://www.allabolag.se/foretag/thomsen-guld-och-smycken-ab/vaxjo/-/2K3BBE9I63IL5,hitta_orgnr,high,hitta_orgnr:hitta_detail | hitta_orgnr:https://www.hitta.se/thomsen+guld+och+smycken+ab/v%C3%A4xj%C3%B6/mmgsziap | hitta_orgnr:orgnr_match | hitta_orgnr:url_in_own_segment
559189-9090,ZB Allt Inom Trädgårdsservice AB,ZB ALLT INOM TRÄDGÅRDSSERVICE AB,Trädgård,Parkanläggningar,Parkanläggningar,Skåne,Staffanstorp,Staffanstorp,245 46,Spannmålsgränd 18,6363000,2024-12,sweet_spot,true,10,,070-942 79 01,,https://www.zbtradgard.se/index.html,https://www.zbtradgard.se/index.html,https://www.allabolag.se/foretag/zb-allt-inom-tradgardsservice-ab/staffanstorp/-/2KH9SYAI63IJW,already_present,,
556695-3138,Anders Johnsson Mode AB,Anders Johnsson Mode AB,Mode,Konfektion,"Konfektion; Butikshandel; Detaljhandel; Kläder, skor",Östergötland,Linköping,Linköping,581 28,Västra Svedengatan 7 b,6315000,2024-12,sweet_spot,true,4,,013100201,,,https://www.anotherstore.se/,https://www.allabolag.se/foretag/anders-johnsson-mode-ab/linkoping/-/2K2F4J6I63II4,hitta_orgnr,high,hitta_orgnr:hitta_detail | hitta_orgnr:https://www.hitta.se/another+store+link%C3%B6ping/link%C3%B6ping/lpqueigb | hitta_orgnr:orgnr_match | hitta_orgnr:url_in_own_segment
556877-7204,BJ's Mode AB,BJ's Mode AB,Mode,Konfektion,"Konfektion; Butikshandel; Detaljhandel; Kläder, skor; Kosmetik, parfym och frisörartiklar",Östergötland,Linköping,Linköping,582 22,Ågatan 21 b,6190000,2025-07,sweet_spot,true,3,,013130409,,,https://www.bjsmode.se,https://www.allabolag.se/foretag/bj-s-mode-ab/linkoping/-/2K3I7ZOI63II4,ddg,medium,hitta_orgnr:hitta_no_url_found | hitta_name:hitta_no_next_data | mojeek_skipped_rate_limited | brave_skipped_rate_limited | ddg_candidates:10 | ddg_picked:bjsmode.se(score=22)
559154-9752,Lindén & Mickelsson Mode AB,Lindén & Mickelsson Mode AB,Mode,Konfektion,"Konfektion; Butikshandel; Detaljhandel; Kläder, skor",Gävleborg,Ljusdal,Ljusdal,827 32,Norra Järnvägsgatan 39,6087000,2025-01,sweet_spot,true,3,,,,,https://www.kvarteretlarkan.se/,https://www.allabolag.se/foretag/lind-n-och-mickelsson-mode-ab/ljusdal/-/2KH2BEGI63II4,hitta_orgnr,high,hitta_orgnr:hitta_detail | hitta_orgnr:https://www.hitta.se/fifty+fifty/ljusdal/aagbxicop | hitta_orgnr:orgnr_match | hitta_orgnr:url_in_own_segment
559357-0962,CH Mode i Ljusdal AB,CH Mode i Ljusdal AB,Mode,Konfektion,"Konfektion; Butikshandel; Detaljhandel; Kläder, skor",Gävleborg,Ljusdal,Ljusdal,827 31,Bjuråkersvägen 1,6058000,2025-01,sweet_spot,true,3,,,,,,https://www.allabolag.se/foretag/ch-mode-i-ljusdal-ab/ljusdal/-/2KI9MZ6I63II4,not_found,,hitta_orgnr:hitta_no_url_found | hitta_name:hitta_no_next_data | mojeek_skipped_rate_limited | brave_failed:HTTP 429 for https://search.brave.com/search?q=CH%20Mode%20i%20Ljusdal%20AB%20hemsida | ddg_candidates:10 | ddg_no_name_match
556064-0210,Aima Mode AB,Aima Mode AB,Mode,Konfektion,"Konfektion; Butikshandel; Detaljhandel; Kläder, skor",Kalmar,Kalmar,Kalmar,392 32,Larmtorget 18,6032000,2025-04,sweet_spot,true,2,,048015087,,,https://aimastore.com,https://www.allabolag.se/foretag/aima-mode-ab/kalmar/-/2JYNTG2I63II4,ddg,low,hitta_orgnr:hitta_no_url_found | hitta_name:hitta_no_url_found | mojeek_skipped_rate_limited | brave_skipped_rate_limited | ddg_candidates:10 | ddg_picked:aimastore.com(score=12)
559179-7153,Farsta Snabbtvätt & Skrädderi AB,Farsta Snabbtvätt & Skrädderi AB,Skor,Skor,Skor; Läder och lädervaror; Reparatörer; Tvätterier,Stockholm,Stockholm,Farsta,123 47,Farstaplan 2,6023000,2025-04,sweet_spot,true,6,,,,,https://farstacentrum.se,https://www.allabolag.se/foretag/farsta-snabbtvatt-och-skradderi-ab/stockholm/-/2KH7MAPI5YHGY,mojeek,low,hitta_orgnr:hitta_no_url_found | hitta_name:hitta_no_next_data | mojeek_candidates:16 | mojeek_picked:farstacentrum.se(score=14)
556976-8079,TB Leksaker AB,TB Leksaker AB,Leksaker,"Spel, nöjesanläggningsutrustningar","Spel, nöjesanläggningsutrustningar; Butikshandel; Detaljhandel",Stockholm,Södertälje,Södertälje,151 71,Storgatan 4,6014000,2025-08,sweet_spot,true,4,,,,,,https://www.allabolag.se/foretag/tb-leksaker-ab/sodertalje/-/2K43GJZI5YHPS,not_found,,hitta_orgnr:hitta_no_url_found | hitta_name:hitta_no_next_data | mojeek_skipped_rate_limited | brave_skipped_rate_limited | ddg_candidates:12 | ddg_no_name_match
559021-5124,Modebutiken Bigaro AB,Modebutiken Bigaro AB,Mode,Konfektion,"Konfektion; Butikshandel; Detaljhandel; Kläder, skor",Västerbotten,Umeå,Umeå,903 26,Kungsgatan 60,6009000,2024-12,sweet_spot,true,3,,,,,,https://www.allabolag.se/foretag/modebutiken-bigaro-ab/umea/-/2KG9PLGI63II4,not_found,,hitta_orgnr:hitta_no_url_found | hitta_name:hitta_no_next_data | mojeek_skipped_rate_limited | brave_skipped_rate_limited | ddg_candidates:10 | ddg_no_name_match
559324-9187,Jessicas Trädgård & Entreprenad AB,Jessicas Trädgård & Entreprenad AB,Trädgård,"Markentreprenörer, anläggningsentreprenörer","Markentreprenörer, anläggningsentreprenörer; Entreprenörer; Byggmästare; Parkanläggningar; Arkitekter",Västra Götaland,Kungälv,Hålta,442 95,ÖVER-RESTAD 110,6003000,2024-12,sweet_spot,true,1,,0707536658,Jessica@j-t-e.se,,https://jessicastradgardsdesign.se,https://www.allabolag.se/foretag/jessicas-tradgard-och-entreprenad-ab/kungalv/-/2KI2QOZI5YG4F,ddg,medium,hitta_orgnr:hitta_no_url_found | hitta_name:hitta_no_next_data | mojeek_skipped_rate_limited | brave_skipped_rate_limited | ddg_candidates:10 | ddg_picked:jessicastradgardsdesign.se(score=22)
556197-7546,Leksakshuset Lek & Hobby i Oskarshamn Aktiebolag,Leksakshuset Lek & Hobby i Oskarshamn Aktiebolag,Leksaker,"Spel, nöjesanläggningsutrustningar","Spel, nöjesanläggningsutrustningar; Butikshandel; Detaljhandel; Detaljhandel - annat; Butikshandel -övrigt",Kalmar,Oskarshamn,Oskarshamn,572 42,Slottsgatan 17,6002000,2024-12,sweet_spot,true,3,,,,,https://www.lekia.se/butiker/oskarshamn-lekia-och-babya/,https://www.allabolag.se/foretag/leksakshuset-lek-och-hobby-i-oskarshamn-aktiebolag/oskarshamn/-/2JZGHCAI5YHPS,hitta_orgnr,high,hitta_orgnr:hitta_detail | hitta_orgnr:https://www.hitta.se/leksakshuset+lek+och+hobby+i+oskarshamn+ab/oskarshamn/mpssvxjk | hitta_orgnr:orgnr_match | hitta_orgnr:url_in_own_segment
559425-6751,BADER Mode & Livsstil AB,BADER Mode & Livsstil AB,Mode,Konfektion,"Konfektion; Detaljhandel; Postorder/e-handel; Kläder, skor",Stockholm,Stockholm,Stockholm,,,5995000,2025-01,sweet_spot,true,0,,,,,https://www.bader.se,https://www.allabolag.se/foretag/bader-mode-och-livsstil-ab/stockholm/-/2KIOC4VI63II4,mojeek,low,hitta_orgnr:hitta_no_url_found | hitta_name:hitta_no_url_found | mojeek_candidates:32 | mojeek_picked:bader.se(score=14)
559073-2375,Täby Smycken AB,Täby Smycken AB,Smycken,Urmakare,"Urmakare; Klockor, ur; Guld, silver, ädelstenar; Butikshandel",Stockholm,Täby,Täby,183 34,Västra Galleriagången 00 6,5889000,2024-12,sweet_spot,true,2,,,,,https://www.taby.se,https://www.allabolag.se/foretag/taby-smycken-ab/taby/-/2KGKSPJI63IL5,ddg,low,hitta_orgnr:hitta_no_url_found | hitta_name:hitta_no_next_data | mojeek_skipped_rate_limited | brave_skipped_rate_limited | ddg_candidates:12 | ddg_picked:taby.se(score=14)
559122-8068,Barnen på Södergatan Mode AB,Barnen på Södergatan Mode AB,Mode,Konfektion,"Konfektion; Butikshandel; Detaljhandel; Kläder, skor",Blekinge,Sölvesborg,Sölvesborg,294 31,Södergatan 1 a,5856000,2024-12,sweet_spot,true,2,,,,,,https://www.allabolag.se/foretag/barnen-pa-sodergatan-mode-ab/solvesborg/-/2KGVF6SI63II4,not_found,,hitta_orgnr:hitta_no_url_found | hitta_name:hitta_no_next_data | mojeek_skipped_rate_limited | brave_skipped_rate_limited | ddg_candidates:11 | ddg_no_name_match
556792-7297,Me mode MARINA AB,Me mode MARINA AB,Mode,Konfektion,"Konfektion; Butikshandel; Detaljhandel; Kläder, skor",Halland,Varberg,Varberg,432 41,Drottninggatan 17,5835000,2024-12,sweet_spot,true,3,,,,,http://www.marinavarberg.se/,https://www.allabolag.se/foretag/me-mode-marina-ab/varberg/-/2K30075I63II4,hitta_orgnr,high,hitta_orgnr:hitta_detail | hitta_orgnr:https://www.hitta.se/me+mode+marina+ab/varberg/cqbxijgop | hitta_orgnr:orgnr_match | hitta_orgnr:url_in_own_segment
556724-9155,Lindgrens Mode i Luleå AB,Lindgrens Mode i Luleå AB,Mode,Konfektion,Konfektion; Kläder; Grossister,Norrbotten,Luleå,Luleå,972 31,Kungsgatan 24 g,5767000,2025-08,sweet_spot,true,3,,,,,,https://www.allabolag.se/foretag/lindgrens-mode-i-lulea-ab/lulea/-/2K2LGXVI63II4,not_found,,hitta_orgnr:hitta_no_url_found | hitta_name:hitta_no_next_data | mojeek_skipped_rate_limited | brave_skipped_rate_limited | ddg_candidates:10 | ddg_no_name_match
556339-0581,EJ's Hälsokost Aktiebolag,EJ's Hälsokost Aktiebolag,Hälsokost,Livsmedel,"Livsmedel; Hälsokost, naturläkemedel; Detaljhandel; Butikshandel",Jämtland,Östersund,Östersund,831 34,Kyrkgatan 74,5760000,2025-06,sweet_spot,true,3,,063101960,,,,https://www.allabolag.se/foretag/ej-s-halsokost-aktiebolag/ostersund/-/2K0ARN9I5YFWD,not_found,,hitta_orgnr:hitta_no_url_found | hitta_name:hitta_no_url_found | mojeek_skipped_rate_limited | brave_skipped_rate_limited | ddg_candidates:10 | ddg_no_name_match
556850-5464,Regnbågens böcker & smycken AB,Regnbågens böcker & smycken AB,Smycken,Detaljhandel - annat,"Detaljhandel - annat; Detaljhandel; Butikshandel -övrigt; Konfektion; Butikshandel; Kläder, skor",Västra Götaland,Göteborg,Göteborg,413 01,Haga Nygata 11,5710000,2025-03,sweet_spot,true,6,,,,,https://www.regnbagens.com,https://www.allabolag.se/foretag/regnbagens-bocker-och-smycken-ab/goteborg/-/2K3CEBCI63ILV,mojeek,low,hitta_orgnr:hitta_no_url_found | hitta_name:hitta_no_next_data | mojeek_candidates:32 | mojeek_picked:regnbagens.com(score=12)
556653-6263,AB Sjöbo Anläggning & Trädgård,AB Sjöbo Anläggning & Trädgård,Trädgård,Trädgårdsanläggningar,Trädgårdsanläggningar; Byggmästare,Skåne,Sjöbo,Sjöbo,27539,Ingenjörsgatan 9,5690000,2025-08,sweet_spot,true,5,,070-914 77 47,mats.nilsson@ktv-sjobo.se,https://www.sjoboanlaggning.se/,https://www.sjoboanlaggning.se/,https://www.allabolag.se/foretag/ab-sjobo-anlaggning-och-tradgard/sjobo/-/2K266VBI5YI51,already_present,,
559239-5395,MP20 mode AB,MP20 mode AB,Mode,Konfektion,Konfektion; Kläder; Grossister,Kalmar,Västervik,Västervik,593 30,Bredgatan 9,5671000,2024-12,sweet_spot,true,3,,,,,,https://www.allabolag.se/foretag/mp20-mode-ab/vastervik/-/2KHKFWJI63II4,not_found,,hitta_orgnr:hitta_no_url_found | hitta_name:hitta_no_next_data | mojeek_skipped_rate_limited | brave_skipped_rate_limited | ddg_candidates:10 | ddg_no_name_match
556900-6355,Stockholm Skrädderi & Kemtvätt AB,Stockholm Skrädderi & Kemtvätt AB,Skor,Skor,Tvätterier; Konfektion; Kläder - produktion; Producenter; Skor; Läder och lädervaror; Reparatörer,Stockholm,Stockholm,Stockholm,114 54,Styrmansgatan 2,5671000,2025-12,sweet_spot,true,7,,,,,http://www.sthlmskradderi.se/,https://www.allabolag.se/foretag/stockholm-skradderi-och-kemtvatt-ab/stockholm/-/2K3N4SZI5YHGY,hitta_orgnr,high,hitta_orgnr:hitta_detail | hitta_orgnr:https://www.hitta.se/stockholm+skr%C3%A4dderi+och+kemtv%C3%A4tt+ab/stockholm/cpyhnoqx | hitta_orgnr:orgnr_match | hitta_orgnr:url_in_own_segment
556292-2004,Ludvika Hälsokost Aktiebolag,Ludvika Hälsokost Aktiebolag,Hälsokost,Livsmedel,"Livsmedel; Hälsokost, naturläkemedel; Detaljhandel; Butikshandel",Dalarna,Ludvika,Ludvika,771 30,Storgatan 19,5658000,2025-12,sweet_spot,true,3,,024016400,,,https://halsokraft.se/butiker/ludvika,https://www.allabolag.se/foretag/ludvika-halsokost-aktiebolag/ludvika/-/2K00Q38I5YFWD,hitta_orgnr,high,hitta_orgnr:hitta_detail | hitta_orgnr:https://www.hitta.se/ludvika+h%C3%A4lsokraft/ludvika/igrziiim | hitta_orgnr:orgnr_match | hitta_orgnr:url_in_own_segment
556934-8062,Jennys Hälsokost AB,Jennys Hälsokost AB,Hälsokost,Livsmedel,"Livsmedel; Hälsokost, naturläkemedel; Detaljhandel; Butikshandel",Dalarna,Hedemora,Hedemora,776 31,Åsgatan 62 Hälsokraft,5600000,2025-06,sweet_spot,true,3,,022513220,,,https://jennyshundochkatt.se,https://www.allabolag.se/foretag/jennys-halsokost-ab/hedemora/-/2K3UGGUI5YFWD,ddg,low,hitta_orgnr:hitta_no_url_found | hitta_name:hitta_no_next_data | mojeek_skipped_rate_limited | brave_failed:HTTP 429 for https://search.brave.com/search?q=Jennys%20H%C3%A4lsokost%20AB%20hemsida | ddg_candidates:12 | ddg_picked:jennyshundochkatt.se(score=14)
559011-4582,Sandys Smycken i Kalmar AB,Sandys Smycken i Kalmar AB,Smycken,Urmakare,"Urmakare; Klockor, ur; Guld, silver, ädelstenar; Butikshandel",Kalmar,Kalmar,Kalmar,392 31,Skeppsbrogatan 12,5577000,2025-04,sweet_spot,true,3,,,,,,https://www.allabolag.se/foretag/sandys-smycken-i-kalmar-ab/kalmar/-/2KG7K0MI63IL5,not_found,,hitta_orgnr:hitta_no_url_found | hitta_name:hitta_no_next_data | mojeek_skipped_rate_limited | brave_skipped_rate_limited | ddg_candidates:11 | ddg_no_name_match
559259-5580,Smycka Butiksbolaget i Jönköping AB,Smycka Butiksbolaget i Jönköping AB,Smycken,Urmakare,"Urmakare; Klockor, ur; Guld, silver, ädelstenar; Butikshandel; Detaljhandel; Postorder/e-handel",Jönköping,Jönköping,Jönköping,553 21,Östra Storgatan 12,5568000,2025-04,sweet_spot,true,3,,,,,https://www.smycka.se,https://www.allabolag.se/foretag/smycka-butiksbolaget-i-jonkoping-ab/jonkoping/-/2KHOQD8I63IL5,ddg,low,hitta_orgnr:hitta_no_url_found | hitta_name:hitta_no_next_data | mojeek_skipped_rate_limited | brave_skipped_rate_limited | ddg_candidates:10 | ddg_picked:smycka.se(score=14)
556429-1176,Balders Hage Heminredning AB,Balders Hage Heminredning AB,Heminredning,Mattor,"Mattor; Läder, skor, inredning, reseeffekter och textilier; Detaljhandel; Postorder/e-handel",Västra Götaland,Lerum,Floda,448 32,Skallsjövägen 36,5546000,2024-12,sweet_spot,true,4,,0317114820,,,https://www.baldershage.se,https://www.allabolag.se/foretag/balders-hage-heminredning-ab/lerum/-/2K0U2JSI5YG7C,ddg,low,hitta_orgnr:hitta_no_url_found | hitta_name:hitta_no_next_data | mojeek_failed:HTTP 403 for https://www.mojeek.com/search?q=Balders%20Hage%20Heminredning%20AB%20hemsida | brave_skipped_rate_limited | ddg_candidates:10 | ddg_picked:baldershage.se(score=14)
556871-9297,Leksaksaffären Lekstugan i Avesta AB,Leksaksaffären Lekstugan i Avesta AB,Leksaker,"Spel, nöjesanläggningsutrustningar","Spel, nöjesanläggningsutrustningar; Butikshandel; Detaljhandel",Dalarna,Avesta,Avesta,774 30,Markustorget 1,5535000,2024-12,sweet_spot,true,3,,,,,,https://www.allabolag.se/foretag/leksaksaffaren-lekstugan-i-avesta-ab/avesta/-/2K3GZB5I5YHPS,not_found,,hitta_orgnr:hitta_no_url_found | hitta_name:hitta_no_next_data | mojeek_skipped_rate_limited | brave_skipped_rate_limited | ddg_candidates:11 | ddg_no_name_match
559096-4309,TG Möbler AB,TG Möbler AB,Möbler,Möbler,"Möbler; Belysningsarmatur - Komponenter; Grossister; Möbler, inredning, kök- och belysningsutrustning; Detaljhandel; Postorder/e-handel",,,,,,5529000,2025-03,sweet_spot,true,1,,0722629903,info@slowdown.se,https://www.slowdown.se/,https://www.slowdown.se/,https://www.allabolag.se/foretag/tg-mobler-ab/-/-/2KGPRO5I5YGJV,already_present,,
556187-6854,Torpatoffeln Aktiebolag,Torpatoffeln Aktiebolag,Skor,Skor,Skor; Skor och tillbehör - produktion; Producenter,Kronoberg,Alvesta,Torpsbruk,342 65,Lyckevägen 26,5517000,2024-12,sweet_spot,true,5,,,,,http://www.torpatoffeln.se,https://www.allabolag.se/foretag/torpatoffeln-aktiebolag/alvesta/-/2JZEBNAI5YHGY,ddg,medium,hitta_orgnr:hitta_no_url_found | hitta_name:hitta_no_next_data | mojeek_skipped_rate_limited | brave_skipped_rate_limited | ddg_candidates:10 | ddg_picked:torpatoffeln.se(score=22)
559196-4779,Håkans Leksaker i Lidköping AB,Håkans Leksaker i Lidköping AB,Leksaker,"Spel, nöjesanläggningsutrustningar","Spel, nöjesanläggningsutrustningar; Butikshandel; Detaljhandel",Västra Götaland,Lidköping,Lidköping,531 37,Floragatan 25 b,5503000,2025-01,sweet_spot,true,4,,,,,,https://www.allabolag.se/foretag/hakans-leksaker-i-lidkoping-ab/lidkoping/-/2KHB7MZI5YHPS,not_found,,hitta_orgnr:hitta_no_url_found | hitta_name:hitta_no_next_data | mojeek_skipped_rate_limited | brave_skipped_rate_limited | ddg_candidates:11 | ddg_no_name_match
556916-6431,HIS heminredning sverige AB,HIS heminredning sverige AB,Heminredning,"Internet - Konsulter, operatörer","Internet - Konsulter, operatörer",Stockholm,Stockholm,Skärholmen,127 32,Bredängstorget 1,5469000,2024-12,sweet_spot,true,5,,,,,,https://www.allabolag.se/foretag/his-heminredning-sverige-ab/stockholm/-/2K3QKBJI5YFHL,not_found,,hitta_orgnr:hitta_no_url_found | hitta_name:hitta_no_next_data | mojeek_skipped_rate_limited | brave_skipped_rate_limited | ddg_candidates:11 | ddg_no_name_match
556922-1780,Royal Beauty hudvård AB,Royal Beauty hudvård AB,Hudvård,Hudvårdsprodukter,Hudvårdsprodukter; Hälsotjänster,Västra Götaland,Trollhättan,Trollhättan,461 32,Drottninggatan 23,5416000,2025-12,sweet_spot,true,5,,,,,http://www.royalbeauty.se/,https://www.allabolag.se/foretag/royal-beauty-hudvard-ab/trollhattan/-/2K3RR10I63IH6,hitta_orgnr,high,hitta_orgnr:hitta_detail | hitta_orgnr:https://www.hitta.se/royal+beauty+hudv%C3%A5rd+ab/trollh%C3%A4ttan/jlpxjmgr | hitta_orgnr:orgnr_match | hitta_orgnr:url_in_own_segment
556696-1875,Katrineholms Hemelektronik AB,Katrineholms Hemelektronik AB,Hemelektronik,Datorer,"Datorer; Data - Programvaror; Data- och TV-spel; Detaljhandel; Elektronik- och telekommunikationsutrustning; Butikshandel; Radio TV, video",Södermanland,Katrineholm,Katrineholm,641 30,Drottninggatan 8,5392000,2024-12,sweet_spot,true,2,,015014048,,,https://katrineholm-sodermanland.cylex.se,https://www.allabolag.se/foretag/katrineholms-hemelektronik-ab/katrineholm/-/2K2FB9VI5YDOW,ddg,low,hitta_orgnr:hitta_no_url_found | hitta_name:hitta_no_next_data | mojeek_skipped_rate_limited | brave_skipped_rate_limited | ddg_candidates:10 | ddg_picked:katrineholm-sodermanland.cylex.se(score=14)
559337-9208,AB Rajala Design / VB. Rajala Design,AB Rajala Design,Trädgård,Trädgårdsanläggningar,Trädgårdsanläggningar; Entreprenörer; Byggmästare; Parkanläggningar,Stockholm,Botkyrka,Tullinge,146 50,Dymmelkärrsvägen 31,5371000,2025-12,sweet_spot,true,5,,073-5665810,vilho@vbrajaladesign.se,http://www.vbrajaladesign.se/,http://www.vbrajaladesign.se/,https://www.allabolag.se/foretag/ab-rajala-design-vb-rajala-design/botkyrka/-/2KI5J0OI5YI51,already_present,,
556795-5496,HEI Hemelektronikinstallatörerna i Karlstad AB,HEI Hemelektronikinstallatörerna i Karlstad AB,Hemelektronik,Reparatörer,Reparatörer,Värmland,Karlstad,Karlstad,653 36,Gräsdalsgatan 8,5362000,2025-12,sweet_spot,true,3,,,,,,https://www.allabolag.se/foretag/hei-hemelektronikinstallatorerna-i-karlstad-ab/karlstad/-/2K30LYGI63IK7,not_found,,hitta_orgnr:hitta_no_url_found | hitta_name:hitta_no_next_data | mojeek_skipped_rate_limited | brave_skipped_rate_limited | ddg_candidates:10 | ddg_no_name_match
556477-1334,Puff AB,Puff Aktiebolag,Leksaker,"Branschorganisationer, näringslivsorganisationer","Branschorganisationer, näringslivsorganisationer; Privat tjänsteutövning",Skåne,Höör,Höör,243 93,Pumpvägen 4,5342000,2025-03,sweet_spot,true,1,,0705575505,info@puff.se,http://www.puff.se,http://www.puff.se,https://www.allabolag.se/foretag/puff-ab/hoor/-/2K14D1II5YD8A,already_present,,
556102-3945,Skyltpoolen Region Väst Aktiebolag,Skyltpoolen Region Väst Aktiebolag,Hälsokost,"Metaller, legeringar","Metaller, legeringar; Metaller, legeringar - Produktion; Producenter; Byggmästare; Gummi och plastprodukter - tillverkning; Elmateriel; Grossister",Västra Götaland,Göteborg,Göteborg,417 55,Bror Nilssons Gata 8,5336000,2024-12,sweet_spot,true,4,,031517555,,,https://www.skyltpoolen.se,https://www.allabolag.se/foretag/skyltpoolen-region-vast-aktiebolag/goteborg/-/2JYW1JDI5YGAN,ddg,low,hitta_orgnr:hitta_no_url_found | hitta_name:hitta_no_next_data | mojeek_skipped_rate_limited | brave_skipped_rate_limited | ddg_candidates:10 | ddg_picked:skyltpoolen.se(score=14)
556562-5729,Solblomman Mode Aktiebolag,Solblomman Mode Aktiebolag,Mode,Konfektion,"Konfektion; Butikshandel; Detaljhandel; Kläder, skor",Dalarna,Leksand,Leksand,793 30,Norsgatan 19,5287000,2024-12,sweet_spot,true,3,,024712900,,,http://www.solblommanmode.se/,https://www.allabolag.se/foretag/solblomman-mode-aktiebolag/leksand/-/2K1MOAPI63II4,hitta_orgnr,high,hitta_orgnr:hitta_detail | hitta_orgnr:https://www.hitta.se/solblomman-mode-ab/borl%C3%A4nge/mtxjjpsyz | hitta_orgnr:orgnr_match | hitta_orgnr:url_in_own_segment
556492-3968,Knulp Sko Aktiebolag,Knulp Sko Aktiebolag,Skor,Skor,"Skor - detaljister; Detaljhandel; Butikshandel; Kläder, skor; Skor; Skor och tillbehör - produktion; Producenter",Stockholm,Stockholm,Stockholm,111 22,Kungsgatan 53,5254000,2024-12,sweet_spot,true,2,,08210769,,,https://knulp.se,https://www.allabolag.se/foretag/knulp-sko-aktiebolag/stockholm/-/2K17MTCI5YHGY,ddg,low,hitta_orgnr:hitta_no_url_found | hitta_name:hitta_no_url_found | mojeek_skipped_rate_limited | brave_skipped_rate_limited | ddg_candidates:10 | ddg_picked:knulp.se(score=14)
556816-5723,Smyckestudion i Degerfors AB,Smyckestudion i Degerfors AB,Smycken,"Guld, silver, ädelstenar","Guld, silver, ädelstenar; Producenter; Agenturhandel-övrig; Agenturer",Örebro,Karlskoga,Karlskoga,691 31,Bergsmansgatan 7 b,5222000,2024-12,sweet_spot,true,2,,,,,http://www.smyckestudion.se/,https://www.allabolag.se/foretag/smyckestudion-i-degerfors-ab/karlskoga/-/2K35463I5YEJN,hitta_orgnr,high,hitta_orgnr:hitta_detail | hitta_orgnr:https://www.hitta.se/smyckestudion+i+degerfors+ab/karlskoga/ccguuzzh | hitta_orgnr:orgnr_match | hitta_orgnr:url_in_own_segment
556942-7106,Skomakeriet Hans Petersson AB,Skomakeriet Hans Petersson AB,Skor,Skor,Skor; Läder och lädervaror; Reparatörer; Konfektion; Kläder; Grossister,Jönköping,Värnamo,Värnamo,331 54,Apelsinvägen 18,5175000,2025-08,sweet_spot,true,2,,,,,https://skomakeriet.nu/,https://www.allabolag.se/foretag/skomakeriet-hans-petersson-ab/varnamo/-/2K3W5GII5YHGY,hitta_orgnr,high,hitta_orgnr:hitta_detail | hitta_orgnr:https://www.hitta.se/skomakeriet-hans-petersson-ab/v%C3%A4rnamo/ccsvzflop | hitta_orgnr:orgnr_match | hitta_orgnr:url_in_own_segment
556707-3662,Irenes Hälsokost AB,Irenes Hälsokost AB,Hälsokost,Livsmedel,"Livsmedel; Hälsokost, naturläkemedel; Detaljhandel; Butikshandel",Värmland,Eda,Charlottenberg,673 32,Helga Görlins Gata 1,5154000,2024-12,sweet_spot,true,2,,,,,http://www.halsokraft.se,https://www.allabolag.se/foretag/irenes-halsokost-ab/eda/-/2K2HPJ2I5YFWD,hitta_orgnr,high,hitta_orgnr:hitta_detail | hitta_orgnr:https://www.hitta.se/irenes+h%C3%A4lsokost+ab/charlottenberg/npquemmgo | hitta_orgnr:orgnr_match | hitta_orgnr:url_in_own_segment
556954-5857,Toro Färg & Heminredning AB,Toro Färg & Heminredning AB,Heminredning,"Färger, lacker, tapeter","Färger, lacker, tapeter; Detaljhandel; Butikshandel; Möbler, inredning, kök- och belysningsutrustning",Västra Götaland,Tidaholm,Tidaholm,522 30,Skogsholmsvägen 3,5136000,2025-12,sweet_spot,true,3,,,,,https://www.torofarg.se,https://www.allabolag.se/foretag/toro-farg-och-heminredning-ab/tidaholm/-/2K3YP35I5YE61,ddg,low,hitta_orgnr:hitta_no_url_found | hitta_name:hitta_no_next_data | mojeek_skipped_rate_limited | brave_skipped_rate_limited | ddg_candidates:10 | ddg_picked:torofarg.se(score=14)
559515-6885,Svenska Skalhus AB,Svenska Skalhus AB,Mode,Trävaror - produktion,Trävaror - produktion; Byggmästare; Trävaror; Producenter,,,,,,5111000,2025-12,sweet_spot,true,0,,010-650 00 93,kontakt@svenskaskalhus.se,https://svenskaskalhus.se/,https://svenskaskalhus.se/,https://www.allabolag.se/foretag/svenska-skalhus-ab/-/-/2KJ7MOLI63IL3,already_present,,
556800-6992,Geovektor Aktiebolag,Geovektor Aktiebolag,Trädgård,"Mätinstrument, testutrustningar","Mätinstrument, testutrustningar; Trädgårdsanläggningar; Konsulter; Teknikkonsulter; Uthyrning; Lantbruksmaskiner, förnödenheter; Parkanläggningar",,,,,,5107000,2024-12,sweet_spot,true,2,,08-56021088,,,http://www.geovektor.se/,https://www.allabolag.se/foretag/geovektor-aktiebolag/-/-/2K31POWI5YGJ4,hitta_orgnr,high,hitta_orgnr:hitta_detail | hitta_orgnr:https://www.hitta.se/geovektor+ab/eker%C3%B6/mtvicmqrs | hitta_orgnr:orgnr_match | hitta_orgnr:url_in_own_segment
556725-6275,Almén Cosmetic Group AB,Almén Cosmetic Group AB,Kosmetika,"Kemikalier, industrikemikalier - tillverkning","Kemikalier, industrikemikalier - tillverkning; Kemikalier, industrikemikalier; Producenter; Kosmetik, parfym och frisörartiklar; Kosmetik - tillverkare och grossister; Grossister",Halland,Halmstad,Halmstad,302 41,Olofsdalsvägen 27,24862000,2025-08,in_band,true,21,,03535525,,,,https://www.allabolag.se/foretag/alm-n-cosmetic-group-ab/halmstad/-/2K2LMFNI63IHZ,not_found,,hitta_orgnr:hitta_no_url_found | hitta_name:hitta_no_next_data | mojeek_skipped_rate_limited | brave_skipped_rate_limited | ddg_candidates:10 | ddg_no_name_match
556634-4767,R.A Trädgård & Markservice AB,R.A Trädgård & Markservice AB,Trädgård,Trädgårdsanläggningar,Trädgårdsanläggningar; Parkanläggningar; Uthyrning; Arbetskraftstjänster; Fastighetsförvaltning,Stockholm,Haninge,HANDEN,13644,Hantverkarvägen 33,24862000,2025-04,in_band,true,27,,08-7760099,info@ratradgard.se,https://www.ratradgard.se,https://www.ratradgard.se,https://www.allabolag.se/foretag/r-a-tradgard-och-markservice-ab/haninge/-/2K2233ZI5YI51,already_present,,
556265-6636,Broby Modellindustri Aktiebolag,BROBY INDUSTRIAL MODELS AB,Mode,Mekaniska verkstäder,Mekaniska verkstäder; Verktyg och redskap; Verktyg och redskap - tillverkning; Producenter,Skåne,Östra Göinge,Broby,289 42,Verkstadsgatan 14,24816000,2025-12,in_band,true,16,,044-45680,info@brobymodell.se,https://brobymodell.se/,https://brobymodell.se/,https://www.allabolag.se/foretag/broby-modellindustri-aktiebolag/ostra-goinge/-/2JZV1BWI5YG9P,already_present,,
559151-7353,VLP Bygg & Markentreprenad AB,VLP Bygg & Markentreprenad AB,Trädgård,"Markentreprenörer, anläggningsentreprenörer","Markentreprenörer, anläggningsentreprenörer; Byggmästare; Parkanläggningar; Jordbruk; Jordbruk - odling och djurhållning; Teknisk provning och analys; Facklig, vetenskaplig och teknisk verksamhet",,,,,,24778000,2025-07,in_band,true,25,,0737436532,post@vlpent.se,https://www.vlpent.se/,https://www.vlpent.se/,https://www.allabolag.se/foretag/vlp-bygg-och-markentreprenad-ab/-/-/2KH1MEHI5YG4F,already_present,,
556244-0544,Actor Produktion Aktiebolag,Actor Produktion Aktiebolag,Kosmetika,"Kosmetik, parfym och frisörartiklar","Kosmetik, parfym och frisörartiklar; Kosmetik - tillverkare och grossister; Grossister; Hudvårdsprodukter",Stockholm,Stockholm,Stockholm,120 63,Hammarby Allé 87,24719000,2025-04,in_band,true,15,,,,,https://actorab.se,https://www.allabolag.se/foretag/actor-produktion-aktiebolag/stockholm/-/2JZQELCI63IIB,ddg,low,hitta_orgnr:hitta_no_url_found | hitta_name:hitta_no_url_found | mojeek_skipped_rate_limited | brave_skipped_rate_limited | ddg_candidates:10 | ddg_picked:actorab.se(score=14)
556427-6730,SC Johnson Professional AB,SC Johnson Professional AB,Kosmetika,"Kosmetik, parfym och frisörartiklar","Kosmetik, parfym och frisörartiklar; Kosmetik - tillverkare och grossister; Grossister",Stockholm,Stockholm,Stockholm,120 30,Textilgatan 31,24662000,2025-06,in_band,true,5,,031165050,,,,https://www.allabolag.se/foretag/sc-johnson-professional-ab/stockholm/-/2K0TREII63IIB,not_found,,hitta_orgnr:hitta_no_url_found | hitta_name:hitta_no_next_data | mojeek_skipped_rate_limited | brave_skipped_rate_limited | ddg_candidates:10 | ddg_no_name_match
556934-8591,JHN Sport,JHN Trading AB,Kläder,Kläder,Kläder; Detaljhandel - annat; Detaljhandel; Postorder/e-handel,Västmanland,Västerås,Skultuna,726 30,Tibblevägen 21,24626000,2025-05,in_band,true,4,,02170035,info@jhnsport.se,https://www.jhnsport.se/,https://www.jhnsport.se/,https://www.allabolag.se/foretag/jhn-sport/vasteras/-/2K3UGVJI5YEZD,already_present,,
559154-0447,MM Skincare AB,MM Skincare AB,Kosmetika,"Kosmetik, parfym och frisörartiklar","Kosmetik, parfym och frisörartiklar; Kosmetik - tillverkare och grossister; Grossister",Stockholm,Ekerö,Ekerö,178 31,Bryggavägen 133,24559000,2025-04,in_band,true,10,,,,,https://mmskincare.se,https://www.allabolag.se/foretag/mm-skincare-ab/ekero/-/2KH247ZI63IIB,ddg,medium,hitta_orgnr:hitta_no_url_found | hitta_name:hitta_no_next_data | mojeek_skipped_rate_limited | brave_skipped_rate_limited | ddg_candidates:10 | ddg_picked:mmskincare.se(score=22)
556660-5274,Vision Haircare AB,Vision Haircare AB,Kosmetika,"Kosmetik, parfym och frisörartiklar","Kosmetik, parfym och frisörartiklar; Kosmetik - tillverkare och grossister; Grossister",Halland,Varberg,Varberg,432 32,Batterivägen 3,24557000,2025-08,in_band,true,7,,,,,https://visionhaircare.com,https://www.allabolag.se/foretag/vision-haircare-ab/varberg/-/2K27O4AI63IIB,ddg,medium,hitta_orgnr:hitta_no_url_found | hitta_name:hitta_no_next_data | mojeek_skipped_rate_limited | brave_skipped_rate_limited | ddg_candidates:12 | ddg_picked:visionhaircare.com(score=20)
556345-3421,Leksakshuset i Arboga Aktiebolag,Leksakshuset i Arboga Aktiebolag,Leksaker,"Spel, nöjesanläggningsutrustningar","Spel, nöjesanläggningsutrustningar; Butikshandel; Detaljhandel",Västmanland,Köping,Köping,731 30,Stora Gatan 12,24180000,2025-08,in_band,true,7,,022171420,,,https://leksakshuset.com,https://www.allabolag.se/foretag/leksakshuset-i-arboga-aktiebolag/koping/-/2K0C44TI5YHPS,ddg,low,hitta_orgnr:hitta_no_url_found | hitta_name:hitta_no_next_data | mojeek_skipped_rate_limited | brave_skipped_rate_limited | ddg_candidates:10 | ddg_picked:leksakshuset.com(score=12)
556586-4260,Trädgård & Anläggning I Sundsvall Aktiebolag,Trädgård & Anläggning I Sundsvall Aktiebolag,Trädgård,Entreprenörer,Entreprenörer; Byggmästare; Parkanläggningar,Västernorrland,Sundsvall,Sundsvall,857 52,Tvåspannsvägen 6,24155000,2024-12,in_band,true,35,,,,,https://www.tradgardanlaggning.se,https://www.allabolag.se/foretag/tradgard-och-anlaggning-i-sundsvall-aktiebolag/sundsvall/-/2K1RSCKI63IFX,ddg,medium,hitta_orgnr:hitta_no_url_found | hitta_name:hitta_no_url_found | mojeek_skipped_rate_limited | brave_skipped_rate_limited | ddg_candidates:11 | ddg_picked:tradgardanlaggning.se(score=22)
556725-4940,Andrésens Skog & Trädgård AB,Andrésens Skog & Trädgård AB,Trädgård,Virke och byggvaror,Virke och byggvaror; Detaljhandel; Butikshandel,Västra Götaland,Tanum,Tanumshede,457 91,Knäm 52,24142000,2025-08,in_band,true,4,,,,,https://www.andresenab.se,https://www.allabolag.se/foretag/andr-sens-skog-och-tradgard-ab/tanum/-/2K2LLEKI63IUI,ddg,low,hitta_orgnr:hitta_no_url_found | hitta_name:hitta_no_next_data | mojeek_skipped_rate_limited | brave_skipped_rate_limited | ddg_candidates:10 | ddg_picked:andresenab.se(score=14)
556998-1367,Vansta Trädgård Scandinavia AB,Vansta Trädgård Scandinavia AB,Trädgård,"Metaller, legeringar","Metaller, legeringar; Metaller, legeringar - Produktion; Producenter",Stockholm,Stockholm,Stockholm,113 40,Rörstrandsgatan 44,24079000,2024-12,in_band,true,6,,,,,http://www.vanstatradgard.se/,https://www.allabolag.se/foretag/vansta-tradgard-scandinavia-ab/stockholm/-/2K4814NI5YGAN,hitta_orgnr,high,hitta_orgnr:hitta_detail | hitta_orgnr:https://www.hitta.se/vansta+tr%C3%A4dg%C3%A5rd+scandinavia+ab/stockholm/lnryicryz | hitta_orgnr:orgnr_match | hitta_orgnr:url_in_own_segment
556469-4981,Cansocks AB,Cansocks AB,Skor,Skor,Konfektion; Kläder - produktion; Producenter; Skor; Skor och tillbehör - produktion,Västra Götaland,Borås,Dalsjöfors,516 31,Stationsvägen 2,24062000,2024-12,in_band,true,15,,,,,http://www.cansocks.se,https://www.allabolag.se/foretag/cansocks-ab/boras/-/2K12Q4LI5YHGY,ddg,medium,hitta_orgnr:hitta_no_url_found | hitta_name:hitta_no_next_data | mojeek_skipped_rate_limited | brave_skipped_rate_limited | ddg_candidates:10 | ddg_picked:cansocks.se(score=22)
556686-7080,Kabbarps Trädgård AB,Kabbarps Trädgård AB,Trädgård,Jordbruk,Jordbruk; Jordbruk - odling,Skåne,Burlöv,Åkarp,232 52,Kabbarps Smedjeväg 37,23878000,2024-12,in_band,true,15,,040460393,,,https://www.kabbarp.se/,https://www.allabolag.se/foretag/kabbarps-tradgard-ab/burlov/-/2K2DA4OI63IHJ,hitta_orgnr,high,hitta_orgnr:hitta_detail | hitta_orgnr:https://www.hitta.se/kabbarps+tr%C3%A4dg%C3%A5rd+ab/%C3%A5karp/cmqsehhlc | hitta_orgnr:orgnr_match | hitta_orgnr:url_in_own_segment
556644-1316,Leksaksaffären i Skellefteå AB,Leksaksaffären i Skellefteå AB,Leksaker,"Spel, nöjesanläggningsutrustningar","Spel, nöjesanläggningsutrustningar; Butikshandel; Detaljhandel",Västerbotten,Skellefteå,Skellefteå,931 31,Nygatan 50,23855000,2025-04,in_band,true,10,,,,,https://www.lekia.se/,https://www.allabolag.se/foretag/leksaksaffaren-i-skelleftea-ab/skelleftea/-/2K245LWI5YHPS,hitta_orgnr,high,hitta_orgnr:hitta_detail | hitta_orgnr:https://www.hitta.se/lekia/skellefte%C3%A5/aqxzhgptu | hitta_orgnr:orgnr_match | hitta_orgnr:url_in_own_segment
556661-8392,MK Trädgård AB,Micke & Kent Trädgård Aktiebolag,Trädgård,Trädgårdsanläggningar,Trädgårdsanläggningar; Parkanläggningar,Stockholm,Sollentuna,SOLLENTUNA,191 24,Fridshyddevägen 2,23847000,2025-06,in_band,true,16,,08-358240,info@mktradgard.se,http://www.mktradgard.se,http://www.mktradgard.se,https://www.allabolag.se/foretag/mk-tradgard-ab/sollentuna/-/2K27Y8OI5YI51,already_present,,
556439-4558,Erik Nordins Eftr. Cykel & Sport AB,Erik Nordins Eftr. Cykel & Sport Aktiebolag,Sport,Sport,Sport; Detaljhandel; Butikshandel,Örebro,Örebro,Örebro,703 83,Stångjärnsgatan 12,23842000,2024-12,in_band,true,7,,019 25 11 11,info@eriknordins.se,https://www.eriknordins.se/,https://www.eriknordins.se/,https://www.allabolag.se/foretag/erik-nordins-eftr-cykel-och-sport-ab/orebro/-/2K0WABII5YHR6,already_present,,
559218-1274,Värnamo Skog & Trädgård AB,Värnamo Skog & Trädgård AB,Trädgård,Järnvaror,Järnvaror; Detaljhandel; Butikshandel,Jönköping,Värnamo,Värnamo,331 53,Vitarörsvägen 2,23820000,2025-02,in_band,true,6,,,,,https://www.varnamoskog.se,https://www.allabolag.se/foretag/varnamo-skog-och-tradgard-ab/varnamo/-/2KHFUOQI5YEU5,ddg,low,hitta_orgnr:hitta_no_url_found | hitta_name:hitta_no_next_data | mojeek_skipped_rate_limited | brave_skipped_rate_limited | ddg_candidates:10 | ddg_picked:varnamoskog.se(score=14)
559039-1099,Emengo International AB,Emengo International AB,Kosmetika,Livsmedel,"Livsmedel; Livsmedel - agenturer och grossister; Grossister; Kosmetik, parfym och frisörartiklar; Kosmetik - tillverkare och grossister; Detaljhandel - annat; Detaljhandel; Postorder/e-handel",Kronoberg,Växjö,Växjö,352 64,Tycho Brahes Väg 4,23394000,2024-12,in_band,true,3,,,,,https://emengo.se,https://www.allabolag.se/foretag/emengo-international-ab/vaxjo/-/2KGDHDNI5YFWD,ddg,low,hitta_orgnr:hitta_no_url_found | hitta_name:hitta_no_next_data | mojeek_skipped_rate_limited | brave_skipped_rate_limited | ddg_candidates:10 | ddg_picked:emengo.se(score=14)
559286-0844,Lindbergs Trädgård AB,Lindbergs Trädgård AB,Trädgård,Jordbruk,Jordbruk; Jordbruk - odling,Skåne,Malmö,Oxie,238 41,Råvägen 30,23368000,2024-12,in_band,true,5,,,,,https://lindbergstradgardsbyra.se,https://www.allabolag.se/foretag/lindbergs-tradgard-ab/malmo/-/2KHUF1OI63IHJ,ddg,medium,hitta_orgnr:hitta_no_url_found | hitta_name:hitta_no_next_data | mojeek_skipped_rate_limited | brave_skipped_rate_limited | ddg_candidates:10 | ddg_picked:lindbergstradgardsbyra.se(score=22)
556460-9427,Anders och Patriks Leksaker AB,Anders och Patriks Leksaker AB,Leksaker,"Spel, nöjesanläggningsutrustningar","Spel, nöjesanläggningsutrustningar; Butikshandel; Detaljhandel; Detaljhandel - annat; Butikshandel -övrigt",Västra Götaland,Uddevalla,Uddevalla,451 76,Torp 72 Torp Köpcentrum,23093000,2024-12,in_band,true,7,,052288520,,,https://www.lekia.se/butiker/uddevalla-torp-lekia-och-babya,https://www.allabolag.se/foretag/anders-och-patriks-leksaker-ab/uddevalla/-/2K10W43I5YHPS,hitta_orgnr,high,hitta_orgnr:hitta_detail | hitta_orgnr:https://www.hitta.se/lekia-uddevalla/uddevalla/kntddfhk | hitta_orgnr:orgnr_match | hitta_orgnr:url_in_own_segment
559183-9377,Macken Burlöv AB,Macken Burlöv AB,Smycken,Livsmedel,Livsmedel; Butikshandel,Skåne,Burlöv,Arlöv,232 35,Arlövsvägen 36,23057000,2024-12,in_band,true,10,,,,,https://macken.se,https://www.allabolag.se/foretag/macken-burlov-ab/burlov/-/2KH8IVLI5YFWD,ddg,low,hitta_orgnr:hitta_no_url_found | hitta_name:hitta_no_next_data | mojeek_skipped_rate_limited | brave_skipped_rate_limited | ddg_candidates:10 | ddg_picked:macken.se(score=14)
556083-0381,Aktiebolaget C.R. Malms Trädgårdsanläggningar,Aktiebolaget C.R. Malms Trädgårdsanläggningar,Trädgård,Byggmästare,Byggmästare; Jordbruk; Jordbruk - andra tjänster,Stockholm,Järfälla,Järfälla,177 41,Åkervägen 10,22785000,2024-08,in_band,true,13,,,,,,https://www.allabolag.se/foretag/aktiebolaget-c-r-malms-tradgardsanlaggningar/jarfalla/-/2JYRW6LI5YDDT,not_found,,hitta_orgnr:hitta_no_url_found | hitta_name:hitta_no_next_data | mojeek_skipped_rate_limited | brave_skipped_rate_limited | ddg_candidates:10 | ddg_no_name_match
556738-9126,Mediconline Sverige AB,Mediconline Sverige AB,Kosmetika,"Kosmetik, parfym och frisörartiklar","Kosmetik, parfym och frisörartiklar; Kosmetik - tillverkare och grossister; Grossister; Apoteksvaror, läkemedel - Partihandel; Apoteksvaror, läkemedel - Distribution",,,,,,22608000,2024-12,in_band,true,7,,,info@mediconline.se,https://www.mediconline.se/,https://www.mediconline.se/,https://www.allabolag.se/foretag/mediconline-sverige-ab/-/-/2K2OGXYI63IIB,already_present,,
559025-5633,Jofrab Skog och Trädgård AB,Jofrab Skog och Trädgård AB,Trädgård,"Lantbruksmaskiner, förnödenheter - grossist","Lantbruksmaskiner, förnödenheter - grossist; Lantbruksmaskiner, förnödenheter; Grossister; Maskinförnödenheter",Jönköping,Tranås,Tranås,573 31,Floragatan 6,22527000,2024-12,in_band,true,7,,,,,https://www.jofrab.se,https://www.allabolag.se/foretag/jofrab-skog-och-tradgard-ab/tranas/-/2KGAKUPI63IIH,ddg,low,hitta_orgnr:hitta_no_url_found | hitta_name:hitta_no_url_found | mojeek_skipped_rate_limited | brave_skipped_rate_limited | ddg_candidates:10 | ddg_picked:jofrab.se(score=14)
559279-6600,Ingvallstorps Trädgård AB,Ingvallstorps Trädgård AB,Trädgård,"Blommor, växter och tillbehör","Blommor, växter och tillbehör; Detaljhandel; Butikshandel; Jordbruk; Jordbruk - odling; Sport; Jordbruk - odling och djurhållning; Antikviteter",Södermanland,Katrineholm,Katrineholm,641 93,Ingvallstorp 1,22484000,2024-12,in_band,true,19,,,,,,https://www.allabolag.se/foretag/ingvallstorps-tradgard-ab/katrineholm/-/2KHT1H4I63IUK,not_found,,hitta_orgnr:hitta_no_url_found | hitta_name:hitta_no_next_data | mojeek_skipped_rate_limited | brave_skipped_rate_limited | ddg_candidates:10 | ddg_no_name_match
556603-1570,TrädgårdsAnläggning i Sjuhärad AB,TrädgårdsAnläggning i Sjuhärad AB,Trädgård,Byggmästare,Byggmästare,Västra Götaland,Borås,Borås,506 30,Skaraborgsvägen 35 e,22477000,2024-12,in_band,true,7,,0704960911,,,,https://www.allabolag.se/foretag/tradgardsanlaggning-i-sjuharad-ab/boras/-/2K1VDG2I5YDDT,not_found,,hitta_orgnr:hitta_no_url_found | hitta_name:hitta_no_next_data | mojeek_skipped_rate_limited | brave_skipped_rate_limited | ddg_candidates:10 | ddg_no_name_match
556684-4691,Grönberg & Partners AB,Grönberg & Partners AB,Kosmetika,"Kosmetik, parfym och frisörartiklar","Kosmetik, parfym och frisörartiklar; Kosmetik - tillverkare och grossister; Grossister",Stockholm,Täby,Täby,187 53,Agronomvägen 2,22359000,2024-12,in_band,true,6,,087323600,,,http://gronbergpartners.se,https://www.allabolag.se/foretag/gronberg-och-partners-ab/taby/-/2K2CSURI63IIB,hitta_orgnr,high,hitta_orgnr:hitta_detail | hitta_orgnr:https://www.hitta.se/gr%C3%B6nberg+och+partners+ab/t%C3%A4by/fikcrxxja | hitta_orgnr:orgnr_match | hitta_orgnr:url_in_own_segment
556646-4730,Novacos AB,Novacos AB,Kosmetika,"Kosmetik, parfym och frisörartiklar","Kosmetik, parfym och frisörartiklar; Kosmetik - tillverkare och grossister; Grossister",Skåne,Helsingborg,Rydebäck,257 30,Landskronavägen 729,22343000,2024-12,in_band,true,3,,,,,https://www.novacos-law.com,https://www.allabolag.se/foretag/novacos-ab/helsingborg/-/2K24NOAI63IIB,ddg,medium,hitta_orgnr:hitta_no_url_found | hitta_name:hitta_no_next_data | mojeek_skipped_rate_limited | brave_skipped_rate_limited | ddg_candidates:10 | ddg_picked:novacos-law.com(score=20)
556354-7883,Skinnarnas Blommor och Trädgård AB,Skinnarnas Blommor och Trädgård AB,Trädgård,Jordbruk,"Jordbruk; Jordbruk - odling; Blommor, växter och tillbehör; Detaljhandel; Butikshandel",Kronoberg,Ljungby,Ljungby,341 42,Skinnarevägen 2,22247000,2024-12,in_band,true,11,,037213980,,,https://skinnarnas.nu/,https://www.allabolag.se/foretag/skinnarnas-blommor-och-tradgard-ab/ljungby/-/2K0E50RI63IHJ,hitta_orgnr,high,hitta_orgnr:hitta_detail | hitta_orgnr:https://www.hitta.se/skinnarnas-blommor-och-tradgard/ljungby/jkcosxang | hitta_orgnr:orgnr_match | hitta_orgnr:url_in_own_segment
556687-2015,Pole & Position Technology AB,Pole & Position Technology AB,Hudvård,"Kemiska, kemisk-tekniska produkter","Kemiska, kemisk-tekniska produkter; Oljor, oljeprodukter; Skyddsutrustningar; Kemikalier, industrikemikaleier - grossist; Grossister",Jönköping,Gislaved,Smålandsstenar,333 31,Idrottsg. 6,21996000,2024-12,in_band,true,21,,0371 38077,info@p-p.se,http://www.p-p.se,http://www.p-p.se,https://www.allabolag.se/foretag/pole-och-position-technology-ab/gislaved/-/2K2DDXRI5YEY9,already_present,,
556417-7821,Dala Trädgårds Aktiebolag,Dala Trädgårds Aktiebolag,Trädgård,Entreprenörer,Entreprenörer; Byggmästare; Brytning och gruvdrift; Sten,Dalarna,Borlänge,Borlänge,781 73,Tunavägen 284,21910000,2024-12,in_band,true,10,,0243223170,,,https://dalatradvard.se,https://www.allabolag.se/foretag/dala-tradgards-aktiebolag/borlange/-/2K0RN31I63IFX,ddg,low,hitta_orgnr:hitta_no_url_found | hitta_name:hitta_no_url_found | mojeek_skipped_rate_limited | brave_skipped_rate_limited | ddg_candidates:10 | ddg_picked:dalatradvard.se(score=14)
556456-5256,Trädgårds- och Idrottsanläggningsservice i Vaxholm Aktiebolag,Trädgårds- och Idrottsanläggningsservice i Vaxholm Aktiebolag,Trädgård,Parkanläggningar,Parkanläggningar,Stockholm,Vaxholm,Vaxholm,,,21879000,2025-06,in_band,true,10,,,,,https://www.tiavaxholm.se/,https://www.allabolag.se/foretag/tradgards-och-idrottsanlaggningsservice-i-vaxholm-aktiebolag/vaxholm/-/2K0ZY14I63IJW,hitta_orgnr,high,hitta_orgnr:hitta_detail | hitta_orgnr:https://www.hitta.se/tradgards-och-idrottsanlaggning/vaxholm/jaoxzikop | hitta_orgnr:orgnr_match | hitta_orgnr:url_in_own_segment
556673-3407,Mycke Cyklar i Stockholm AB,Mycke Cyklar i Stockholm AB,Smycken,Sport,Sport; Detaljhandel; Butikshandel,Stockholm,Stockholm,Stockholm,116 40,Södermannagatan 46,21761000,2024-12,in_band,true,7,,08360608,,,,https://www.allabolag.se/foretag/mycke-cyklar-i-stockholm-ab/stockholm/-/2K2AEZJI5YHR6,not_found,,hitta_orgnr:hitta_no_url_found | hitta_name:hitta_no_next_data | mojeek_skipped_rate_limited | brave_skipped_rate_limited | ddg_candidates:11 | ddg_no_name_match
556800-0441,Leksakshuset i Engelbrektgalleria AB,Leksakshuset i Engelbrektgalleria AB,Leksaker,"Spel, nöjesanläggningsutrustningar","Spel, nöjesanläggningsutrustningar; Butikshandel; Detaljhandel; Detaljhandel - annat; Butikshandel -övrigt",Dalarna,Ludvika,Ludvika,771 30,Storgatan 15,21744000,2025-04,in_band,true,8,,,,,https://leksakshuset.com,https://www.allabolag.se/foretag/leksakshuset-i-engelbrektgalleria-ab/ludvika/-/2K31KMXI5YHPS,ddg,low,hitta_orgnr:hitta_no_url_found | hitta_name:hitta_no_next_data | mojeek_skipped_rate_limited | brave_failed:HTTP 429 for https://search.brave.com/search?q=Leksakshuset%20i%20Engelbrektgalleria%20AB%20hemsida | ddg_candidates:10 | ddg_picked:leksakshuset.com(score=12)
556205-9955,Smycka AB,Smycka AB,Smycken,"Klockor, ur","Klockor, ur; Guld, silver, ädelstenar; Grossister",Värmland,Karlstad,Karlstad,652 26,Kanikenäsbanken 6,21638000,2025-04,in_band,true,7,,0547690100,,,https://www.smycka.se,https://www.allabolag.se/foretag/smycka-ab/karlstad/-/2JZI8XFI5YEZ0,ddg,medium,hitta_orgnr:hitta_no_url_found | hitta_name:hitta_no_next_data | mojeek_skipped_rate_limited | brave_skipped_rate_limited | ddg_candidates:11 | ddg_picked:smycka.se(score=22)
556449-6551,Mickes Skog & Trädgård i Hällefors Aktiebolag,Mickes Skog & Trädgård i Hällefors Aktiebolag,Trädgård,Järnvaror,Järnvaror; Detaljhandel; Butikshandel,Örebro,Hällefors,Hällefors,712 34,Köpmannavägen 6,21369000,2025-12,in_band,true,8,,,,,http://www.mickesskog.se,https://www.allabolag.se/foretag/mickes-skog-och-tradgard-i-hallefors-aktiebolag/hallefors/-/2K0YH0NI5YEU5,ddg,low,hitta_orgnr:hitta_no_url_found | hitta_name:hitta_no_next_data | mojeek_skipped_rate_limited | brave_skipped_rate_limited | ddg_candidates:10 | ddg_picked:mickesskog.se(score=14)
556590-6798,Kavat Kosmetikutveckling Aktiebolag,Kavat Kosmetikutveckling Aktiebolag,Kosmetika,"Kosmetik, parfym och frisörartiklar","Kosmetik, parfym och frisörartiklar; Kosmetik - tillverkare och grossister; Grossister",Halland,Kungsbacka,Billdal,427 50,Kungsporten 4 e,21225000,2024-12,in_band,true,3,,031914610,,,http://www.kavatkosmetik.com,https://www.allabolag.se/foretag/kavat-kosmetikutveckling-aktiebolag/kungsbacka/-/2K1SP66I63IIB,ddg,low,hitta_orgnr:hitta_no_url_found | hitta_name:hitta_no_next_data | mojeek_skipped_rate_limited | brave_skipped_rate_limited | ddg_candidates:10 | ddg_picked:kavatkosmetik.com(score=12)
559408-0151,Postordergruppen i Göteborg AB,Postordergruppen i Göteborg AB,Postorder,Detaljhandel - annat,Detaljhandel - annat; Detaljhandel; Postorder/e-handel,Västra Götaland,Göteborg,Torslanda,423 63,Högenvägen 156,20999000,2024-12,in_band,true,1,,,,,,https://www.allabolag.se/foretag/postordergruppen-i-goteborg-ab/goteborg/-/2KIKJVBI63ILV,not_found,,hitta_orgnr:hitta_no_url_found | hitta_name:hitta_no_next_data | mojeek_skipped_rate_limited | brave_skipped_rate_limited | ddg_candidates:10 | ddg_no_name_match
556841-8429,Kröns Trädgård AB,Kröns Trädgård AB,Trädgård,"Blommor, växter och tillbehör","Blommor, växter och tillbehör; Detaljhandel; Butikshandel; Jordbruk; Jordbruk - odling",Stockholm,Norrtälje,Väddö,764 91,Hammarbyvägen 1,20981000,2025-12,in_band,true,16,,,,,http://www.kronstradgard.se/,https://www.allabolag.se/foretag/krons-tradgard-ab/norrtalje/-/2K3AJ5PI63IUK,hitta_orgnr,high,hitta_orgnr:hitta_detail | hitta_orgnr:https://www.hitta.se/kr%C3%B6ns+tr%C3%A4dg%C3%A5rd+ab/v%C3%A4dd%C3%B6/hlqvvxdl | hitta_orgnr:orgnr_match | hitta_orgnr:url_in_own_segment
556854-0073,Florim Trädgård & Service AB,Florim Trädgård & Service AB,Trädgård,Parkanläggningar,Parkanläggningar,Skåne,Båstad,Båstad,269 91,Svenstadsvägen 275,20706000,2025-12,in_band,true,16,,0704870021,,,https://florim.se,https://www.allabolag.se/foretag/florim-tradgard-och-service-ab/bastad/-/2K3D50PI63IJW,ddg,low,hitta_orgnr:hitta_no_url_found | hitta_name:hitta_no_next_data | mojeek_skipped_rate_limited | brave_skipped_rate_limited | ddg_candidates:10 | ddg_picked:florim.se(score=14)
556518-9379,Skigo AB,Skigo AB,Sport,Sport,"Sport; Detaljhandel; Butikshandel; Kemikalier, industrikemikalier; Kemikalier, industrikemikalier - tillverkning; Producenter; Rengöringsprodukter",Norrbotten,Kiruna,Kiruna,98141,Fasadvägen 9,20076000,2025-04,in_band,true,4,,0980-61100,inger@skigo.se,https://www.skigo.se,https://www.skigo.se,https://www.allabolag.se/foretag/skigo-ab/kiruna/-/2K1DBLVI5YHR6,already_present,,
556776-2736,Lilla Hults Trädgård AB,Lilla Hults Trädgård AB,Trädgård,Jordbruk,Jordbruk; Jordbruk - odling,Skåne,Ängelholm,Ängelholm,262 91,Skepparkroksvägen 73,19933000,2024-12,in_band,true,11,,,,,http://lillahults.se,https://www.allabolag.se/foretag/lilla-hults-tradgard-ab/angelholm/-/2K2WH80I63IHJ,ddg,low,hitta_orgnr:hitta_no_url_found | hitta_name:hitta_no_next_data | mojeek_skipped_rate_limited | brave_skipped_rate_limited | ddg_candidates:10 | ddg_picked:lillahults.se(score=14)
556725-2274,Göteborgs trädgård & schakt AB,Göteborgs trädgård & schakt AB,Trädgård,Entreprenörer,Entreprenörer; Byggmästare,Halland,Kungsbacka,Kungsbacka,434 98,Fogdegårdsvägen 165,19894000,2024-12,in_band,true,14,,,,,,https://www.allabolag.se/foretag/goteborgs-tradgard-och-schakt-ab/kungsbacka/-/2K2LJCII63IFX,not_found,,hitta_orgnr:hitta_no_url_found | hitta_name:hitta_no_url_found | mojeek_skipped_rate_limited | brave_skipped_rate_limited | ddg_candidates:10 | ddg_no_name_match
556321-4401,Partille Skog och Trädgård AB,Partille Skog och Trädgård AB,Trädgård,Reparatörer,Reparatörer; Maskinförnödenheter; Maskinförnödenheter - reparationer,Västra Götaland,Partille,Partille,433 30,Järnringen 1,19718000,2024-12,in_band,true,9,,0313402824,,,https://www.qctradgard.se/partille/,https://www.allabolag.se/foretag/partille-skog-och-tradgard-ab/partille/-/2K06ZPDI63IK7,hitta_orgnr,high,hitta_orgnr:hitta_detail | hitta_orgnr:https://www.hitta.se/partille+skog+och+tr%C3%A4dg%C3%A5rd+ab/partille/kngtxxjlc | hitta_orgnr:orgnr_match | hitta_orgnr:url_in_own_segment
559196-0926,MK Bright Tandhälsa AB,MK Bright Tandhälsa AB,Kosmetika,Hälsotjänster,"Hälsotjänster; Tandläkare; Kosmetik, parfym och frisörartiklar; Kosmetik - tillverkare och grossister; Grossister",Östergötland,Linköping,Linköping,585 99,Norra Krängevägen 9,19650000,2025-06,in_band,true,9,,,,,http://www.brighttandhalsa.se,https://www.allabolag.se/foretag/mk-bright-tandhalsa-ab/linkoping/-/2KHB4NYI63IHB,hitta_orgnr,high,hitta_orgnr:hitta_detail | hitta_orgnr:https://www.hitta.se/bright-tandhalsa-ab/link%C3%B6ping/jlnppbye | hitta_orgnr:orgnr_match | hitta_orgnr:url_in_own_segment
559227-3287,E-commerce Recruit Nordic AB,E-commerce Recruit Nordic AB,E-handel,E-handel,Rekrytering; E-handel; Arbetskraftstjänster,,,Stockholm,,,19584000,2025-12,in_band,true,8,,0101993550,info@ecommercerecruit.se,https://www.ecommercerecruit.se/,https://www.ecommercerecruit.se/,https://www.allabolag.se/foretag/e-commerce-recruit-nordic-ab/-/-/2KHHTONI5YDVM,already_present,,
556441-4844,Årstad Skog & Trädgård AB,Årstad Skog & Trädgård AB,Trädgård,"Trädgårdsmaskiner, trädgårdsredskap","Trädgårdsmaskiner, trädgårdsredskap; Sport; Detaljhandel; Butikshandel; Reparatörer",Halland,Falkenberg,FALKENBERG,311 50,Blackebergsv. 2,19560000,2024-12,in_band,true,8,,0346 52077,info@arstad.se,http://www.arstad.se,http://www.arstad.se,https://www.allabolag.se/foretag/arstad-skog-och-tradgard-ab/falkenberg/-/2K0WPZ0I5YI5D,already_present,,
556861-8754,Tandläkargruppen Sjöstaden AB,Tandläkargruppen Sjöstaden AB,Kosmetika,Hälsotjänster,"Hälsotjänster; Tandläkare; Kosmetik, parfym och frisörartiklar; Kosmetik - tillverkare och grossister; Grossister",Stockholm,Stockholm,Stockholm,120 63,Kryssargatan 3,19497000,2025-06,in_band,true,12,,,,,,https://www.allabolag.se/foretag/tandlakargruppen-sjostaden-ab/stockholm/-/2K3ETQAI63IHB,not_found,,hitta_orgnr:hitta_no_url_found | hitta_name:hitta_no_next_data | mojeek_skipped_rate_limited | brave_skipped_rate_limited | ddg_candidates:10 | ddg_no_name_match
556564-1155,Macken i Smebacken AB,Macken i Smebacken AB,Smycken,Butikshandel,Butikshandel; Bensinstationer; Bilar; Bilreparationer,Dalarna,Smedjebacken,Smedjebacken,777 32,Nya Ågatan 10,19338000,2025-04,in_band,true,5,,024071595,,,https://mackenismebacken.se/,https://www.allabolag.se/foretag/macken-i-smebacken-ab/smedjebacken/-/2K1N077I63ILL,hitta_orgnr,high,hitta_orgnr:hitta_detail | hitta_orgnr:https://www.hitta.se/macken+i+smebacken+ab/smedjebacken/lpubhctfh | hitta_orgnr:orgnr_match | hitta_orgnr:url_in_own_segment
556875-8659,Mycket Mer För Pengarna i Skutskär AB,Mycket Mer För Pengarna i Skutskär AB,Smycken,Livsmedel,Livsmedel; Detaljhandel - annat; Detaljhandel; Butikshandel,Uppsala,Älvkarleby,Skutskär,814 30,Centralgatan 7,19332000,2025-01,in_band,true,7,,,,,,https://www.allabolag.se/foretag/mycket-mer-for-pengarna-i-skutskar-ab/alvkarleby/-/2K3HTOJI5YFWD,not_found,,hitta_orgnr:hitta_no_url_found | hitta_name:hitta_no_next_data | mojeek_skipped_rate_limited | brave_skipped_rate_limited | ddg_candidates:10 | ddg_no_name_match
559210-2866,Greentopia AB,Greentopia AB,Kosmetika,"Kosmetik, parfym och frisörartiklar","Kosmetik, parfym och frisörartiklar; Kosmetik - tillverkare och grossister; Grossister; Fastighetsbolag, lokaler; Frukt, bär och grönsaker - grossister; Fruktleveranser, vattenleveranser; Konfektion; Butikshandel; Detaljhandel; Kläder, skor",Skåne,Malmö,Malmö,213 64,Emilstorpsgatan 26,19181000,2024-12,in_band,true,3,,,,,https://greentopia.se,https://www.allabolag.se/foretag/greentopia-ab/malmo/-/2KHE66QI63IIB,ddg,medium,hitta_orgnr:hitta_no_url_found | hitta_name:hitta_no_next_data | mojeek_skipped_rate_limited | brave_skipped_rate_limited | ddg_candidates:10 | ddg_picked:greentopia.se(score=22)
559122-0909,Raza Trädgård AB,Raza Trädgård AB,Trädgård,Passagerartransporter,Passagerartransporter; Transportförmedling; Taxi; Uthyrning; Arbetskraftstjänster,Stockholm,Stockholm,,,,19134000,2022-12,in_band,true,30,,,,,,https://www.allabolag.se/foretag/raza-tradgard-ab/stockholm/-/2KGV9NXI63IJZ,not_found,,hitta_orgnr:hitta_search_failed:HTTP 404 for https://www.hitta.se/undefined/- | hitta_name:hitta_no_url_found | mojeek_skipped_rate_limited | brave_skipped_rate_limited | ddg_candidates:10 | ddg_no_name_match
559153-5280,Strand Beauty Distribution AB,Strand Beauty Distribution AB,Kosmetika,"Kosmetik, parfym och frisörartiklar","Kosmetik, parfym och frisörartiklar; Kosmetik - tillverkare och grossister; Grossister",Stockholm,Stockholm,Stockholm,114 27,Surbrunnsgatan 13 Egen Ingång,19059000,2025-12,in_band,true,4,,,,,https://www.strandstainless.se,https://www.allabolag.se/foretag/strand-beauty-distribution-ab/stockholm/-/2KH208GI63IIB,ddg,low,hitta_orgnr:hitta_no_url_found | hitta_name:hitta_no_next_data | mojeek_skipped_rate_limited | brave_skipped_rate_limited | ddg_candidates:10 | ddg_picked:strandstainless.se(score=14)
556624-7846,Broby Trädgårdsanläggning Aktiebolag,Broby Trädgårdsanläggning Aktiebolag,Trädgård,Entreprenörer,Entreprenörer; Byggmästare,Skåne,Östra Göinge,Broby,289 42,Industrigatan 8,19038000,2024-12,in_band,true,8,,04447124,,,,https://www.allabolag.se/foretag/broby-tradgardsanlaggning-aktiebolag/ostra-goinge/-/2K200BQI63IFX,not_found,,hitta_orgnr:hitta_no_url_found | hitta_name:hitta_no_next_data | mojeek_skipped_rate_limited | brave_skipped_rate_limited | ddg_candidates:10 | ddg_no_name_match
556910-1800,Out of Eden AB,Out of Eden AB,Kosmetika,"Kosmetik, parfym och frisörartiklar","Kosmetik, parfym och frisörartiklar; Kosmetik - tillverkare och grossister; Grossister",Stockholm,Vallentuna,Vallentuna,186 54,Zetterlunds Väg 13,19034000,2025-02,in_band,true,7,,,,,http://www.esseskincare.se,https://www.allabolag.se/foretag/out-of-eden-ab/vallentuna/-/2K3P6G8I63IIB,hitta_orgnr,high,hitta_orgnr:hitta_detail | hitta_orgnr:https://www.hitta.se/out-of-eden-ab/vimmerby/hcoppyap | hitta_orgnr:orgnr_match | hitta_orgnr:url_in_own_segment
556916-9948,ST Mark & Trädgård AB,ST Mark & Trädgård Aktiebolag,Trädgård,Trädgårdsanläggningar,Trädgårdsanläggningar; Parkanläggningar,Västra Götaland,Göteborg,Torslanda,423 59,Smedjegårdsängen 1,18915000,2024-12,in_band,true,14,,031227070,,http://stmark.se,http://stmark.se,https://www.allabolag.se/foretag/st-mark-och-tradgard-ab/goteborg/-/2K3QN18I5YI51,already_present,,
556283-2906,Hallarnas Trädgård i Göteborg AB,Hallarnas Trädgård i Göteborg AB,Trädgård,Grossister,"Grossister; Växtservice, kontorsservice",Västra Götaland,Göteborg,Göteborg,411 04,Blomstergatan 2,18735000,2024-12,in_band,true,3,,,,,https://hallarnastradgard.se,https://www.allabolag.se/foretag/hallarnas-tradgard-i-goteborg-ab/goteborg/-/2JZYTCAI63IGS,ddg,medium,hitta_orgnr:hitta_no_url_found | hitta_name:hitta_no_next_data | mojeek_skipped_rate_limited | brave_skipped_rate_limited | ddg_candidates:10 | ddg_picked:hallarnastradgard.se(score=22)
556881-2142,Klostra Handelsträdgård AB,Klostra Handelsträdgård AB,Trädgård,Butikshandel,"Butikshandel; Butikshandel -övrigt; Möbler, inredning, kök- och belysningsutrustning; Detaljhandel; Postorder/e-handel",,,,,,18697000,2025-12,in_band,true,6,,,,,https://www.klostra.se,https://www.allabolag.se/foretag/klostra-handelstradgard-ab/-/-/2K3IYY6I63ILL,ddg,low,hitta_orgnr:hitta_no_url_found | hitta_name:hitta_no_next_data | mojeek_skipped_rate_limited | brave_skipped_rate_limited | ddg_candidates:10 | ddg_picked:klostra.se(score=14)
556655-1437,Kolmårdskök AB,Kolmårdskök AB,Möbler,Möbler,Köksinredningar; Möbler; Virke och byggvaror; Detaljhandel; Butikshandel; Byggmästare; Snickeriarbeten,Östergötland,Norrköping,Norrköping,602 23,Lindåkersgatan 25,18696000,2024-12,in_band,true,9,,011 107110,info@kolmardskok.se,https://www.kolmardskok.se/index,https://www.kolmardskok.se/index,https://www.allabolag.se/foretag/kolmardskok-ab/norrkoping/-/2K26IKTI5YGJV,already_present,,
556474-8225,Tönnersjö Trädgård Aktiebolag,Tönnersjö Trädgård Aktiebolag,Trädgård,Jordbruk,Jordbruk; Jordbruk - odling,Halland,Halmstad,Eldsberga,305 97,Tönnersjö 466,18654000,2025-06,in_band,true,10,,,,,https://www.facebook.com/pages/T%C3%B6nnersj%C3%B6-Tr%C3%A4dg%C3%A5rd-AB/318542338274633,https://www.allabolag.se/foretag/tonnersjo-tradgard-aktiebolag/halmstad/-/2K13V7LI63IHJ,hitta_orgnr,high,hitta_orgnr:hitta_detail | hitta_orgnr:https://www.hitta.se/tonnersjo-tradgard-ab/eldsberga/nqrtykmop | hitta_orgnr:orgnr_match | hitta_orgnr:url_in_own_segment
559107-9602,Tree of brands AB,Tree of brands AB,Kosmetika,"Kosmetik, parfym och frisörartiklar","Kosmetik, parfym och frisörartiklar; Kosmetik - tillverkare och grossister; Grossister",Stockholm,Stockholm,Stockholm,111 21,Drottninggatan 55,18600000,2025-12,in_band,true,5,,,,,https://treeofbrands.com,https://www.allabolag.se/foretag/tree-of-brands-ab/stockholm/-/2KGS8MQI63IIB,ddg,medium,hitta_orgnr:hitta_no_url_found | hitta_name:hitta_no_next_data | mojeek_skipped_rate_limited | brave_skipped_rate_limited | ddg_candidates:10 | ddg_picked:treeofbrands.com(score=20)
559176-0417,YV Business AB,YV Business AB,Kosmetika,"Kosmetik, parfym och frisörartiklar","Kosmetik, parfym och frisörartiklar; Kosmetik - tillverkare och grossister; Grossister",Stockholm,Lidingö,,,,18543000,2022-12,in_band,true,2,,,,,,https://www.allabolag.se/foretag/yv-business-ab/lidingo/-/2KH6TY9I63IIB,not_found,,hitta_orgnr:hitta_no_url_found | hitta_name:hitta_no_next_data | mojeek_skipped_rate_limited | brave_skipped_rate_limited | ddg_candidates:10 | ddg_no_name_match
556791-7553,Mandel Cykel & Trädgård AB,Mandel Cykel & Trädgård AB,Trädgård,Sport,Sport; Detaljhandel; Butikshandel; Reparatörer,Örebro,Karlskoga,Karlskoga,691 47,Skogsbovägen 4 a,18543000,2024-12,in_band,true,8,,,,,http://www.mandels.se/,https://www.allabolag.se/foretag/mandel-cykel-och-tradgard-ab/karlskoga/-/2K2ZSOHI5YHR6,hitta_orgnr,high,hitta_orgnr:hitta_detail | hitta_orgnr:https://www.hitta.se/mandel-cykel-och-tradgard-ab/karlskoga/hcopxyfk | hitta_orgnr:orgnr_match | hitta_orgnr:url_in_own_segment
559476-0836,Ängelholm Skog & Trädgård AB,Ängelholm Skog & Trädgård AB,Trädgård,Bilar,Bilar; Detaljhandel; Bilreservdelar,Skåne,Ängelholm,Ängelholm,262 71,Midgårdsgatan 7,18522000,2025-12,in_band,true,2,,,,,https://www.skogotrad.se/,https://www.allabolag.se/foretag/angelholm-skog-och-tradgard-ab/angelholm/-/2KIZ538I5YCZW,hitta_orgnr,high,hitta_orgnr:hitta_detail | hitta_orgnr:https://www.hitta.se/%C3%A4ngelholm+skog+och+tr%C3%A4dg%C3%A5rd+ab/%C3%A4ngelholm/hicseaoqr | hitta_orgnr:orgnr_match | hitta_orgnr:url_in_own_segment
559180-3423,Djupdahls Skog & Trädgård AB,Djupdahls Skog & Trädgård AB,Trädgård,Parkanläggningar,Parkanläggningar; Skogstjänster; Fastighetsförvaltning,Halland,Varberg,Varberg,432 47,Trönninge 1,18514000,2024-12,in_band,true,14,,,,,https://djupdahls.se,https://www.allabolag.se/foretag/djupdahls-skog-och-tradgard-ab/varberg/-/2KH7R4VI63IJW,ddg,low,hitta_orgnr:hitta_no_url_found | hitta_name:hitta_no_next_data | mojeek_skipped_rate_limited | brave_skipped_rate_limited | ddg_candidates:10 | ddg_picked:djupdahls.se(score=14)
556376-7895,Headsup AB,Headsup AB,Kosmetika,"Kosmetik, parfym och frisörartiklar","Kosmetik, parfym och frisörartiklar; Kosmetik - tillverkare och grossister; Grossister",Jönköping,Vaggeryd,Skillingaryd,568 32,Storgatan 90,18498000,2024-12,in_band,true,10,,036167350,,,https://www.headsup.se,https://www.allabolag.se/foretag/headsup-ab/vaggeryd/-/2K0IUS7I63IIB,ddg,medium,hitta_orgnr:hitta_no_url_found | hitta_name:hitta_no_next_data | mojeek_skipped_rate_limited | brave_skipped_rate_limited | ddg_candidates:10 | ddg_picked:headsup.se(score=22)
556278-3554,Häggströms Modehus Aktiebolag,Häggströms Modehus Aktiebolag,Mode,Konfektion,"Konfektion; Butikshandel; Detaljhandel; Kläder, skor",Västerbotten,Nordmaling,Lögdeå,914 92,Movägen 7,18399000,2024-12,in_band,true,9,,,,,,https://www.allabolag.se/foretag/haggstroms-modehus-aktiebolag/nordmaling/-/2JZXR9EI63II4,not_found,,hitta_orgnr:hitta_no_url_found | hitta_name:hitta_no_next_data | mojeek_skipped_rate_limited | brave_skipped_rate_limited | ddg_candidates:10 | ddg_no_name_match
556254-9393,Hikmet Leksaker och Fritid Aktiebolag,Hikmet Leksaker och Fritid Aktiebolag,Leksaker,"Spel, nöjesanläggningsutrustningar","Spel, nöjesanläggningsutrustningar; Butikshandel; Detaljhandel; Finansbolag, finansiella tjänster; Värdepappershandel",Jönköping,Jönköping,Jönköping,554 75,Hedenstorpsvägen 11,18309000,2025-12,in_band,true,3,,036715148,,,,https://www.allabolag.se/foretag/hikmet-leksaker-och-fritid-aktiebolag/jonkoping/-/2JZSQKXI5YHPS,not_found,,hitta_orgnr:hitta_no_url_found | hitta_name:hitta_no_next_data | mojeek_skipped_rate_limited | brave_skipped_rate_limited | ddg_candidates:10 | ddg_no_name_match
556827-8906,Piteå Leksaker AB,Piteå Leksaker AB,Leksaker,"Spel, nöjesanläggningsutrustningar","Spel, nöjesanläggningsutrustningar; Butikshandel; Detaljhandel",Norrbotten,Piteå,Piteå,941 32,Storgatan 48 c,18203000,2024-12,in_band,true,5,,,,,,https://www.allabolag.se/foretag/pitea-leksaker-ab/pitea/-/2K37JI2I5YHPS,not_found,,hitta_orgnr:hitta_no_url_found | hitta_name:hitta_no_next_data | mojeek_skipped_rate_limited | brave_skipped_rate_limited | ddg_candidates:12 | ddg_no_name_match
559313-1476,Common Clouds AB,Common Clouds AB,Kosmetika,"Kosmetik, parfym och frisörartiklar","Kosmetik, parfym och frisörartiklar; Detaljhandel; Postorder/e-handel; Kosmetik - tillverkare och grossister; Grossister",Stockholm,Stockholm,Stockholm,111 61,Tegnergatan 37 a,18127000,2025-03,in_band,true,3,,,,,https://commonclouds.com,https://www.allabolag.se/foretag/common-clouds-ab/stockholm/-/2KI07V8I63IIB,ddg,medium,hitta_orgnr:hitta_no_url_found | hitta_name:hitta_no_next_data | mojeek_skipped_rate_limited | brave_skipped_rate_limited | ddg_candidates:10 | ddg_picked:commonclouds.com(score=20)
559074-5989,Hultings Mark & Trädgård AB,Hultings Mark & Trädgård AB,Trädgård,Parkanläggningar,Parkanläggningar; Städservice; Byggmästare; Snickeriarbeten,Jönköping,Jönköping,Jönköping,553 12,Björnebergsvägen 1,17875000,2025-12,in_band,true,19,,,,,https://www.hultings.se/,https://www.allabolag.se/foretag/hultings-mark-och-tradgard-ab/jonkoping/-/2KGL37PI63IJW,hitta_orgnr,high,hitta_orgnr:hitta_detail | hitta_orgnr:https://www.hitta.se/hultings/j%C3%B6nk%C3%B6ping/jootyzdfh | hitta_orgnr:orgnr_match | hitta_orgnr:url_in_own_segment
556663-9968,Tunareds Helentreprenad AB,Tunareds Helentreprenad AB,Leksaker,Byggmästare,"Byggmästare; Fastighetsbolag, lokaler",Halland,Kungsbacka,Fjärås,439 73,Hörlyckan 52,17862000,2025-08,in_band,true,10,,,,,,https://www.allabolag.se/foretag/tunareds-helentreprenad-ab/kungsbacka/-/2K28EW0I5YDDT,not_found,,hitta_orgnr:hitta_no_url_found | hitta_name:hitta_no_next_data | mojeek_skipped_rate_limited | brave_skipped_rate_limited | ddg_candidates:10 | ddg_no_name_match
556309-6469,Moheda Trade AB,Moheda Trade AB,Skor,Skor,Skor; Skor och tillbehör - produktion; Producenter; Konfektion; Kläder; Grossister,Kronoberg,Alvesta,Moheda,342 60,Toffelvägen 4,17656000,2024-12,in_band,true,8,,,,,https://moheda.com/,https://www.allabolag.se/foretag/moheda-trade-ab/alvesta/-/2K04GPHI5YHGY,hitta_orgnr,high,hitta_orgnr:hitta_detail | hitta_orgnr:https://www.hitta.se/moheda+toffeln+reinholdson+sko+ab/moheda/nuxejcqt | hitta_orgnr:orgnr_match | hitta_orgnr:url_in_own_segment
559164-7739,We are Ono Sweden AB,We are Ono Sweden AB,Kosmetika,"Kosmetik, parfym och frisörartiklar","Kosmetik, parfym och frisörartiklar; Kosmetik - tillverkare och grossister; Grossister",Stockholm,Stockholm,Stockholm,,,17590000,2025-12,in_band,true,1,,,,,,https://www.allabolag.se/foretag/we-are-ono-sweden-ab/stockholm/-/2KH4F0BI63IIB,not_found,,hitta_orgnr:hitta_no_url_found | hitta_name:hitta_no_next_data | mojeek_skipped_rate_limited | brave_skipped_rate_limited | ddg_candidates:10 | ddg_no_name_match
556841-3586,Brunnby Skog & Trädgård AB,Brunnby Skog & Trädgård AB,Trädgård,"Lantbruksmaskiner, förnödenheter - grossist","Lantbruksmaskiner, förnödenheter - grossist; Lantbruksmaskiner, förnödenheter; Grossister",Västmanland,Västerås,Västerås,725 97,Brunnby,17576000,2024-12,in_band,true,5,,0708955470,,,https://brunnby.se,https://www.allabolag.se/foretag/brunnby-skog-och-tradgard-ab/vasteras/-/2K3AFF6I63IIH,ddg,low,hitta_orgnr:hitta_no_url_found | hitta_name:hitta_no_url_found | mojeek_skipped_rate_limited | brave_skipped_rate_limited | ddg_candidates:10 | ddg_picked:brunnby.se(score=14)
559021-8425,19-69 Group AB,19-69 Group AB,Kosmetika,"Kosmetik, parfym och frisörartiklar","Kosmetik, parfym och frisörartiklar; Kosmetik - tillverkare och grossister; Grossister",Skåne,Vellinge,Vellinge,235 39,Modemgatan 10,17514000,2024-12,in_band,true,0,,,,,,https://www.allabolag.se/foretag/19-69-group-ab/vellinge/-/2KG9S55I63IIB,not_found,,hitta_orgnr:hitta_no_url_found | hitta_name:hitta_no_next_data | mojeek_skipped_rate_limited | brave_skipped_rate_limited | ddg_candidates:10 | ddg_no_name_match
559169-2594,Team Roslund AB,Team Roslund AB,Kosmetika,Hälsotjänster,"Hälsotjänster; Tandläkare; Kosmetik, parfym och frisörartiklar; Kosmetik - tillverkare och grossister; Grossister",Norrbotten,Luleå,Luleå,972 35,Bangårdsgatan 2,17514000,2025-12,in_band,true,11,,,,,,https://www.allabolag.se/foretag/team-roslund-ab/lulea/-/2KH5DMAI63IHB,not_found,,hitta_orgnr:hitta_no_url_found | hitta_name:hitta_no_next_data | mojeek_skipped_rate_limited | brave_skipped_rate_limited | ddg_candidates:10 | ddg_no_name_match
556905-6152,Säffle och Åmål Hemelektronik AB,Säffle och Åmål Hemelektronik AB,Hemelektronik,"Radio TV, video","Radio TV, video; Detaljhandel",Västra Götaland,Åmål,Åmål,662 31,Kungsgatan 11,17393000,2024-12,in_band,true,19,,,,,https://www.elonljudbild.se/,https://www.allabolag.se/foretag/saffle-och-amal-hemelektronik-ab/amal/-/2K3O788I5YH3M,hitta_orgnr,high,hitta_orgnr:hitta_detail | hitta_orgnr:https://www.hitta.se/elon-ljud-och-bild-kristinehamn/kristinehamn/apqvilqr | hitta_orgnr:orgnr_match | hitta_orgnr:url_in_own_segment
556852-5975,Joäng Mark & Trädgård AB,Joäng Mark & Trädgård AB,Trädgård,Parkanläggningar,Parkanläggningar; Byggmästare; Arkitekter,Skåne,Trelleborg,Trelleborg,231 62,Godsvägen 8,17200000,2025-08,in_band,true,20,,,,,http://joang.se/,https://www.allabolag.se/foretag/joang-mark-och-tradgard-ab/trelleborg/-/2K3CU53I63IJW,hitta_orgnr,high,hitta_orgnr:hitta_detail | hitta_orgnr:https://www.hitta.se/jo%C3%A4ng+mark+och+tr%C3%A4dg%C3%A5rd/trelleborg/akosxzjkl | hitta_orgnr:orgnr_match | hitta_orgnr:url_in_own_segment
559200-7818,Green View Trädgård AB,Green View Trädgård AB,Trädgård,Parkanläggningar,Parkanläggningar,Stockholm,Stockholm,Bandhagen,124 67,Hardemogatan 15,17105000,2024-12,in_band,true,14,,,,,,https://www.allabolag.se/foretag/green-view-tradgard-ab/stockholm/-/2KHC4UII63IJW,not_found,,hitta_orgnr:hitta_no_url_found | hitta_name:hitta_no_next_data | mojeek_skipped_rate_limited | brave_skipped_rate_limited | ddg_candidates:10 | ddg_no_name_match
556223-9292,Trädgårds-Göran Aktiebolag,Trädgårds-Göran Aktiebolag,Trädgård,Parkanläggningar,Parkanläggningar,Östergötland,Norrköping,Norrköping,602 28,Sjötullsgatan 1,17089000,2024-12,in_band,true,12,,011107075,,,http://www.tradgardsgoran.se/,https://www.allabolag.se/foretag/tradgards-goran-aktiebolag/norrkoping/-/2JZM3B0I63IJW,hitta_orgnr,high,hitta_orgnr:hitta_detail | hitta_orgnr:https://www.hitta.se/tr%C3%A4dg%C3%A5rds+g%C3%B6ran+ab/norrk%C3%B6ping/nnggrrbj | hitta_orgnr:orgnr_match | hitta_orgnr:url_in_own_segment
556484-0709,BJ Leksaker i Gällivare Aktiebolag,BJ Leksaker i Gällivare Aktiebolag,Leksaker,"Spel, nöjesanläggningsutrustningar","Spel, nöjesanläggningsutrustningar; Butikshandel; Detaljhandel",Norrbotten,Gällivare,Gällivare,982 38,Metallvägen 14,17066000,2024-12,in_band,true,6,,,,,,https://www.allabolag.se/foretag/bj-leksaker-i-gallivare-aktiebolag/gallivare/-/2K15UKLI5YHPS,not_found,,hitta_orgnr:hitta_no_url_found | hitta_name:hitta_no_next_data | mojeek_skipped_rate_limited | brave_skipped_rate_limited | ddg_candidates:10 | ddg_no_name_match
559190-6457,Macken Luhrpasset AB,Macken Luhrpasset AB,Smycken,Livsmedel,Livsmedel; Butikshandel; Bilar; Detaljhandel; Bilreservdelar,Kronoberg,Markaryd,Strömsnäsbruk,287 34,Hinnerydsvägen 45,17005000,2024-12,in_band,true,7,,,,,https://macken.se,https://www.allabolag.se/foretag/macken-luhrpasset-ab/markaryd/-/2KH9YMXI5YFWD,ddg,low,hitta_orgnr:hitta_no_url_found | hitta_name:hitta_no_next_data | mojeek_skipped_rate_limited | brave_skipped_rate_limited | ddg_candidates:10 | ddg_picked:macken.se(score=14)
556659-7844,Henrik Falk Skog & Trädgård AB,Henrik Falk Skog & Trädgård AB,Trädgård,Parkanläggningar,Parkanläggningar; Jordbruk; Jordbruk - andra tjänster,Stockholm,Ekerö,Munsö,178 91,Landholmsvägen 40,17000000,2024-12,in_band,true,7,,0705736373,,,,https://www.allabolag.se/foretag/henrik-falk-skog-och-tradgard-ab/ekero/-/2K27IDWI63IJW,not_found,,hitta_orgnr:hitta_no_url_found | hitta_name:hitta_no_next_data | mojeek_skipped_rate_limited | brave_skipped_rate_limited | ddg_candidates:10 | ddg_no_name_match
556909-8568,Troentorp Clogs AB,Troentorp Clogs AB,Skor,Skor,Skor; Skor och tillbehör - produktion; Producenter,Västra Götaland,Skövde,Skövde,549 37,Stallsiksvägen 1,16997000,2024-12,in_band,true,6,,0760153545,,,https://troentorp.se,https://www.allabolag.se/foretag/troentorp-clogs-ab/skovde/-/2K3P3YGI5YHGY,ddg,low,hitta_orgnr:hitta_no_url_found | hitta_name:hitta_no_url_found | mojeek_skipped_rate_limited | brave_skipped_rate_limited | ddg_candidates:11 | ddg_picked:troentorp.se(score=14)
556754-3243,LB Anderssons Trädgård AB,LB Anderssons Trädgård AB,Trädgård,Parkanläggningar,Parkanläggningar; Jordbruk; Jordbruk - andra tjänster,Dalarna,Ludvika,Ludvika,771 94,Björnmossevägen 3 c,16981000,2025-12,in_band,true,18,,0240592300,,,,https://www.allabolag.se/foretag/lb-anderssons-tradgard-ab/ludvika/-/2K2RRUZI63IJW,not_found,,hitta_orgnr:hitta_no_url_found | hitta_name:hitta_no_url_found | mojeek_skipped_rate_limited | brave_skipped_rate_limited | ddg_candidates:10 | ddg_no_name_match
559195-4952,Lindhagen Macken AB,Lindhagen Macken AB,Smycken,Livsmedel,Livsmedel; Butikshandel; Bilar; Detaljhandel; Bilreservdelar,Stockholm,Stockholm,Stockholm,112 43,Lindhagensplan 60,16952000,2025-12,in_band,true,8,,,,,https://www.lindhagen.se,https://www.allabolag.se/foretag/lindhagen-macken-ab/stockholm/-/2KHB020I5YFWD,ddg,low,hitta_orgnr:hitta_no_url_found | hitta_name:hitta_no_next_data | mojeek_skipped_rate_limited | brave_skipped_rate_limited | ddg_candidates:10 | ddg_picked:lindhagen.se(score=14)
556826-9301,LEXIMA AB,LEXIMA AB,Kosmetika,"Kosmetik, parfym och frisörartiklar","Kosmetik, parfym och frisörartiklar; Kosmetik - tillverkare och grossister; Grossister; Livsmedel; Livsmedel - agenturer och grossister; Evenemangsproduktioner; Konfektion; Kläder; Catering",Stockholm,Stockholm,Stockholm,112 26,Kungsbro Strand 29,16882000,2025-04,in_band,true,0,,,,,http://www.lexima.se/,https://www.allabolag.se/foretag/lexima-ab/stockholm/-/2K37C39I63IIB,hitta_orgnr,high,hitta_orgnr:hitta_detail | hitta_orgnr:https://www.hitta.se/lexima+ab/stockholm/cnnquyeak | hitta_orgnr:orgnr_match | hitta_orgnr:url_in_own_segment
556062-1152,Bäckmans Skoservice Aktiebolag,Bäckmans Skoservice Aktiebolag,Skor,Skor,Skor; Läder och lädervaror; Reparatörer,Stockholm,Stockholm,Stockholm,114 39,Nybrogatan 23,16682000,2025-04,in_band,true,9,,086600079,,,https://www.backmansskoservice.se/,https://www.allabolag.se/foretag/backmans-skoservice-aktiebolag/stockholm/-/2JYNEQOI5YHGY,hitta_orgnr,high,hitta_orgnr:hitta_detail | hitta_orgnr:https://www.hitta.se/b%C3%A4ckmans+skoservice+ab/stockholm/covdhggtu | hitta_orgnr:orgnr_match | hitta_orgnr:url_in_own_segment
556798-1203,Gastro Sweden Tech AB,Gastro Sweden Tech AB,Trädgård,"Restaurangutrustningar, storköksutrustningar","Restaurangutrustningar, storköksutrustningar; Grossister; Reparatörer; Maskinförnödenheter; Maskinförnödenheter - reparationer; Byggmästare; Elinstallationer",Skåne,Kristianstad,Kristianstad,291 36,Industrigatan 24,16343000,2024-12,in_band,true,3,,044109200,,,https://www.gastrobutiken.se,https://www.allabolag.se/foretag/gastro-sweden-tech-ab/kristianstad/-/2K315SJI5YH9R,hitta_orgnr,high,hitta_orgnr:hitta_detail | hitta_orgnr:https://www.hitta.se/gastro+sweden+tech+ab/kristianstad/fnszanqzd | hitta_orgnr:orgnr_match | hitta_orgnr:url_in_own_segment
559049-5668,Pronito AB,Pronito AB,Kosmetika,Detaljhandel - annat,"Detaljhandel - annat; Detaljhandel; Postorder/e-handel; Kosmetik, parfym och frisörartiklar; Kosmetik - tillverkare och grossister; Grossister; Skolor och utbildning; Butikshandel",Halland,Falkenberg,Älvsered,311 63,Falkenbersvägen 10,16189000,2025-01,in_band,true,2,,,,,,https://www.allabolag.se/foretag/pronito-ab/falkenberg/-/2KGFQ2CI63ILV,not_found,,hitta_orgnr:hitta_no_url_found | hitta_name:hitta_no_next_data | mojeek_skipped_rate_limited | brave_skipped_rate_limited | ddg_candidates:10 | ddg_no_name_match
559097-3086,Leksakscity Sverige AB,Leksakscity Sverige AB,Leksaker,"Spel, nöjesanläggningsutrustningar","Spel, nöjesanläggningsutrustningar; Detaljhandel; Postorder/e-handel",Gävleborg,Gävle,Gävle,802 93,Johannesbergsvägen 27,16188000,2025-03,in_band,true,2,,,,,http://www.leksakscity.se,https://www.allabolag.se/foretag/leksakscity-sverige-ab/gavle/-/2KGPYFYI5YHPS,hitta_orgnr,high,hitta_orgnr:hitta_detail | hitta_orgnr:https://www.hitta.se/leksakscity+sverige+ab/anderstorp/ctuuxfmgo | hitta_orgnr:orgnr_match | hitta_orgnr:url_in_own_segment
556197-3958,L. Olsén Mode Aktiebolag,L. Olsén Mode Aktiebolag,Mode,Konfektion,"Konfektion; Butikshandel; Detaljhandel; Kläder, skor",Skåne,Malmö,Malmö,211 34,Södergatan 21,16079000,2025-04,in_band,true,9,,040232050,,,,https://www.allabolag.se/foretag/l-ols-n-mode-aktiebolag/malmo/-/2JZGEKMI63II4,not_found,,hitta_orgnr:hitta_no_url_found | hitta_name:hitta_no_next_data | mojeek_skipped_rate_limited | brave_skipped_rate_limited | ddg_candidates:10 | ddg_no_name_match
559390-0128,Tandhuset Crown AB,Tandhuset Crown AB,Kosmetika,Hälsotjänster,"Hälsotjänster; Tandläkare; Kosmetik, parfym och frisörartiklar; Kosmetik - tillverkare och grossister; Grossister",Norrbotten,Älvsbyn,Älvsbyn,942 33,Fluxenvägen 16,16039000,2025-12,in_band,true,11,,,,,http://tandhusetkronan.se,https://www.allabolag.se/foretag/tandhuset-crown-ab/alvsbyn/-/2KIGOYOI63IHB,hitta_orgnr,high,hitta_orgnr:hitta_detail | hitta_orgnr:https://www.hitta.se/tandhuset+kronan/%C3%A4lvsbyn/npuuzijcm | hitta_orgnr:orgnr_match | hitta_orgnr:url_in_own_segment
556523-3961,Gnosjö Trädgård & Handel AB,Gnosjö Trädgård & Handel AB,Trädgård,Järnvaror,"Järnvaror; Detaljhandel; Butikshandel; Reparatörer; Lantbruksmaskiner, förnödenheter - grossist; Lantbruksmaskiner, förnödenheter; Grossister; Maskinförnödenheter; Maskinförnödenheter - reparationer; MC, mopeder, skotrar",Jönköping,Gnosjö,Gnosjö,335 33,Idrottsvägen 3,15976000,2025-12,in_band,true,4,,,,,http://www.tradgardhandel.se/,https://www.allabolag.se/foretag/gnosjo-tradgard-och-handel-ab/gnosjo/-/2K1EA09I5YEU5,hitta_orgnr,high,hitta_orgnr:hitta_detail | hitta_orgnr:https://www.hitta.se/gnosj%C3%B6+tr%C3%A4dg%C3%A5rd+och+handel+ab/gnosj%C3%B6/mpbxzfmrs | hitta_orgnr:orgnr_match | hitta_orgnr:url_in_own_segment
559169-1836,SweITech AB,SweITech AB,E-handel,E-handel,"E-handel; Datorer - Kringutrustningar; Detaljhandel; Postorder/e-handel; Hushållsutrustningar, vitvaror; Hushållsutrustningar, vitvaror - grossister; Grossister",Stockholm,Stockholm,Skärholmen,127 39,Stensätravägen 5,15928000,2024-12,in_band,true,4,,,Support@techhuset.se,https://techhuset.se,https://techhuset.se,https://www.allabolag.se/foretag/sweitech-ab/stockholm/-/2KH5D18I5YDVM,already_present,,
556515-9448,LTM Liermann Trädgård & Markanläggning AB,LTM Liermann Trädgård & Markanläggning AB,Trädgård,Byggmästare,Byggmästare,Stockholm,Täby,Täby,187 38,Åkerbyvägen 374,15875000,2025-04,in_band,true,15,,0705687656,,,,https://www.allabolag.se/foretag/ltm-liermann-tradgard-och-markanlaggning-ab/taby/-/2K1COIGI5YDDT,not_found,,hitta_orgnr:hitta_no_url_found | hitta_name:hitta_no_url_found | mojeek_skipped_rate_limited | brave_skipped_rate_limited | ddg_candidates:10 | ddg_no_name_match
559313-6988,Fogel Mark & Trädgård AB,Fogel Mark & Trädgård AB,Trädgård,Parkanläggningar,Parkanläggningar,Stockholm,Vallentuna,Brottby,186 97,Brollsta By 27,15875000,2024-12,in_band,true,18,,,,,http://www.fogelmarkochtradgard.com,https://www.allabolag.se/foretag/fogel-mark-och-tradgard-ab/vallentuna/-/2KI0C4CI63IJW,hitta_orgnr,high,hitta_orgnr:hitta_detail | hitta_orgnr:https://www.hitta.se/fogel+mark+och+tr%C3%A4dg%C3%A5rd+ab/brottby/jknnvin | hitta_orgnr:orgnr_match | hitta_orgnr:url_in_own_segment
556586-8998,Elman Skog & Trädgård Aktiebolag,Elman Skog & Trädgård Aktiebolag,Trädgård,Maskinförnödenheter,Maskinförnödenheter; Grossister,Västmanland,Västerås,Västerås,721 35,Fältmätargatan 2,15865000,2025-08,in_band,true,4,,021149330,,,https://www.qctradgard.se/vasteras/,https://www.allabolag.se/foretag/elman-skog-och-tradgard-aktiebolag/vasteras/-/2K1RW06I5YG68,hitta_orgnr,high,hitta_orgnr:hitta_detail | hitta_orgnr:https://www.hitta.se/elman+skog+och+tr%C3%A4dg%C3%A5rd+ab/v%C3%A4ster%C3%A5s/ccpttuyj | hitta_orgnr:orgnr_match | hitta_orgnr:url_in_own_segment
559096-7773,Grevie bygg & trädgård AB,Grevie bygg & trädgård AB,Trädgård,Byggmästare,Byggmästare; Rivningsarbeten; Jordbruk; Jordbruk - andra tjänster; Städservice,Skåne,Båstad,Grevie,269 62,Järnvägsgatan 21,15851000,2024-12,in_band,true,13,,,,,,https://www.allabolag.se/foretag/grevie-bygg-och-tradgard-ab/bastad/-/2KGPUCDI5YDDT,not_found,,hitta_orgnr:hitta_no_url_found | hitta_name:hitta_no_next_data | mojeek_skipped_rate_limited | brave_skipped_rate_limited | ddg_candidates:10 | ddg_no_name_match
556977-0893,JL Comfort Group AB,JL Comfort Group AB,Kosmetika,Köksinredningar - agentur och grossist,"Köksinredningar - agentur och grossist; Köksinredningar; Grossister; Kosmetik, parfym och frisörartiklar; Kosmetik - tillverkare och grossister",Stockholm,Lidingö,,,,15787000,2022-12,in_band,true,12,,0850930960,,,,https://www.allabolag.se/foretag/jl-comfort-group-ab/lidingo/-/2K43IQ5I63IIE,not_found,,hitta_orgnr:hitta_search_failed:HTTP 404 for https://www.hitta.se/undefined/- | hitta_name:hitta_no_next_data | mojeek_skipped_rate_limited | brave_skipped_rate_limited | ddg_candidates:10 | ddg_no_name_match
556141-7220,Bertil Norrby AB,Bertil Norrby Aktiebolag,Sport,Sport,"Sport; Detaljhandel; Butikshandel; Grossister; Livsmedel; Spannmål, råtobak, utsäde och djurfoder - grossister; Järnvaror",Gotland,Gotland,Burgsvik,623 35,Hoburgsvägen 42,15029000,2024-12,in_band,true,6,,0498- 49 70 25,norrbys@swipnet.se,https://bertilnorrbyab.wordpress.com/,https://bertilnorrbyab.wordpress.com/,https://www.allabolag.se/foretag/bertil-norrby-ab/gotland/-/2JZ4GZOI5YHR6,already_present,,
556855-2698,Modebutiken i Mora AB,Modebutiken i Mora AB,Mode,Konfektion,"Konfektion; Butikshandel; Detaljhandel; Kläder, skor",Dalarna,Mora,Mora,792 30,Köpmannagatan 1,4993000,2025-08,in_band,true,2,,,,,,https://www.allabolag.se/foretag/modebutiken-i-mora-ab/mora/-/2K3DEREI63II4,not_found,,hitta_orgnr:hitta_no_url_found | hitta_name:hitta_no_next_data | mojeek_skipped_rate_limited | brave_skipped_rate_limited | ddg_candidates:10 | ddg_no_name_match
559288-1964,THY AB,THY AB,Hälsokost,Skolor och utbildning,"Skolor och utbildning; Livsmedel; Hälsokost, naturläkemedel; Detaljhandel; Butikshandel; Sport; Restauranger",Södermanland,Trosa,Trosa,619 33,Bråtagatan 8 a,4979000,2024-12,in_band,true,2,,,,,,https://www.allabolag.se/foretag/thy-ab/trosa/-/2KHUVCCI63IKI,not_found,,hitta_orgnr:hitta_no_url_found | hitta_name:hitta_no_next_data | mojeek_skipped_rate_limited | brave_skipped_rate_limited | ddg_candidates:12 | ddg_no_name_match
556635-7397,Anette & Maries Hudvård AB,Anette & Maries Hudvård AB,Hudvård,Hälsotjänster,Hälsotjänster,Halland,Halmstad,Halmstad,302 43,Klostergatan 10,4978000,2025-04,in_band,true,5,,035124041,,,,https://www.allabolag.se/foretag/anette-och-maries-hudvard-ab/halmstad/-/2K22CUTI63IHB,not_found,,hitta_orgnr:hitta_no_url_found | hitta_name:hitta_no_next_data | mojeek_skipped_rate_limited | brave_skipped_rate_limited | ddg_candidates:10 | ddg_no_name_match
556962-5436,Robeva Mode AB,Robeva Mode AB,Mode,Konfektion,"Konfektion; Butikshandel; Detaljhandel; Kläder, skor",Örebro,Örebro,Örebro,702 11,Stortorget 2,4970000,2024-12,in_band,true,4,,,,,,https://www.allabolag.se/foretag/robeva-mode-ab/orebro/-/2K40EHOI63II4,not_found,,hitta_orgnr:hitta_no_url_found | hitta_name:hitta_no_next_data | mojeek_skipped_rate_limited | brave_skipped_rate_limited | ddg_candidates:11 | ddg_no_name_match
556693-5481,Hans Mikael Johansson AB,Hans Mikael Johansson AB,Trädgård,Entreprenadmaskinsarbeten,"Entreprenadmaskinsarbeten; Markentreprenörer, anläggningsentreprenörer; Konsulter; Teknikkonsulter; Entreprenörer; Byggmästare; Färger, lacker, tapeter; Detaljhandel; Butikshandel",Västra Götaland,Tibro,Tibro,54335,Västra Långgatan 167,4944000,2024-12,in_band,true,4,,0708100400,kontakt@xn--minigrvarn-v5a.se,https://xn--minigrvarn-v5a.se/,https://xn--minigrvarn-v5a.se/,https://www.allabolag.se/foretag/hans-mikael-johansson-ab/tibro/-/2K2EQWPI5YE2J,already_present,,
556613-4655,Eken Mode AB,Eken Mode AB,Mode,Konfektion,"Konfektion; Butikshandel; Detaljhandel; Kläder, skor",Västra Götaland,Göteborg,,,,4921000,2024-12,in_band,true,3,,031940395,,,,https://www.allabolag.se/foretag/eken-mode-ab/goteborg/-/2K1XKZJI63II4,not_found,,hitta_orgnr:hitta_no_url_found | hitta_name:hitta_no_next_data | mojeek_skipped_rate_limited | brave_skipped_rate_limited | ddg_candidates:10 | ddg_no_name_match
556687-4417,Kode Stängsel AB,Kode Stängsel AB,Mode,"Stängsel, stängselnät","Stängsel, stängselnät; Byggmästare",Västra Götaland,Kungälv,Kode,442 60,Kodev. 19,4866000,2025-08,in_band,true,2,,070 8363230,kodestangsel@telia.com,,,https://www.allabolag.se/foretag/kode-stangsel-ab/kungalv/-/2K2DFSHI5YH7Y,not_found,,hitta_orgnr:hitta_no_url_found | hitta_name:hitta_no_next_data | mojeek_skipped_rate_limited | brave_skipped_rate_limited | ddg_candidates:11 | ddg_no_name_match
559401-6783,Mode Agency Scandinavia AB,Mode Agency Scandinavia AB,Mode,Agenturer,Agenturer; Textilier - Agentur,Stockholm,Stockholm,Stockholm,114 24,Karlavägen 3,4830000,2025-12,in_band,true,1,,,,,https://lamodeagency.com,https://www.allabolag.se/foretag/mode-agency-scandinavia-ab/stockholm/-/2KIJ6Z3I5YCRG,ddg,low,hitta_orgnr:hitta_no_url_found | hitta_name:hitta_no_next_data | mojeek_skipped_rate_limited | brave_skipped_rate_limited | ddg_candidates:10 | ddg_picked:lamodeagency.com(score=12)
556586-0185,Robert Sandqvist Mode AB,Robert Sandqvist Mode AB,Mode,Konfektion,"Konfektion; Butikshandel; Detaljhandel; Kläder, skor",Skåne,Skurup,Skurup,274 35,Bruksgatan 4,4786000,2024-12,in_band,true,3,,,,,https://rozzie.se/,https://www.allabolag.se/foretag/robert-sandqvist-mode-ab/skurup/-/2K1RP7DI63II4,hitta_orgnr,high,hitta_orgnr:hitta_detail | hitta_orgnr:https://www.hitta.se/rozzie/trelleborg/jjpyzhlmn | hitta_orgnr:orgnr_match | hitta_orgnr:url_in_own_segment
556174-1843,Signum Modehus Aktiebolag,Signum Modehus Aktiebolag,Mode,Konfektion,"Konfektion; Butikshandel; Detaljhandel; Kläder, skor",Skåne,Trelleborg,Trelleborg,231 42,Algatan 56,4760000,2025-04,in_band,true,3,,,,,http://www.signum.nu,https://www.allabolag.se/foretag/signum-modehus-aktiebolag/trelleborg/-/2JZBFGZI63II4,hitta_orgnr,high,hitta_orgnr:hitta_detail | hitta_orgnr:https://www.hitta.se/signum+modehus+ab/trelleborg/knortvef | hitta_orgnr:orgnr_match | hitta_orgnr:url_in_own_segment
559047-5439,Gilla Fox modehus i Vadstena AB,Gilla Fox modehus i Vadstena AB,Mode,Damkläder,"Damkläder; Konfektion; Butikshandel; Detaljhandel; Kläder, skor",Östergötland,Vadstena,Vadstena,592 30,St. Torget 1,4756000,2024-12,in_band,true,1,,0143 10014,,,http://strandbergsmode.se/,https://www.allabolag.se/foretag/gilla-fox-modehus-i-vadstena-ab/vadstena/-/2KGFAGFI5YDJS,hitta_orgnr,high,hitta_orgnr:hitta_detail | hitta_orgnr:https://www.hitta.se/gilla+fox+modehus+i+vadstena+ab/vadstena/jagbilobx | hitta_orgnr:orgnr_match | hitta_orgnr:url_in_own_segment
556103-4181,TEKO - Sveriges Textil och Modeföretag Service AB,TEKO - Sveriges Textil och Modeföretag Service AB,Mode,Föreningar,Föreningar,Stockholm,Stockholm,Stockholm,114 44,Storgatan 5,4666000,2024-12,in_band,true,0,,,,,https://www.teko.se,https://www.allabolag.se/foretag/teko-sveriges-textil-och-modeforetag-service-ab/stockholm/-/2JYW9FPI63IGG,ddg,low,hitta_orgnr:hitta_no_url_found | hitta_name:hitta_search_failed:Timeout for https://www.hitta.se/s%C3%B6k?vad=TEKO%20-%20Sveriges%20Textil%20och%20Modef%C3%B6retag%20Service%20AB | mojeek_skipped_rate_limited | brave_skipped_rate_limited | ddg_candidates:10 | ddg_picked:teko.se(score=14)
556730-2350,MiJes Mode AB,MiJes Mode AB,Mode,Konfektion,"Konfektion; Butikshandel; Detaljhandel; Kläder, skor; Postorder/e-handel",Östergötland,Linköping,Linköping,581 28,Västrasvedengatan I-Huset,4640000,2025-08,in_band,true,2,,013151511,,,,https://www.allabolag.se/foretag/mijes-mode-ab/linkoping/-/2K2MLZII63II4,not_found,,hitta_orgnr:hitta_no_url_found | hitta_name:hitta_no_next_data | mojeek_skipped_rate_limited | brave_skipped_rate_limited | ddg_candidates:10 | ddg_no_name_match
556503-1613,Borlänge Hälsokost AB,Borlänge Hälsokost AB,Hälsokost,Livsmedel,"Livsmedel; Hälsokost, naturläkemedel; Detaljhandel; Butikshandel",Dalarna,Borlänge,Borlänge,784 33,Borganäsvägen 26,4599000,2025-04,in_band,true,3,,,,,https://www.borlange.se,https://www.allabolag.se/foretag/borlange-halsokost-ab/borlange/-/2K19XVHI5YFWD,ddg,low,hitta_orgnr:hitta_no_url_found | hitta_name:hitta_no_next_data | mojeek_skipped_rate_limited | brave_skipped_rate_limited | ddg_candidates:12 | ddg_picked:borlange.se(score=14)
556690-4271,Hayssam i Sandviken AB,Hayssam i Sandviken AB,Skor,Skor,Skor; Läder och lädervaror; Reparatörer; Tvätterier,Gävleborg,Sandviken,Sandviken,811 39,Köpmangatan 9,4580000,2024-12,in_band,true,1-4,,,,,https://xn--gvlekemtvtt-l8ai.se/,https://www.allabolag.se/foretag/hayssam-i-sandviken-ab/sandviken/-/2K2E2TRI5YHGY,hitta_orgnr,high,hitta_orgnr:hitta_detail | hitta_orgnr:https://www.hitta.se/g%C3%A4vle+tv%C3%A4tten+klackbaren+tv%C3%A4tt%C3%A5get/g%C3%A4vle/mnnubfaqr | hitta_orgnr:orgnr_match | hitta_orgnr:url_in_own_segment
556926-3048,Harry Christiansson Mode AB,Harry Christiansson Mode AB,Mode,Konfektion,"Konfektion; Butikshandel; Detaljhandel; Kläder, skor",Västra Götaland,Borås,Borås,503 37,Österlånggatan 44,4572000,2025-08,in_band,true,2,,,,,,https://www.allabolag.se/foretag/harry-christiansson-mode-ab/boras/-/2K3SMVCI63II4,not_found,,hitta_orgnr:hitta_no_url_found | hitta_name:hitta_no_next_data | mojeek_skipped_rate_limited | brave_skipped_rate_limited | ddg_candidates:10 | ddg_no_name_match
556301-8646,Look & like Mode Aktiebolag,Look & like Mode Aktiebolag,Mode,Konfektion,"Konfektion; Butikshandel; Detaljhandel; Kläder, skor",Västra Götaland,Uddevalla,Uddevalla,451 30,Kungsgatan 17,4563000,2025-02,in_band,true,2,,,,,http://looklike.se,https://www.allabolag.se/foretag/look-och-like-mode-aktiebolag/uddevalla/-/2K02SNQI63II4,ddg,low,hitta_orgnr:hitta_no_url_found | hitta_name:hitta_no_next_data | mojeek_skipped_rate_limited | brave_skipped_rate_limited | ddg_candidates:10 | ddg_picked:looklike.se(score=14)
556295-2308,Modebutiken Jon & Jonna Aktiebolag,Modebutiken Jon & Jonna Aktiebolag,Mode,Konfektion,"Konfektion; Butikshandel; Detaljhandel; Kläder, skor",Örebro,Karlskoga,Karlskoga,691 31,Kilgatan 5,4551000,2025-08,in_band,true,3,,,,,,https://www.allabolag.se/foretag/modebutiken-jon-och-jonna-aktiebolag/karlskoga/-/2K01DH0I63II4,not_found,,hitta_orgnr:hitta_no_url_found | hitta_name:hitta_no_next_data | mojeek_skipped_rate_limited | brave_skipped_rate_limited | ddg_candidates:10 | ddg_no_name_match
556977-0695,H.A Smycken AB,H.A Smycken AB,Smycken,Urmakare,"Urmakare; Klockor, ur; Guld, silver, ädelstenar; Butikshandel",Stockholm,Upplands Väsby,Upplands Väsby,194 70,Dragonvägen 86,4537000,2024-12,in_band,true,3,,,,,,https://www.allabolag.se/foretag/h-a-smycken-ab/upplands-vasby/-/2K43IKNI63IL5,not_found,,hitta_orgnr:hitta_no_url_found | hitta_name:hitta_no_url_found | mojeek_skipped_rate_limited | brave_skipped_rate_limited | ddg_candidates:12 | ddg_no_name_match
556813-9660,Sandgrens - Toffeln AB,Sandgrens - Toffeln AB,Skor,Skor,Skor; Skor och tillbehör - produktion; Producenter,Kalmar,Kalmar,Påryd,388 99,Ugglebo 611,4536000,2024-12,in_band,true,3,,048093039,,,http://www.parydtoffeln.se,https://www.allabolag.se/foretag/sandgrens-toffeln-ab/kalmar/-/2K34K24I5YHGY,hitta_orgnr,high,hitta_orgnr:hitta_detail | hitta_orgnr:https://www.hitta.se/sandgrens+toffeln+ab/p%C3%A5ryd/msydlqvef | hitta_orgnr:orgnr_match | hitta_orgnr:url_in_own_segment
559450-3319,Smycka butiksbolaget i Sundsvall AB,Smycka butiksbolaget i Sundsvall AB,Smycken,Urmakare,"Urmakare; Klockor, ur; Guld, silver, ädelstenar; Butikshandel",Västernorrland,Sundsvall,Sundsvall,856 30,Medborgargatan 31 d,4506000,2025-04,in_band,true,2,,,,,https://www.smycka.se,https://www.allabolag.se/foretag/smycka-butiksbolaget-i-sundsvall-ab/sundsvall/-/2KITMDZI63IL5,ddg,low,hitta_orgnr:hitta_no_url_found | hitta_name:hitta_no_next_data | mojeek_skipped_rate_limited | brave_skipped_rate_limited | ddg_candidates:10 | ddg_picked:smycka.se(score=14)
559044-9400,GYMPARTNER TRÄNINGSUTRUSTNING,GymPartner Träningsutrustning i Mölndal AB,Sport,Sport,Sport; Sport - grossist; Grossister,Västra Götaland,Mölndal,Mölndal,431 33,Nämndemansgatan 17,4494000,2025-09,in_band,true,2,,030028080,maximus@gympartner.nu,https://gympartner.nu/,https://gympartner.nu/,https://www.allabolag.se/foretag/gympartner-traningsutrustning/molndal/-/2KGEQD4I5YHR6,already_present,,
556553-0671,Modins Takreparationer AB,Modins Takreparationer AB,Mode,Takbeläggningar,Takbeläggningar; Byggmästare; Takarbeten,,,Filipstad,682 91,Kalhyttev. 16,4447000,2024-12,in_band,true,1,,070 9697101,info@modinstak.se,http://www.modinstak.se,http://www.modinstak.se,https://www.allabolag.se/foretag/modins-takreparationer-ab/-/-/2K1KMY7I5YHVS,already_present,,
556362-3189,Elons Leksaker AB,Elons Leksaker AB,Leksaker,"Spel, nöjesanläggningsutrustningar","Spel, nöjesanläggningsutrustningar; Butikshandel; Detaljhandel",Västmanland,Sala,Sala,733 30,Rådhusgatan 8 c,4446000,2024-12,in_band,true,3,,,,,http://www.leklust.se/butiker/sala/,https://www.allabolag.se/foretag/elons-leksaker-ab/sala/-/2K0FR4LI5YHPS,hitta_orgnr,high,hitta_orgnr:hitta_detail | hitta_orgnr:https://www.hitta.se/elons+leksaker+ab/sala/lnsuvbjl | hitta_orgnr:orgnr_match | hitta_orgnr:url_in_own_segment
556732-3174,Klock o smyckesbutiken i Falkenberg AB,Klock o smyckesbutiken i Falkenberg AB,Smycken,Urmakare,"Urmakare; Klockor, ur; Guld, silver, ädelstenar; Butikshandel",Halland,Falkenberg,Falkenberg,311 31,Nygatan 38,4426000,2025-08,in_band,true,2,,034610582,,,https://www.klockmaster.se,https://www.allabolag.se/foretag/klock-o-smyckesbutiken-i-falkenberg-ab/falkenberg/-/2K2N21YI63IL5,ddg,low,hitta_orgnr:hitta_no_url_found | hitta_name:hitta_no_next_data | mojeek_skipped_rate_limited | brave_skipped_rate_limited | ddg_candidates:10 | ddg_picked:klockmaster.se(score=14)
556988-5287,AB Visby Hälsokost,AB Visby Hälsokost,Hälsokost,Livsmedel,"Livsmedel; Hälsokost, naturläkemedel; Detaljhandel; Butikshandel; Hälsotjänster",Gotland,Gotland,Visby,621 58,Söderväg 6,4425000,2025-02,in_band,true,3,,,,,https://visbyhalsokost.se/,https://www.allabolag.se/foretag/ab-visby-halsokost/gotland/-/2K45YZRI5YFWD,hitta_orgnr,high,hitta_orgnr:hitta_detail | hitta_orgnr:https://www.hitta.se/visby+h%C3%A4lsokost+ab/visby/aoseamtuv | hitta_orgnr:orgnr_match | hitta_orgnr:url_in_own_segment
559099-0262,Fadi & Milad Skomakeri AB,Fadi & Milad Skomakeri AB,Skor,Skor,Skor; Läder och lädervaror; Reparatörer,Stockholm,Stockholm,Stockholm,115 20,Karlaplan 13,4422000,2025-04,in_band,true,6,,,,,,https://www.allabolag.se/foretag/fadi-och-milad-skomakeri-ab/stockholm/-/2KGQBP2I5YHGY,not_found,,hitta_orgnr:hitta_no_url_found | hitta_name:hitta_no_next_data | mojeek_skipped_rate_limited | brave_skipped_rate_limited | ddg_candidates:10 | ddg_no_name_match
556753-7559,ColorGlo International Sweden AB,ColorGlo International Sweden AB,Skor,Skor,Möbler; Reparatörer; Producenter; Läder och lädervaror - tillverkning; Läder och lädervaror; Bilar; Bilreparationer; Möbler - Produktion; Skor,Skåne,Helsingborg,Helsingborg,254 67,Karbingatan 12,4412000,2025-04,in_band,true,4,,0762592579,,,https://www.colorglo.se/,https://www.allabolag.se/foretag/colorglo-international-sweden-ab/helsingborg/-/2K2RNH3I5YHGY,hitta_orgnr,high,hitta_orgnr:hitta_detail | hitta_orgnr:https://www.hitta.se/colorglo-international-sweden-ab/helsingborg/koovhmrb | hitta_orgnr:orgnr_match | hitta_orgnr:url_in_own_segment
559112-2204,Vapenation AB,Vapenation AB,E-handel,E-handel,Tobak; E-handel; Detaljhandel; Butikshandel,Uppsala,Enköping,Enköping,749 40,Annelundsgatan 17 c,4386000,2025-06,in_band,true,2,,,info@vapenation.se,,https://www.vapenation.se,https://www.allabolag.se/foretag/vapenation-ab/enkoping/-/2KGT5I4I5YDVM,ddg,medium,hitta_orgnr:hitta_no_url_found | hitta_name:hitta_no_next_data | mojeek_skipped_rate_limited | brave_skipped_rate_limited | ddg_candidates:10 | ddg_picked:vapenation.se(score=22)
556934-1133,CITYLEKSAKER I LANDSKRONA AB,CITYLEKSAKER I LANDSKRONA AB,Leksaker,"Spel, nöjesanläggningsutrustningar","Spel, nöjesanläggningsutrustningar; Butikshandel; Detaljhandel",Skåne,Landskrona,Landskrona,261 33,Eriksgatan 4,4385000,2024-12,in_band,true,3,,,,,,https://www.allabolag.se/foretag/cityleksaker-i-landskrona-ab/landskrona/-/2K3UB4DI5YHPS,not_found,,hitta_orgnr:hitta_no_url_found | hitta_name:hitta_no_next_data | mojeek_skipped_rate_limited | brave_skipped_rate_limited | ddg_candidates:10 | ddg_no_name_match
556663-9943,Soeasy Hudvård AB,Soeasy Hudvård AB,Hudvård,Hudvårdsprodukter,Hudvårdsprodukter,Värmland,Hammarö,Skoghall,663 30,Badhusgatan 2,4306000,2024-12,in_band,true,4,,,,,,https://www.allabolag.se/foretag/soeasy-hudvard-ab/hammaro/-/2K28EVBI63IH6,not_found,,hitta_orgnr:hitta_no_url_found | hitta_name:hitta_no_next_data | mojeek_skipped_rate_limited | brave_skipped_rate_limited | ddg_candidates:10 | ddg_no_name_match
559023-6369,Klockan & Smycket Triangeln AB,Klockan & Smycket Triangeln AB,Smycken,Urmakare,"Urmakare; Klockor, ur; Guld, silver, ädelstenar; Butikshandel",Skåne,Malmö,Malmö,211 46,S:T Johannesgatan 1 e,4296000,2025-12,in_band,true,3,,,,,https://klockanochsmycket.com,https://www.allabolag.se/foretag/klockan-och-smycket-triangeln-ab/malmo/-/2KGA5ZLI63IL5,ddg,low,hitta_orgnr:hitta_no_url_found | hitta_name:hitta_no_next_data | mojeek_skipped_rate_limited | brave_skipped_rate_limited | ddg_candidates:10 | ddg_picked:klockanochsmycket.com(score=12)
559338-4653,AT Hantverk AB,AT Hantverk AB,Skor,Skor,"Reparatörer; Privat tjänsteutövning; Läder och lädervaror; Läder, skor, inredning, reseeffekter och textilier; Detaljhandel; Butikshandel; Skor",Stockholm,Lidingö,Lidingö,181 32,Stockholmsvägen 54,4236000,2024-12,in_band,true,2,,,,,,https://www.allabolag.se/foretag/at-hantverk-ab/lidingo/-/2KI5N7XI5YHGY,not_found,,hitta_orgnr:hitta_no_url_found | hitta_name:hitta_no_next_data | mojeek_skipped_rate_limited | brave_skipped_rate_limited | ddg_candidates:10 | ddg_no_name_match
556459-0254,Nyqvist Hälsokost AB,Nyqvist Hälsokost AB,Hälsokost,Livsmedel,"Livsmedel; Hälsokost, naturläkemedel; Detaljhandel; Butikshandel",Västra Götaland,Alingsås,Alingsås,441 30,Kungsgatan 29,4215000,2025-04,in_band,true,4,,032216690,,,https://isaknyqvist.com,https://www.allabolag.se/foretag/nyqvist-halsokost-ab/alingsas/-/2K10HBII5YFWD,ddg,low,hitta_orgnr:hitta_no_url_found | hitta_name:hitta_no_next_data | mojeek_failed:HTTP 403 for https://www.mojeek.com/search?q=Nyqvist%20H%C3%A4lsokost%20AB%20hemsida | brave_skipped_rate_limited | ddg_candidates:12 | ddg_picked:isaknyqvist.com(score=12)
556911-7665,Mörby Sko & Nyckel Service AB,Mörby Sko & Nyckel Service AB,Skor,Skor,Skor; Läder och lädervaror; Reparatörer,Stockholm,Danderyd,Danderyd,182 31,Mörby Centrum 4,4199000,2025-12,in_band,true,3,,,,,https://morbycentrum.se,https://www.allabolag.se/foretag/morby-sko-och-nyckel-service-ab/danderyd/-/2K3PIOXI5YHGY,ddg,low,hitta_orgnr:hitta_no_url_found | hitta_name:hitta_no_next_data | mojeek_skipped_rate_limited | brave_skipped_rate_limited | ddg_candidates:10 | ddg_picked:morbycentrum.se(score=14)
556226-8747,Leksakshuset Backabo Fastighetsförvaltning AB,Leksakshuset Backabo Fastighetsförvaltning AB,Leksaker,"Spel, nöjesanläggningsutrustningar","Spel, nöjesanläggningsutrustningar; Butikshandel; Detaljhandel; Fastighetsbolag, lokaler",Blekinge,Karlskrona,Karlskrona,371 54,Lallerstedts Gata 5,4195000,2024-12,in_band,true,0,,045524210,,,https://leksakshuset.com,https://www.allabolag.se/foretag/leksakshuset-backabo-fastighetsforvaltning-ab/karlskrona/-/2JZMQ17I5YHPS,ddg,low,hitta_orgnr:hitta_no_url_found | hitta_name:hitta_no_next_data | mojeek_skipped_rate_limited | brave_skipped_rate_limited | ddg_candidates:11 | ddg_picked:leksakshuset.com(score=12)
556461-2173,Tengblads Mode Aktiebolag,Tengblads Mode Aktiebolag,Mode,Konfektion,"Konfektion; Butikshandel; Detaljhandel; Kläder, skor",Jönköping,Jönköping,Huskvarna,561 32,Tegnérgatan 2 b,4169000,2025-06,in_band,true,3,,036130337,,,https://www.tengblads.se,https://www.allabolag.se/foretag/tengblads-mode-aktiebolag/jonkoping/-/2K10Y8DI63II4,ddg,low,hitta_orgnr:hitta_no_url_found | hitta_name:hitta_no_next_data | mojeek_skipped_rate_limited | brave_skipped_rate_limited | ddg_candidates:10 | ddg_picked:tengblads.se(score=14)
559016-7465,Karrar Hår- och Hudvård AB,Karrar Hår- och Hudvård AB,Hudvård,"Kosmetik, parfym och frisörartiklar","Kosmetik, parfym och frisörartiklar; Detaljhandel; Butikshandel",Västmanland,Västerås,Västerås,721 38,Krankroksgatan 17,4105000,2025-08,in_band,true,2,,,,,,https://www.allabolag.se/foretag/karrar-har-och-hudvard-ab/vasteras/-/2KG8OTLI63IIB,not_found,,hitta_orgnr:hitta_no_url_found | hitta_name:hitta_no_next_data | mojeek_skipped_rate_limited | brave_skipped_rate_limited | ddg_candidates:10 | ddg_no_name_match
556168-6618,Torsten Pettersson Båt & Heminredning Aktiebolag,Torsten Pettersson Båt & Heminredning Aktiebolag,Heminredning,Textilier,Textilier; Textilier - Partihandel; Grossister; Textilier - Produktion; Producenter,Västra Götaland,Mölndal,Lindome,437 22,Annestorpsvägen 22,4105000,2025-12,in_band,true,3,,031992020,,,https://m.facebook.com/Petterssoninredning/,https://www.allabolag.se/foretag/torsten-pettersson-bat-och-heminredning-aktiebolag/molndal/-/2JZA8UYI5YI1F,hitta_orgnr,high,hitta_orgnr:hitta_detail | hitta_orgnr:https://www.hitta.se/torsten+pettersson+b%C3%A5t+och+heminredning+ab/lindome/ilrsxxim | hitta_orgnr:orgnr_match | hitta_orgnr:url_in_own_segment
556863-4322,Lilla Mode Sweden AB,Lilla Mode Sweden AB,Mode,Konfektion,"Konfektion; Detaljhandel; Postorder/e-handel; Kläder, skor",Västmanland,Västerås,Västerås,723 49,Spinnfiskargatan 41,4077000,2024-12,in_band,true,1,,,,,https://lillamode.se,https://www.allabolag.se/foretag/lilla-mode-sweden-ab/vasteras/-/2K3F5QQI63II4,ddg,low,hitta_orgnr:hitta_no_url_found | hitta_name:hitta_no_next_data | mojeek_skipped_rate_limited | brave_skipped_rate_limited | ddg_candidates:10 | ddg_picked:lillamode.se(score=14)
556814-6673,Mode & Service i Borlänge AB,Mode & Service i Borlänge AB,Mode,Konfektion,"Konfektion; Butikshandel; Detaljhandel; Kläder, skor",Dalarna,Borlänge,Borlänge,784 33,Målaregatan 4,4051000,2025-08,in_band,true,3,,,,,https://www.instagram.com/modeeva_borlange/,https://www.allabolag.se/foretag/mode-och-service-i-borlange-ab/borlange/-/2K34PGXI63II4,hitta_orgnr,high,hitta_orgnr:hitta_detail | hitta_orgnr:https://www.hitta.se/mode+eva/borl%C3%A4nge/algrbfam | hitta_orgnr:orgnr_match | hitta_orgnr:url_in_own_segment
556752-9929,Jenny Martinsson Hälsokost AB,Jenny Martinsson Hälsokost AB,Hälsokost,Livsmedel,"Livsmedel; Hälsokost, naturläkemedel; Detaljhandel; Butikshandel",Jönköping,Jönköping,Jönköping,553 21,Östra Storgatan 23,4012000,2025-08,in_band,true,2,,,,,,https://www.allabolag.se/foretag/jenny-martinsson-halsokost-ab/jonkoping/-/2K2RHL5I5YFWD,not_found,,hitta_orgnr:hitta_no_url_found | hitta_name:hitta_no_next_data | mojeek_skipped_rate_limited | brave_skipped_rate_limited | ddg_candidates:12 | ddg_no_name_match
556858-6977,Hudvården i Mjölby AB,Hudvården i Mjölby AB,Hudvård,Hudvårdsprodukter,Hudvårdsprodukter,Östergötland,Mjölby,Mjölby,595 30,Kungsvägen 52,3984000,2025-08,in_band,true,2,,,,,,https://www.allabolag.se/foretag/hudvarden-i-mjolby-ab/mjolby/-/2K3E57LI63IH6,not_found,,hitta_orgnr:hitta_no_url_found | hitta_name:hitta_no_next_data | mojeek_skipped_rate_limited | brave_skipped_rate_limited | ddg_candidates:10 | ddg_no_name_match
556564-9711,Jörnkängan AB,Jörnkängan AB,Skor,Skor,Skor; Skor och tillbehör - produktion; Producenter,Västerbotten,Skellefteå,Jörn,936 51,Badstugatan 2,3971000,2025-04,in_band,true,2,,,,,,https://www.allabolag.se/foretag/jornkangan-ab/skelleftea/-/2K1N6SVI5YHGY,not_found,,hitta_orgnr:hitta_no_url_found | hitta_name:hitta_no_next_data | mojeek_skipped_rate_limited | brave_skipped_rate_limited | ddg_candidates:10 | ddg_no_name_match
556998-8651,Lyckes Smycke & Present AB,Lyckes Smycke & Present AB,Smycken,Urmakare,"Urmakare; Klockor, ur; Guld, silver, ädelstenar; Butikshandel; Reparatörer",Västra Götaland,Lysekil,Lysekil,453 33,Kungsgatan 37,3969000,2024-12,in_band,true,2,,,,,http://lyckessmycke.se,https://www.allabolag.se/foretag/lyckes-smycke-och-present-ab/lysekil/-/2K486QZI63IL5,ddg,low,hitta_orgnr:hitta_no_url_found | hitta_name:hitta_no_next_data | mojeek_skipped_rate_limited | brave_skipped_rate_limited | ddg_candidates:11 | ddg_picked:lyckessmycke.se(score=14)
559027-5987,Alain Skoservice AB,Alain Skoservice AB,Skor,Skor,Skor; Läder och lädervaror; Reparatörer,Stockholm,Solna,Solna,169 79,Råsta Strandväg 13 c,3958000,2024-12,in_band,true,3,,0868428383,,,,https://www.allabolag.se/foretag/alain-skoservice-ab/solna/-/2KGB0K3I5YHGY,not_found,,hitta_orgnr:hitta_no_url_found | hitta_name:hitta_no_next_data | mojeek_skipped_rate_limited | brave_skipped_rate_limited | ddg_candidates:10 | ddg_no_name_match
556937-0744,Smycket Ur & Guld i Laholm AB,Smycket Ur & Guld i Laholm AB,Smycken,Urmakare,"Urmakare; Klockor, ur; Guld, silver, ädelstenar; Butikshandel",Halland,Laholm,Laholm,312 30,Stortorget 13,3957000,2024-12,in_band,true,2,,0733814380,,,,https://www.allabolag.se/foretag/smycket-ur-och-guld-i-laholm-ab/laholm/-/2K3UXYWI63IL5,not_found,,hitta_orgnr:hitta_no_url_found | hitta_name:hitta_no_next_data | mojeek_skipped_rate_limited | brave_skipped_rate_limited | ddg_candidates:10 | ddg_no_name_match
556613-1230,Visage Hudvård & Makeup Aktiebolag,Visage Hudvård & Makeup Aktiebolag,Hudvård,"Kosmetik, parfym och frisörartiklar","Kosmetik, parfym och frisörartiklar; Kosmetik - tillverkare och grossister; Grossister; Fastighetsbolag, lokaler; Hudvårdsprodukter",Stockholm,Stockholm,Stockholm,111 44,Lästmakargatan 6,3886000,2024-12,in_band,true,5,,08106601,,,http://www.visage.se/,https://www.allabolag.se/foretag/visage-hudvard-och-makeup-aktiebolag/stockholm/-/2K1XICEI63IIB,hitta_orgnr,high,hitta_orgnr:hitta_detail | hitta_orgnr:https://www.hitta.se/visage+hudv%C3%A5rd+och+makeup+ab/stockholm/lnrxzecmn | hitta_orgnr:orgnr_match | hitta_orgnr:url_in_own_segment
556290-9340,Zap Model Management AB,Zap Model Management AB,Mode,Reklambyråer,Reklambyråer,Stockholm,Stockholm,Stockholm,115 26,Karlavägen 100,3878000,2024-12,in_band,true,2,,,,,,https://www.allabolag.se/foretag/zap-model-management-ab/stockholm/-/2K00GBGI5YGSK,not_found,,hitta_orgnr:hitta_no_url_found | hitta_name:hitta_no_next_data | mojeek_skipped_rate_limited | brave_skipped_rate_limited | ddg_candidates:10 | ddg_no_name_match
559168-8741,Hudvårdsinstitutet i Borås AB,Hudvårdsinstitutet i Borås AB,Hudvård,Hudvårdsprodukter,"Hudvårdsprodukter; Kosmetik, parfym och frisörartiklar; Detaljhandel; Butikshandel",Västra Götaland,Borås,Borås,503 37,Allégatan 66,3875000,2025-12,in_band,true,4,,,,,https://hudvardsinstitutet.se,https://www.allabolag.se/foretag/hudvardsinstitutet-i-boras-ab/boras/-/2KH5AN9I63IH6,ddg,medium,hitta_orgnr:hitta_no_url_found | hitta_name:hitta_no_next_data | mojeek_skipped_rate_limited | brave_skipped_rate_limited | ddg_candidates:10 | ddg_picked:hudvardsinstitutet.se(score=22)
556995-0891,Skråmheden AB,Skråmheden AB,Skor,Skor,"Skor - detaljister; Detaljhandel; Butikshandel; Kläder, skor; Läder, skor, inredning, reseeffekter och textilier; Postorder/e-handel; Skor; Skor och tillbehör - produktion; Producenter; Restauranger; Konfektion",Västerbotten,Skellefteå,Skellefteå,931 96,Skråmträsk 56,3844000,2024-12,in_band,true,4,,,,,https://skramtrask.se,https://www.allabolag.se/foretag/skramheden-ab/skelleftea/-/2K47DM3I5YHGY,hitta_orgnr,high,hitta_orgnr:hitta_detail | hitta_orgnr:https://www.hitta.se/skr%C3%A5mtr%C3%A4sk+sko/skellefte%C3%A5/lggstfkrs | hitta_orgnr:orgnr_match | hitta_orgnr:url_in_own_segment
559192-8949,PN Smyckesbutik Sala AB,PN Smyckesbutik Sala AB,Smycken,Detaljhandel,Detaljhandel; Detaljhandel - annat; Butikshandel,Västmanland,Sala,Sala,733 30,Stora Torget 5 c,3786000,2025-04,in_band,true,2,,022414503,,,,https://www.allabolag.se/foretag/pn-smyckesbutik-sala-ab/sala/-/2KHAFZPI63ILU,not_found,,hitta_orgnr:hitta_no_url_found | hitta_name:hitta_no_next_data | mojeek_skipped_rate_limited | brave_skipped_rate_limited | ddg_candidates:10 | ddg_no_name_match
556423-7641,Modern Yachts F R AB,Modern Yachts F R Aktiebolag,Mode,Bilreparationer,"Bilreparationer; Bilar; Båtvarv, båtbyggare; Producenter",Stockholm,Lidingö,Lidingö,181 41,FÖRRÅDSVÄGEN 2,3767000,2025-08,in_band,true,2,,087670700,,,https://www.modern-yachts.com,https://www.allabolag.se/foretag/modern-yachts-f-r-ab/lidingo/-/2K0SX8PI5YD2A,ddg,low,hitta_orgnr:hitta_no_url_found | hitta_name:hitta_no_next_data | mojeek_skipped_rate_limited | brave_skipped_rate_limited | ddg_candidates:10 | ddg_picked:modern-yachts.com(score=12)
556478-0442,JA Toffeln i Kristianstad Aktiebolag,JA Toffeln i Kristianstad Aktiebolag,Skor,Skor,Skor; Skor och tillbehör - produktion; Producenter,Skåne,Hässleholm,Vinslöv,288 31,Edvin Widéns Väg 38,3740000,2025-04,in_band,true,1,,04485180,,,,https://www.allabolag.se/foretag/ja-toffeln-i-kristianstad-aktiebolag/hassleholm/-/2K14K2II5YHGY,not_found,,hitta_orgnr:hitta_no_url_found | hitta_name:hitta_no_next_data | mojeek_skipped_rate_limited | brave_skipped_rate_limited | ddg_candidates:10 | ddg_no_name_match
559429-7839,Backaplan Hälsokost AB,Backaplan Hälsokost AB,Hälsokost,Livsmedel,"Livsmedel; Hälsokost, naturläkemedel; Detaljhandel; Butikshandel",Västra Götaland,Alingsås,Alingsås,441 30,Kungsgatan 29,3714000,2025-04,in_band,true,2,,,,,https://backaplan.se,https://www.allabolag.se/foretag/backaplan-halsokost-ab/alingsas/-/2KIP7U7I5YFWD,ddg,low,hitta_orgnr:hitta_no_url_found | hitta_name:hitta_no_next_data | mojeek_skipped_rate_limited | brave_skipped_rate_limited | ddg_candidates:12 | ddg_picked:backaplan.se(score=14)
559235-9243,Trygga träd AB,Trygga träd AB,Trädgård,Parkanläggningar,Parkanläggningar,,,,,,3680000,2024-12,in_band,true,4,,08-36 20 08,info@tryggatrad.se,https://www.tryggatrad.se,https://www.tryggatrad.se,https://www.allabolag.se/foretag/trygga-trad-ab/-/-/2KHJO0BI63IJW,already_present,,
559013-6494,miksi mode AB,miksi mode AB,Mode,Konfektion,"Konfektion; Butikshandel; Detaljhandel; Kläder, skor",Östergötland,Mjölby,Mjölby,595 30,Kungsvägen 60,3633000,2025-08,in_band,true,3,,,,,,https://www.allabolag.se/foretag/miksi-mode-ab/mjolby/-/2KG80XAI63II4,not_found,,hitta_orgnr:hitta_no_url_found | hitta_name:hitta_no_next_data | mojeek_skipped_rate_limited | brave_skipped_rate_limited | ddg_candidates:10 | ddg_no_name_match
559116-3059,MG:s Mode i Piteå AB,MG:s Mode i Piteå AB,Mode,Konfektion,"Konfektion; Butikshandel; Detaljhandel; Kläder, skor",Norrbotten,Piteå,Piteå,941 32,Uddmansgatan 6,3631000,2025-08,in_band,true,1,,0911211353,,,,https://www.allabolag.se/foretag/mg-s-mode-i-pitea-ab/pitea/-/2KGU10ZI63II4,not_found,,hitta_orgnr:hitta_no_url_found | hitta_name:hitta_no_next_data | mojeek_skipped_rate_limited | brave_skipped_rate_limited | ddg_candidates:10 | ddg_no_name_match
559053-3351,Moon Mode AB,Moon Mode AB,Mode,Elektronik - Legotillverkning,Elektronik - Legotillverkning; Elektronik - Produktionsutrustningar; Producenter,Stockholm,Huddinge,Segeltorp,141 72,Tranvägen 37,3628000,2024-12,in_band,true,2,,,,,,https://www.allabolag.se/foretag/moon-mode-ab/huddinge/-/2KGGJ53I5YDXQ,not_found,,hitta_orgnr:hitta_no_url_found | hitta_name:hitta_no_next_data | mojeek_skipped_rate_limited | brave_skipped_rate_limited | ddg_candidates:10 | ddg_no_name_match
559010-0706,Rakel och Lea Smycken & Klockor AB,Rakel och Lea Smycken & Klockor AB,Smycken,Urmakare,"Urmakare; Klockor, ur; Guld, silver, ädelstenar; Butikshandel",Stockholm,Nynäshamn,Nynäshamn,149 32,Centralgatan 6,3627000,2025-04,in_band,true,3,,,,,http://rakelochlea.se/,https://www.allabolag.se/foretag/rakel-och-lea-smycken-och-klockor-ab/nynashamn/-/2KG79B6I63IL5,hitta_orgnr,high,hitta_orgnr:hitta_detail | hitta_orgnr:https://www.hitta.se/rakel+och+lea+smycken+och+klockor+ab/nyn%C3%A4shamn/jcnrvhlr | hitta_orgnr:orgnr_match | hitta_orgnr:url_in_own_segment
559280-4693,Saltis Hälsokost AB,Saltis Hälsokost AB,Hälsokost,Livsmedel,"Livsmedel; Hälsokost, naturläkemedel; Detaljhandel; Butikshandel; Hudvårdsprodukter",Stockholm,Nacka,Saltsjöbaden,133 31,Saltsjö Torg 2-8,3601000,2024-12,in_band,true,2,,,,,,https://www.allabolag.se/foretag/saltis-halsokost-ab/nacka/-/2KHT7PXI5YFWD,not_found,,hitta_orgnr:hitta_no_url_found | hitta_name:hitta_no_next_data | mojeek_skipped_rate_limited | brave_skipped_rate_limited | ddg_candidates:12 | ddg_no_name_match
556484-2234,Kulturjern AB,Kulturjern Aktiebolag,Trädgård,Belysningsarmatur - Komponenter,"Belysningsarmatur - Komponenter; Ljudanläggningar, ljusanläggningar, bildanläggningar; Grossister",Stockholm,Värmdö,Värmdö,139 34,Fruviksvägen 40,3582000,2024-12,in_band,true,1,,08 267930,info@kulturjern.se,http://www.kulturjern.se,http://www.kulturjern.se,https://www.allabolag.se/foretag/kulturjern-ab/varmdo/-/2K15VQYI5YCO4,already_present,,
559110-9854,Rättviks Hälsokost AB,Rättviks Hälsokost AB,Hälsokost,Livsmedel,"Livsmedel; Hälsokost, naturläkemedel; Detaljhandel; Butikshandel",Dalarna,Rättvik,Rättvik,795 30,Storgatan 12,3548000,2025-04,in_band,true,2,,,,,https://rattvik.cylex.se,https://www.allabolag.se/foretag/rattviks-halsokost-ab/rattvik/-/2KGSVZ2I5YFWD,ddg,low,hitta_orgnr:hitta_no_url_found | hitta_name:hitta_no_next_data | mojeek_skipped_rate_limited | brave_skipped_rate_limited | ddg_candidates:12 | ddg_picked:rattvik.cylex.se(score=12)
559460-4729,DM Bygg & Städ AB,DM Bygg & Städ AB,Trädgård,Entreprenörer,Entreprenörer; Städservice; Byggmästare; Kontor- och teletjänster,Stockholm,Botkyrka,Uttran,147 60,Tant Gröns Väg 3,3535000,2024-12,in_band,true,6,,0735105843,info@dmbyggstadab.se,https://dmbyggstadab.se/,https://dmbyggstadab.se/,https://www.allabolag.se/foretag/dm-bygg-och-stad-ab/botkyrka/-/2KIVSMXI63IFX,already_present,,
559174-4965,Moda Skrädderi AB,Moda Skrädderi AB,Skor,Skor,Reparatörer; Konfektion; Producenter; Kläder - produktion; Kläder; Grossister; Skor; Läder och lädervaror,Stockholm,Järfälla,Järfälla,175 61,Rimfaxegränd 45,3507000,2024-12,in_band,true,4,,,,,,https://www.allabolag.se/foretag/moda-skradderi-ab/jarfalla/-/2KH6I11I5YHGY,not_found,,hitta_orgnr:hitta_no_url_found | hitta_name:hitta_no_next_data | mojeek_skipped_rate_limited | brave_skipped_rate_limited | ddg_candidates:10 | ddg_no_name_match
559131-5626,Avorda Aktiebolag,Avorda Aktiebolag,Skor,Skor,Tvätterier; Skor; Läder och lädervaror; Reparatörer,Halland,Halmstad,Halmstad,302 41,Lars Montins Väg 29,3497000,2024-12,in_band,true,3,,,,,http://halmstadskomakeri.se/,https://www.allabolag.se/foretag/avorda-aktiebolag/halmstad/-/2KGXAQYI5YHGY,hitta_orgnr,high,hitta_orgnr:hitta_detail | hitta_orgnr:https://www.hitta.se/halmstad-sko-och-nyckelservice/halmstad/mqbzzagq | hitta_orgnr:orgnr_match | hitta_orgnr:url_in_own_segment
556886-1206,NaturligtVis Hälsokost i Sandviken AB,NaturligtVis Hälsokost i Sandviken AB,Hälsokost,Livsmedel,"Livsmedel; Hälsokost, naturläkemedel; Detaljhandel; Butikshandel",Gävleborg,Sandviken,Sandviken,811 39,Hyttgatan 31,3396000,2025-08,in_band,true,3,,026271944,,,http://www.naturligtvis.net,https://www.allabolag.se/foretag/naturligtvis-halsokost-i-sandviken-ab/sandviken/-/2K3K0T2I5YFWD,ddg,low,hitta_orgnr:hitta_no_url_found | hitta_name:hitta_no_next_data | mojeek_skipped_rate_limited | brave_skipped_rate_limited | ddg_candidates:12 | ddg_picked:naturligtvis.net(score=12)
556833-3834,Edvardson Sweden AB,Edvardson Sweden AB,Skor,Skor,Skor; Skor och tillbehör - produktion; Producenter; Sport; Sport - grossist; Grossister; Skogstjänster; Detaljhandel - annat; Detaljhandel; Butikshandel -övrigt,Dalarna,Malung-Sälen,Malungsfors,782 75,Skinnargränd 2,3389000,2025-04,in_band,true,2,,,,,https://www.edvardson.se/sv/,https://www.allabolag.se/foretag/edvardson-sweden-ab/malung-salen/-/2K38PVUI5YHGY,hitta_orgnr,high,hitta_orgnr:hitta_detail | hitta_orgnr:https://www.hitta.se/edvardson+sweden+ab/malungsfors/lnpbzdkr | hitta_orgnr:orgnr_match | hitta_orgnr:url_in_own_segment
559390-4450,Lepax AB,Lepax AB,Skor,Skor,Skor; Läder och lädervaror; Reparatörer; Möbler; Producenter; Läder och lädervaror - tillverkning; Detaljhandel; Möbler - Produktion,Örebro,Örebro,Örebro,703 44,Stubbengatan 2,3379000,2025-07,in_band,true,2,,,,,,https://www.allabolag.se/foretag/lepax-ab/orebro/-/2KIGSAQI5YHGY,not_found,,hitta_orgnr:hitta_no_url_found | hitta_name:hitta_no_next_data | mojeek_skipped_rate_limited | brave_skipped_rate_limited | ddg_candidates:10 | ddg_no_name_match
556473-2641,Modeco Aktiebolag,Modeco Aktiebolag,Mode,"Metaller, legeringar","Metaller, legeringar; Metaller, legeringar - Produktion; Producenter",Västra Götaland,Lerum,Stenkullen,443 61,Färgvägen 1,3370000,2025-06,in_band,true,2,,030222470,,,https://modeco.se,https://www.allabolag.se/foretag/modeco-aktiebolag/lerum/-/2K13J6PI5YGAN,ddg,medium,hitta_orgnr:hitta_no_url_found | hitta_name:hitta_no_url_found | mojeek_skipped_rate_limited | brave_skipped_rate_limited | ddg_candidates:10 | ddg_picked:modeco.se(score=22)
556956-1326,Milanius mode AB,Milanius mode AB,Mode,Konfektion,"Konfektion; Butikshandel; Detaljhandel; Kläder, skor",Stockholm,Stockholm,Sköndal,128 69,Tårtvägen 26,3358000,2024-12,in_band,true,1,,,,,https://www.milanius.se,https://www.allabolag.se/foretag/milanius-mode-ab/stockholm/-/2K3Z10UI63II4,ddg,low,hitta_orgnr:hitta_no_url_found | hitta_name:hitta_no_next_data | mojeek_skipped_rate_limited | brave_skipped_rate_limited | ddg_candidates:10 | ddg_picked:milanius.se(score=14)
556075-4599,Aktiebolaget Nymans Toffelfabrik,Aktiebolaget Nymans Toffelfabrik,Skor,Skor,"Skor - detaljister; Detaljhandel; Butikshandel; Kläder, skor; Skor; Skor och tillbehör - produktion; Producenter",Jönköping,Vetlanda,Vetlanda,574 38,Magasinsgatan 33,3339000,2024-12,in_band,true,3,,038310412,,,,https://www.allabolag.se/foretag/aktiebolaget-nymans-toffelfabrik/vetlanda/-/2JYQ9PJI5YHGY,not_found,,hitta_orgnr:hitta_no_url_found | hitta_name:hitta_no_url_found | mojeek_skipped_rate_limited | brave_skipped_rate_limited | ddg_candidates:10 | ddg_no_name_match
559119-8360,Mys Mode i Kristinehamn AB,Mys Mode i Kristinehamn AB,Mode,Konfektion,"Konfektion; Butikshandel; Detaljhandel; Kläder, skor; Redovisning, bokföring; Skatterådgivning; Uthyrning; Arbetskraftstjänster",Värmland,Kristinehamn,Kristinehamn,681 31,Kungsgatan 42,3302000,2025-12,in_band,true,2,,,,,,https://www.allabolag.se/foretag/mys-mode-i-kristinehamn-ab/kristinehamn/-/2KGUS9KI63II4,not_found,,hitta_orgnr:hitta_no_url_found | hitta_name:hitta_no_next_data | mojeek_skipped_rate_limited | brave_skipped_rate_limited | ddg_candidates:10 | ddg_no_name_match
559106-9314,Ystad Smycken & Klockor AB,Ystad Smycken & Klockor AB,Smycken,Urmakare,"Urmakare; Klockor, ur; Guld, silver, ädelstenar; Butikshandel; Reparatörer",Skåne,Ystad,Ystad,271 34,Stora Östergatan 29,3293000,2025-02,in_band,true,3,,,,,,https://www.allabolag.se/foretag/ystad-smycken-och-klockor-ab/ystad/-/2KGS0OYI63IL5,not_found,,hitta_orgnr:hitta_no_url_found | hitta_name:hitta_no_next_data | mojeek_skipped_rate_limited | brave_candidates:51 | brave_no_name_match | ddg_candidates:11 | ddg_no_name_match
556466-1915,Leksakslagret E-Produkter Aktiebolag,Leksakslagret E-Produkter Aktiebolag,Leksaker,Detaljhandel - annat,Detaljhandel - annat; Detaljhandel; Postorder/e-handel,Västra Götaland,Tibro,Tibro,543 35,Mariestadsvägen 25,3291000,2025-04,in_band,true,1,,,,,,https://www.allabolag.se/foretag/leksakslagret-e-produkter-aktiebolag/tibro/-/2K120M3I63ILV,not_found,,hitta_orgnr:hitta_no_url_found | hitta_name:hitta_no_next_data | mojeek_skipped_rate_limited | brave_candidates:53 | brave_no_name_match | ddg_candidates:10 | ddg_no_name_match
559199-2440,Robert Eriksson Service AB,Robert Eriksson Service AB,Skor,Skor,Skor; Läder och lädervaror; Reparatörer,Stockholm,Huddinge,Skogås,142 52,Rökslingan 22 a,3256000,2025-04,in_band,true,3,,,,,,https://www.allabolag.se/foretag/robert-eriksson-service-ab/huddinge/-/2KHBSZCI5YHGY,not_found,,hitta_orgnr:hitta_no_url_found | hitta_name:hitta_no_next_data | mojeek_skipped_rate_limited | brave_failed:HTTP 429 for https://search.brave.com/search?q=Robert%20Eriksson%20Service%20AB%20hemsida | ddg_candidates:10 | ddg_no_name_match
559475-1769,Hudvårdscenter Ystad AB,Hudvårdscenter Ystad AB,Hudvård,Hudvårdsprodukter,"Hudvårdsprodukter; Kosmetik, parfym och frisörartiklar; Detaljhandel; Butikshandel; Postorder/e-handel; Hälsotjänster",Skåne,Ystad,Ystad,271 41,Jennygatan 3,3256000,2025-08,in_band,true,2,,,,,,https://www.allabolag.se/foretag/hudvardscenter-ystad-ab/ystad/-/2KIYY3DI63IH6,not_found,,hitta_orgnr:hitta_no_url_found | hitta_name:hitta_no_next_data | mojeek_skipped_rate_limited | brave_skipped_rate_limited | ddg_candidates:10 | ddg_no_name_match
556418-4157,Ranungers El- och Trädgårdsservice AB,Ranungers El- och Trädgårdsservice AB,Trädgård,Trädgårdsanläggningar,Trädgårdsanläggningar; Parkanläggningar,Värmland,Sunne,ROTTNEROS,68694,Tonerud 172,3251000,2024-12,in_band,true,4,,0703-374717,johan.ranunger@telia.com,,,https://www.allabolag.se/foretag/ranungers-el-och-tradgardsservice-ab/sunne/-/2K0RRZ1I5YI51,not_found,,hitta_orgnr:hitta_no_url_found | hitta_name:hitta_no_next_data | mojeek_skipped_rate_limited | brave_skipped_rate_limited | ddg_candidates:11 | ddg_no_name_match
559480-0616,Arboga skor och mode AB,Arboga skor och mode AB,Mode,Skor - detaljister,"Skor - detaljister; Detaljhandel; Butikshandel; Kläder, skor; Konfektion",Västmanland,Arboga,Arboga,732 30,Ahllöfsgatan 17,3239000,2025-08,in_band,true,2,,,,,https://arbogaskor.se,https://www.allabolag.se/foretag/arboga-skor-och-mode-ab/arboga/-/2KIZZS8I63IKK,ddg,low,hitta_orgnr:hitta_no_url_found | hitta_name:hitta_no_next_data | mojeek_skipped_rate_limited | brave_skipped_rate_limited | ddg_candidates:10 | ddg_picked:arbogaskor.se(score=14)
556726-8932,Arvika Hälsokost AB,Arvika Hälsokost AB,Hälsokost,Livsmedel,"Livsmedel; Hälsokost, naturläkemedel; Detaljhandel; Butikshandel",Värmland,Arvika,Arvika,671 31,Storgatan 33,3191000,2025-04,in_band,true,1-4,,057013635,,,https://arvikashopping.se,https://www.allabolag.se/foretag/arvika-halsokost-ab/arvika/-/2K2LW78I5YFWD,ddg,low,hitta_orgnr:hitta_no_url_found | hitta_name:hitta_no_next_data | mojeek_skipped_rate_limited | brave_failed:HTTP 429 for https://search.brave.com/search?q=Arvika%20H%C3%A4lsokost%20AB%20hemsida | ddg_candidates:11 | ddg_picked:arvikashopping.se(score=14)
559464-6860,Rosenlag AB,Rosenlag AB,Mode | Trädgård,Byggmästare,"Byggmästare; Swimming-, bubbelpooler, SPA-utrustning; Virke och byggvaror; Detaljhandel; Butikshandel; Grossister; Växtservice, kontorsservice",Stockholm,Södertälje,Södertälje,151 60,Getingstigen 3,3173000,2024-12,in_band,true,1-4,,+46739512396,info@rosenlag.se,https://www.rosenlag.se/,https://www.rosenlag.se/,https://www.allabolag.se/foretag/rosenlag-ab/sodertalje/-/2KIWP58I5YDDT,already_present,,
559423-0285,Hansson Brothers AB,Hansson Brothers AB,Skor,Skor,"Konfektion; Kläder; Grossister; Detaljhandel; Postorder/e-handel; Kläder, skor; Sport; Skolor och utbildning; Skor; Läder och lädervaror; Reparatörer",Skåne,Malmö,Malmö,211 34,Södergatan 9,3152000,2025-12,in_band,true,2,,,,,,https://www.allabolag.se/foretag/hansson-brothers-ab/malmo/-/2KINRPPI5YHGY,not_found,,hitta_orgnr:hitta_no_url_found | hitta_name:hitta_no_next_data | mojeek_skipped_rate_limited | brave_skipped_rate_limited | ddg_candidates:10 | ddg_no_name_match
559197-3564,S.A.Norberg Mode AB,S.A.Norberg Mode AB,Mode,Konfektion,"Konfektion; Butikshandel; Detaljhandel; Kläder, skor",Stockholm,Stockholm,Hässelby,165 63,Persikogatan 10,3151000,2025-06,in_band,true,1,,,,,,https://www.allabolag.se/foretag/s-a-norberg-mode-ab/stockholm/-/2KHBEF0I63II4,not_found,,hitta_orgnr:hitta_no_url_found | hitta_name:hitta_no_next_data | mojeek_skipped_rate_limited | brave_skipped_rate_limited | ddg_candidates:10 | ddg_no_name_match
559133-1417,MG Hudvård AB,MG Hudvård AB,Hudvård,Hudvårdsprodukter,Hudvårdsprodukter,Norrbotten,Luleå,Luleå,972 31,Kungsgatan 25 b,3129000,2025-08,in_band,true,2,,,,,http://www.mghudvard.se/,https://www.allabolag.se/foretag/mg-hudvard-ab/lulea/-/2KGXMXLI63IH6,hitta_orgnr,high,hitta_orgnr:hitta_detail | hitta_orgnr:https://www.hitta.se/mg+hudv%C3%A5rd+ab/lule%C3%A5/flqqbzhlc | hitta_orgnr:orgnr_match | hitta_orgnr:url_in_own_segment
559063-0157,Vinsas Mode AB,Vinsas Mode AB,Mode,Konfektion,"Konfektion; Butikshandel; Detaljhandel; Kläder, skor",Norrbotten,Överkalix,Överkalix,956 31,Tvärgatan 4,3081000,2024-12,in_band,true,2,,,,,,https://www.allabolag.se/foretag/vinsas-mode-ab/overkalix/-/2KGILU5I63II4,not_found,,hitta_orgnr:hitta_no_url_found | hitta_name:hitta_no_next_data | mojeek_skipped_rate_limited | brave_skipped_rate_limited | ddg_candidates:10 | ddg_no_name_match
556453-4260,Pikant Mode i Arvika Aktiebolag,Pikant Mode i Arvika Aktiebolag,Mode,Konfektion,"Konfektion; Butikshandel; Detaljhandel; Kläder, skor",Värmland,Arvika,Arvika,671 31,Torggatan 6 Bv,3080000,2025-08,in_band,true,1,,057013040,,,,https://www.allabolag.se/foretag/pikant-mode-i-arvika-aktiebolag/arvika/-/2K0ZA44I63II4,not_found,,hitta_orgnr:hitta_no_url_found | hitta_name:hitta_no_next_data | mojeek_skipped_rate_limited | brave_skipped_rate_limited | ddg_candidates:10 | ddg_no_name_match
559485-4381,Åsas Konsult och Hudvård AB,Åsas Konsult och Hudvård AB,Hudvård,"Kosmetik, parfym och frisörartiklar","Kosmetik, parfym och frisörartiklar; Detaljhandel; Butikshandel",Norrbotten,Piteå,Piteå,941 37,Kolmilavägen 17,3071000,2025-12,in_band,true,1-4,,,,,https://www.asashudvard.com/,https://www.allabolag.se/foretag/asas-konsult-och-hudvard-ab/pitea/-/2KJ159PI63IIB,hitta_orgnr,high,hitta_orgnr:hitta_detail | hitta_orgnr:https://www.hitta.se/%C3%A5sas+hudv%C3%A5rd+ab/pite%C3%A5/acrsxdcp | hitta_orgnr:orgnr_match | hitta_orgnr:url_in_own_segment
556048-0096,Klockan & Smycket Lexholms AB,Klockan & Smycket Lexholms AB,Smycken,Urmakare,"Urmakare; Klockor, ur; Guld, silver, ädelstenar; Butikshandel",Skåne,Burlöv,Arlöv,232 37,Kronetorpsvägen 2,3066000,2025-12,in_band,true,3,,,,,https://klockanochsmycket.com,https://www.allabolag.se/foretag/klockan-och-smycket-lexholms-ab/burlov/-/2JYKDWGI63IL5,ddg,low,hitta_orgnr:hitta_no_url_found | hitta_name:hitta_no_next_data | mojeek_skipped_rate_limited | brave_skipped_rate_limited | ddg_candidates:10 | ddg_picked:klockanochsmycket.com(score=12)
556217-3152,UVX Smycken & Piercing AB,UVX Smycken & Piercing AB,Smycken,Detaljhandel - annat,Detaljhandel - annat; Detaljhandel; Butikshandel -övrigt,Västra Götaland,Göteborg,Göteborg,417 30,Krokegårdsgatan 5,3049000,2025-12,in_band,true,1-4,,033417300,,,,https://www.allabolag.se/foretag/uvx-smycken-och-piercing-ab/goteborg/-/2JZKO9SI63ILV,not_found,,hitta_orgnr:hitta_no_url_found | hitta_name:hitta_no_next_data | mojeek_skipped_rate_limited | brave_skipped_rate_limited | ddg_candidates:11 | ddg_no_name_match
556255-4146,Micelle Mode Aktiebolag,Micelle Mode Aktiebolag,Mode,Konfektion,"Konfektion; Butikshandel; Detaljhandel; Kläder, skor",Stockholm,Nacka,Saltsjö-Boo,132 30,Ormingeplan 1-3,3042000,2025-04,in_band,true,2,,087154030,,,,https://www.allabolag.se/foretag/micelle-mode-aktiebolag/nacka/-/2JZSU8YI63II4,not_found,,hitta_orgnr:hitta_no_url_found | hitta_name:hitta_no_next_data | mojeek_skipped_rate_limited | brave_skipped_rate_limited | ddg_candidates:10 | ddg_no_name_match
559202-8111,Heimarks Mode AB,Heimarks Mode AB,Mode,Konfektion,"Konfektion; Butikshandel; Detaljhandel; Kläder, skor",Kalmar,Nybro,Nybro,382 40,Hornsgatan 8,3030000,2025-08,in_band,true,1,,,,,,https://www.allabolag.se/foretag/heimarks-mode-ab/nybro/-/2KHCKI7I63II4,not_found,,hitta_orgnr:hitta_no_url_found | hitta_name:hitta_no_next_data | mojeek_skipped_rate_limited | brave_skipped_rate_limited | ddg_candidates:10 | ddg_no_name_match
559148-6906,Högdalens Leksaker AB,Högdalens Leksaker AB,Leksaker,"Spel, nöjesanläggningsutrustningar","Spel, nöjesanläggningsutrustningar; Butikshandel; Detaljhandel",Stockholm,Stockholm,Bandhagen,124 54,Högdalsgången 13,3026000,2025-04,in_band,true,2,,,,,https://www.hogdalencentrum.se,https://www.allabolag.se/foretag/hogdalens-leksaker-ab/stockholm/-/2KH0YWQI5YHPS,ddg,low,hitta_orgnr:hitta_no_url_found | hitta_name:hitta_no_next_data | mojeek_skipped_rate_limited | brave_skipped_rate_limited | ddg_candidates:12 | ddg_picked:hogdalencentrum.se(score=12)
556509-0262,CSR LeKsaKer i Malmö AB,CSR LeKsaKer i Malmö AB,Leksaker,"Spel, nöjesanläggningsutrustningar","Spel, nöjesanläggningsutrustningar; Butikshandel; Detaljhandel",Skåne,Malmö,Bunkeflostrand,218 38,Buskmätaregatan 5,3014000,2025-06,in_band,true,1-4,,,,,,https://www.allabolag.se/foretag/csr-leksaker-i-malmo-ab/malmo/-/2K1B74MI5YHPS,not_found,,hitta_orgnr:hitta_no_url_found | hitta_name:hitta_no_next_data | mojeek_skipped_rate_limited | brave_candidates:53 | brave_no_name_match | ddg_candidates:10 | ddg_no_name_match
556590-2219,Mastex Heminredning AB,Mastex Heminredning AB,Heminredning,"Möbler, inredning, kök- och belysningsutrustning","Möbler, inredning, kök- och belysningsutrustning; Textilier; Detaljhandel; Butikshandel",Gävleborg,Ockelbo,Ockelbo,816 30,Rabovägen 16,3009000,2025-04,in_band,true,2,,065010000,,,,https://www.allabolag.se/foretag/mastex-heminredning-ab/ockelbo/-/2K1SLMZI63IJH,not_found,,hitta_orgnr:hitta_no_url_found | hitta_name:hitta_no_next_data | mojeek_skipped_rate_limited | brave_candidates:68 | brave_no_name_match | ddg_candidates:11 | ddg_no_name_match
559126-9872,Klockor & Smycken vid Vänern AB,Klockor & Smycken vid Vänern AB,Smycken,Urmakare,"Urmakare; Klockor, ur; Guld, silver, ädelstenar; Butikshandel; Reparatörer",Västra Götaland,Mariestad,Mariestad,542 37,Kungsgatan 7,2992000,2025-09,in_band,true,2,,,,,https://www.klockor-smycken.se,https://www.allabolag.se/foretag/klockor-och-smycken-vid-vanern-ab/mariestad/-/2KGWBG0I63IL5,brave,low,hitta_orgnr:hitta_no_url_found | hitta_name:hitta_no_next_data | mojeek_skipped_rate_limited | brave_candidates:57 | brave_picked:klockor-smycken.se(score=14)
559011-7759,DAVID's Bygg och Heminredning AB,DAVID's Bygg och Heminredning AB,Heminredning,Möbler,Möbler; Möbler - Produktion; Producenter; Konsulter; Teknikkonsulter; Byggentreprenader-Infrastruktur; Reparatörer,Stockholm,Huddinge,Huddinge,141 30,Videvägen 27,2987000,2024-12,in_band,true,3,,,,,,https://www.allabolag.se/foretag/david-s-bygg-och-heminredning-ab/huddinge/-/2KG7MGVI5YGJV,not_found,,hitta_orgnr:hitta_no_url_found | hitta_name:hitta_no_next_data | mojeek_skipped_rate_limited | brave_failed:HTTP 429 for https://search.brave.com/search?q=DAVID's%20Bygg%20och%20Heminredning%20AB%20hemsida | ddg_candidates:11 | ddg_no_name_match
556736-4947,Charmant Mode & Accessoarer AB,Charmant Mode & Accessoarer AB,Mode,Belysningsarmatur - Komponenter,Belysningsarmatur - Komponenter; Grossister,Stockholm,Stockholm,Stockholm,113 67,Alfhild Tamms Gata 6 Lgh 1502,2981000,2024-12,in_band,true,0,,08211888,,,https://www.charmant.com,https://www.allabolag.se/foretag/charmant-mode-och-accessoarer-ab/stockholm/-/2K2NYABI5YCO4,ddg,low,hitta_orgnr:hitta_no_url_found | hitta_name:hitta_no_url_found | mojeek_skipped_rate_limited | brave_skipped_rate_limited | ddg_candidates:10 | ddg_picked:charmant.com(score=12)
556868-8443,Ljung Hudvård AB,Ljung Hudvård AB,Hudvård,"Kemikalier, industrikemikalier - tillverkning","Kemikalier, industrikemikalier - tillverkning; Kemikalier, industrikemikalier; Producenter; Livsmedel; Hälsokost, naturläkemedel; Detaljhandel; Butikshandel; Hälsotjänster",Västerbotten,Sorsele,Sorsele,924 32,Strandvägen 26,2960000,2024-12,in_band,true,3,,,,,https://blogg.ljunghudvard.se,https://www.allabolag.se/foretag/ljung-hudvard-ab/sorsele/-/2K3GBI3I63IHZ,ddg,medium,hitta_orgnr:hitta_no_url_found | hitta_name:hitta_no_next_data | mojeek_skipped_rate_limited | brave_skipped_rate_limited | ddg_candidates:10 | ddg_picked:blogg.ljunghudvard.se(score=22)
559344-4093,Olivia of Sweden AB,Olivia of Sweden AB,Skor,Skor,"Skor - detaljister; Detaljhandel; Butikshandel; Kläder, skor; Läder, skor, inredning, reseeffekter och textilier; Postorder/e-handel; Skor; Skor och tillbehör - produktion; Producenter",Stockholm,Stockholm,Stockholm,,,2957000,2024-12,in_band,true,1-4,,,,,https://oliviarestauranger.se,https://www.allabolag.se/foretag/olivia-of-sweden-ab/stockholm/-/2KI6X31I5YHGY,ddg,low,hitta_orgnr:hitta_no_url_found | hitta_name:hitta_no_next_data | mojeek_skipped_rate_limited | brave_skipped_rate_limited | ddg_candidates:10 | ddg_picked:oliviarestauranger.se(score=14)
556106-2810,Aktiebolaget Karlskoga Trätoffelfabrik,Aktiebolaget Karlskoga Trätoffelfabrik,Skor,Skor,Skor; Skor och tillbehör - produktion; Producenter,Örebro,Karlskoga,Karlskoga,691 38,Ekebyvägen 1,2950000,2024-12,in_band,true,2,,,,,,https://www.allabolag.se/foretag/aktiebolaget-karlskoga-tratoffelfabrik/karlskoga/-/2JYWVIYI5YHGY,not_found,,hitta_orgnr:hitta_no_url_found | hitta_name:hitta_no_url_found | mojeek_skipped_rate_limited | brave_failed:HTTP 429 for https://search.brave.com/search?q=Aktiebolaget%20Karlskoga%20Tr%C3%A4toffelfabrik%20hemsida | ddg_candidates:10 | ddg_no_name_match
559272-6052,Filip Sko & Nyckelservice AB,Filip Sko & Nyckelservice AB,Skor,Skor,Skor; Läder och lädervaror; Reparatörer,Skåne,Helsingborg,Ödåkra,254 69,Marknadsvägen 9,2931000,2025-08,in_band,true,3,,,,,,https://www.allabolag.se/foretag/filip-sko-och-nyckelservice-ab/helsingborg/-/2KHRJ1GI5YHGY,not_found,,hitta_orgnr:hitta_no_url_found | hitta_name:hitta_no_next_data | mojeek_skipped_rate_limited | brave_skipped_rate_limited | ddg_candidates:10 | ddg_no_name_match
556823-2028,Lise J Mode & Present AB,Lise J Mode & Present AB,Mode,Konfektion,"Konfektion; Butikshandel; Detaljhandel; Kläder, skor; Finansbolag, finansiella tjänster; Värdepappershandel",Västra Götaland,Vara,Vedum,534 60,Vedum Måsagården 2,2930000,2025-08,in_band,true,2,,0735298742,,,,https://www.allabolag.se/foretag/lise-j-mode-och-present-ab/vara/-/2K36JBWI63II4,not_found,,hitta_orgnr:hitta_no_url_found | hitta_name:hitta_no_next_data | mojeek_skipped_rate_limited | brave_skipped_rate_limited | ddg_candidates:10 | ddg_no_name_match
556716-1962,Cissi & Lotta Mode AB,Cissi & Lotta Mode AB,Mode,Konfektion,"Konfektion; Butikshandel; Detaljhandel; Kläder, skor",Kronoberg,Ljungby,Ljungby,341 36,Drottninggatan 36,2921000,2025-04,in_band,true,2,,,,,https://www.cissiochselma.se,https://www.allabolag.se/foretag/cissi-och-lotta-mode-ab/ljungby/-/2K2JLNUI63II4,ddg,low,hitta_orgnr:hitta_no_url_found | hitta_name:hitta_no_next_data | mojeek_skipped_rate_limited | brave_skipped_rate_limited | ddg_candidates:10 | ddg_picked:cissiochselma.se(score=14)
556583-4552,Ekonominavigation i Karlskrona AB,Ekonominavigation i Karlskrona AB,Mode,"Redovisning, bokföring","Redovisning, bokföring; Företagsutveckling; Skatterådgivning",Blekinge,Karlskrona,Karlskrona,371 33,Norra Smedjegatan 2,2914000,2024-12,in_band,true,3,,0455-694980,info@ekonominavigation.se,https://www.ekonominavigation.se/,https://www.ekonominavigation.se/,https://www.allabolag.se/foretag/ekonominavigation-i-karlskrona-ab/karlskrona/-/2K1R5FCI5YGRY,already_present,,
559016-6145,Täby Vallentuna Hudvårdssalong AB,Täby Vallentuna Hudvårdssalong AB,Hudvård,Hälsotjänster,Hälsotjänster,Stockholm,Vallentuna,Vallentuna,186 31,Centralvägen 12,2902000,2025-06,in_band,true,4,,,,,http://www.vallentunahudvardssalong.se,https://www.allabolag.se/foretag/taby-vallentuna-hudvardssalong-ab/vallentuna/-/2KG8NSXI63IHB,hitta_orgnr,high,hitta_orgnr:hitta_detail | hitta_orgnr:https://www.hitta.se/t%C3%A4by+vallentuna+hudv%C3%A5rdssalong/t%C3%A4by/invyammtu | hitta_orgnr:orgnr_match | hitta_orgnr:url_in_own_segment
556759-7025,Aktiv Hudvård I Stockholm AB,Aktiv Hudvård I Stockholm AB,Hudvård,"Kosmetik, parfym och frisörartiklar","Kosmetik, parfym och frisörartiklar; Detaljhandel; Butikshandel; Hudvårdsprodukter",Stockholm,Stockholm,Stockholm,111 57,Mäster Samuelsgatan 49,2896000,2025-06,in_band,true,3,,,,,https://www.aktivhudvard.se/,https://www.allabolag.se/foretag/aktiv-hudvard-i-stockholm-ab/stockholm/-/2K2SXCXI63IIB,hitta_orgnr,high,hitta_orgnr:hitta_detail | hitta_orgnr:https://www.hitta.se/aktiv+hudv%C3%A5rd/stockholm/nnsydioq | hitta_orgnr:orgnr_match | hitta_orgnr:url_in_own_segment
556597-7286,Säkra Forum i Nacka AB,Säkra Forum i Nacka AB,Skor,Skor,Skor; Läder och lädervaror; Reparatörer,Stockholm,Botkyrka,Tullinge,146 52,Vintervägen 1 a,2853000,2025-12,in_band,true,4,,,,,https://www.instagram.com/sakraforum,https://www.allabolag.se/foretag/sakra-forum-i-nacka-ab/botkyrka/-/2K1U7K6I5YHGY,hitta_orgnr,high,hitta_orgnr:hitta_detail | hitta_orgnr:https://www.hitta.se/s%C3%A4kra+forum+i+nacka+ab/nacka/ikggtyfkl | hitta_orgnr:orgnr_match | hitta_orgnr:url_in_own_segment
559048-9646,Frölunda Skomakeri AB,Frölunda Skomakeri AB,Skor,Skor,Skor; Läder och lädervaror; Reparatörer,Västra Götaland,Göteborg,Västra Frölunda,421 42,Lilla Marconigatan 35,2847000,2025-02,in_band,true,1-4,,031455212,,,https://www.frolundatorg.se,https://www.allabolag.se/foretag/frolunda-skomakeri-ab/goteborg/-/2KGFLF2I5YHGY,ddg,low,hitta_orgnr:hitta_no_url_found | hitta_name:hitta_no_next_data | mojeek_skipped_rate_limited | brave_skipped_rate_limited | ddg_candidates:10 | ddg_picked:frolundatorg.se(score=14)
556985-6015,Mr Mint R & R AB,Mr Mint R & R AB,Skor,Skor,Skor; Läder och lädervaror; Reparatörer; Möbler; Bilar; Bilreparationer,Stockholm,Järfälla,Järfälla,175 43,Kassavägen 2,2780000,2025-04,in_band,true,2,,,,,http://www.colorglo.se,https://www.allabolag.se/foretag/mr-mint-r-och-r-ab/jarfalla/-/2K45CENI5YHGY,hitta_orgnr,high,hitta_orgnr:hitta_detail | hitta_orgnr:https://www.hitta.se/colorglo+j%C3%A4rf%C3%A4lla/j%C3%A4rf%C3%A4lla/jgpyfccmn | hitta_orgnr:orgnr_match | hitta_orgnr:url_in_own_segment
559083-3371,Södermalms sko o nyckelservice AB,Södermalms sko o nyckelservice AB,Skor,Skor,Skor; Läder och lädervaror; Reparatörer,Stockholm,Stockholm,Stockholm,116 30,Folkungagatan 102,2744000,2024-12,in_band,true,3,,,,,http://www.sodermalmskonyckel.se/,https://www.allabolag.se/foretag/sodermalms-sko-o-nyckelservice-ab/stockholm/-/2KGMYMZI5YHGY,hitta_orgnr,high,hitta_orgnr:hitta_detail | hitta_orgnr:https://www.hitta.se/s%C3%B6dermalms+sko+o+nyckelservice+ab/stockholm/npyknuecm | hitta_orgnr:orgnr_match | hitta_orgnr:url_in_own_segment
556899-8198,Svärdsjö Data & Hemelektronik AB,Svärdsjö Data & Hemelektronik AB,Hemelektronik,"Radio TV, video","Radio TV, video; Detaljhandel",Dalarna,Falun,Svärdsjö,790 23,Borgärdesvägen 27,2722000,2025-08,in_band,true,1,,,,,http://www.svardsjodata.se,https://www.allabolag.se/foretag/svardsjo-data-och-hemelektronik-ab/falun/-/2K3MYIEI5YH3M,hitta_orgnr,high,hitta_orgnr:hitta_detail | hitta_orgnr:https://www.hitta.se/svardsjo-data-och-hemelektronik-ab/sv%C3%A4rdsj%C3%B6/acrdcops | hitta_orgnr:orgnr_match | hitta_orgnr:url_in_own_segment
556873-3231,Mode City i Gnesta AB,Mode City i Gnesta AB,Mode,Konfektion,"Konfektion; Butikshandel; Detaljhandel; Kläder, skor",Södermanland,Gnesta,Gnesta,646 31,Stora Torget 1,2721000,2024-12,in_band,true,2,,,,,https://lundbladsherrmode.se,https://www.allabolag.se/foretag/mode-city-i-gnesta-ab/gnesta/-/2K3HA27I63II4,ddg,low,hitta_orgnr:hitta_no_url_found | hitta_name:hitta_no_next_data | mojeek_skipped_rate_limited | brave_skipped_rate_limited | ddg_candidates:10 | ddg_picked:lundbladsherrmode.se(score=14)
556749-0882,Moderna Smycken i Ulricehamn AB,Moderna Smycken i Ulricehamn AB,Smycken,"Klockor, ur","Klockor, ur; Guld, silver, ädelstenar; Grossister",Västra Götaland,Ulricehamn,Hökerum,523 98,Ekeslunda 204,2713000,2024-12,in_band,true,2,,,,,,https://www.allabolag.se/foretag/moderna-smycken-i-ulricehamn-ab/ulricehamn/-/2K2QNGII5YEZ0,not_found,,hitta_orgnr:hitta_no_url_found | hitta_name:hitta_no_url_found | mojeek_skipped_rate_limited | brave_skipped_rate_limited | ddg_candidates:11 | ddg_no_name_match
559462-2226,Inez & Ivar - mode å sånt AB,Inez & Ivar - mode å sånt AB,Mode,Konfektion,"Konfektion; Butikshandel; Detaljhandel; Kläder, skor; Skor - detaljister; Läder och lädervaror; Läder, skor, inredning, reseeffekter och textilier",Dalarna,Älvdalen,Älvdalen,796 30,Dalgatan 71 a,2706000,2025-12,in_band,true,1,,,,,,https://www.allabolag.se/foretag/inez-och-ivar-mode-a-sant-ab/alvdalen/-/2KIW64YI63II4,not_found,,hitta_orgnr:hitta_no_url_found | hitta_name:hitta_no_next_data | mojeek_skipped_rate_limited | brave_skipped_rate_limited | ddg_candidates:10 | ddg_no_name_match
559303-5412,Dahls Sko & Mode Aktiebolag,Dahls Sko & Mode Aktiebolag,Mode,Konfektion,Konfektion; Kläder; Grossister,Västra Götaland,Vänersborg,Vänersborg,462 33,Edsgatan 19,2704000,2024-12,in_band,true,2,,,,,https://www.dahls.se,https://www.allabolag.se/foretag/dahls-sko-och-mode-aktiebolag/vanersborg/-/2KHY5QSI63II4,ddg,low,hitta_orgnr:hitta_no_url_found | hitta_name:hitta_no_next_data | mojeek_skipped_rate_limited | brave_skipped_rate_limited | ddg_candidates:10 | ddg_picked:dahls.se(score=14)
556818-3809,FOTTEKNIK VÄST AB,FOTTEKNIK VÄST AB,Skor,Skor,Skor; Skor och tillbehör - produktion; Producenter,Halland,Kungsbacka,Kungsbacka,434 37,Energigatan 12 Bv,2704000,2025-12,in_band,true,2,,030017139,,,http://www.fotteknik.se,https://www.allabolag.se/foretag/fotteknik-vast-ab/kungsbacka/-/2K35I4HI5YHGY,hitta_orgnr,high,hitta_orgnr:hitta_detail | hitta_orgnr:https://www.hitta.se/fotteknik+v%C3%A4st+ab/kungsbacka/hmgtfjnng | hitta_orgnr:orgnr_match | hitta_orgnr:url_in_own_segment
556824-4791,Marcus Davidsons Skomakeri AB,Marcus Davidsons Skomakeri AB,Skor,Skor,"Skor - detaljister; Detaljhandel; Butikshandel; Kläder, skor; Skor; Läder och lädervaror; Reparatörer",Uppsala,Uppsala,Uppsala,753 20,Vaksalagatan 14 Bv,2701000,2025-12,in_band,true,1,,,,,,https://www.allabolag.se/foretag/marcus-davidsons-skomakeri-ab/uppsala/-/2K36T6FI5YHGY,not_found,,hitta_orgnr:hitta_no_url_found | hitta_name:hitta_no_url_found | mojeek_skipped_rate_limited | brave_skipped_rate_limited | ddg_candidates:10 | ddg_no_name_match
556652-5696,M & J Mode AB,M & J Mode AB,Mode,Konfektion,"Konfektion; Butikshandel; Detaljhandel; Kläder, skor",Östergötland,Motala,Motala,591 30,Prästgatan 4 b Bv,2699000,2025-12,in_band,true,2,,,,,,https://www.allabolag.se/foretag/m-och-j-mode-ab/motala/-/2K25YPSI63II4,not_found,,hitta_orgnr:hitta_no_url_found | hitta_name:hitta_no_next_data | mojeek_skipped_rate_limited | brave_skipped_rate_limited | ddg_candidates:10 | ddg_no_name_match
556388-9319,Mode City i Ljungby Aktiebolag,Mode City i Ljungby Aktiebolag,Mode,Konfektion,"Konfektion; Butikshandel; Detaljhandel; Kläder, skor",Kronoberg,Ljungby,Ljungby,341 43,Storgatan 19 Lgh 1201,2697000,2025-08,in_band,true,2,,037213400,,,,https://www.allabolag.se/foretag/mode-city-i-ljungby-aktiebolag/ljungby/-/2K0LGH3I63II4,not_found,,hitta_orgnr:hitta_no_url_found | hitta_name:hitta_no_next_data | mojeek_skipped_rate_limited | brave_candidates:58 | brave_no_name_match | ddg_candidates:10 | ddg_no_name_match
556841-7975,AB Lekakel,AB Lekakel,Leksaker,Byggmästare,Byggmästare; Fastighetsförvaltning,Dalarna,Leksand,Tällberg,793 70,Laknäs Svigattu 4,2688000,2025-12,in_band,true,1,,,,,,https://www.allabolag.se/foretag/ab-lekakel/leksand/-/2K3AIT3I5YDDT,not_found,,hitta_orgnr:hitta_no_url_found | hitta_name:hitta_no_url_found | mojeek_skipped_rate_limited | brave_candidates:60 | brave_no_name_match | ddg_candidates:10 | ddg_no_name_match
556585-8239,LMK Trädgård och Fritid i Hagfors AB,LMK Trädgård och Fritid i Hagfors AB,Trädgård,Trädgårdsanläggningar,"Trädgårdsanläggningar; Markentreprenörer, anläggningsentreprenörer; Parkanläggningar",Värmland,Hagfors,Hagfors,683 33,Görsjöv. 6,2674000,2024-12,in_band,true,3,,0563 10060,lmk.hagfors@telia.com,http://www.lmktradgardofritid.se,http://www.lmktradgardofritid.se,https://www.allabolag.se/foretag/lmk-tradgard-och-fritid-i-hagfors-ab/hagfors/-/2K1RNPBI5YI51,already_present,,
559165-7720,Cederqvist Consulting & Craft AB,Cederqvist Consulting & Craft AB,Skor,Skor,"Konsulter; Datakonsulter; Producenter; Läder och lädervaror - tillverkning; Läder och lädervaror; Reseeffekter; Skor; Skor och tillbehör - produktion; Internet - Konsulter, operatörer; Trävaror; Trävaror - produktion",Stockholm,Stockholm,Stockholm,115 42,Artemisgatan 5 b,2669000,2025-12,in_band,true,2,,,,,,https://www.allabolag.se/foretag/cederqvist-consulting-och-craft-ab/stockholm/-/2KH4MPKI5YHGY,not_found,,hitta_orgnr:hitta_no_url_found | hitta_name:hitta_no_next_data | mojeek_skipped_rate_limited | brave_candidates:57 | brave_no_name_match | ddg_candidates:10 | ddg_no_name_match
559084-0038,Ringens sko & nyckelservice i Varberg AB,Ringens sko & nyckelservice i Varberg AB,Skor,Skor,Skor; Läder och lädervaror; Reparatörer; Tvätterier,Halland,Varberg,Varberg,432 41,Västra Vallgatan 2,2655000,2025-12,in_band,true,2,,,,,,https://www.allabolag.se/foretag/ringens-sko-och-nyckelservice-i-varberg-ab/varberg/-/2KGN3S6I5YHGY,not_found,,hitta_orgnr:hitta_no_url_found | hitta_name:hitta_no_next_data | mojeek_skipped_rate_limited | brave_failed:HTTP 429 for https://search.brave.com/search?q=Ringens%20sko%20%26%20nyckelservice%20i%20Varberg%20AB%20hemsida | ddg_candidates:10 | ddg_no_name_match
556651-0656,Gordons Mode AB,Gordons Mode AB,Mode,Konfektion,"Konfektion; Butikshandel; Detaljhandel; Kläder, skor",Västerbotten,Skellefteå,Skellefteå,931 32,Nygatan 34,2648000,2025-12,in_band,true,1,,0706634748,,,http://gordonsmode.se/,https://www.allabolag.se/foretag/gordons-mode-ab/skelleftea/-/2K25N40I63II4,hitta_orgnr,high,hitta_orgnr:hitta_detail | hitta_orgnr:https://www.hitta.se/gordons+mode+ab/skellefte%C3%A5/akpsbddf | hitta_orgnr:orgnr_match | hitta_orgnr:url_in_own_segment
559069-6364,TrädgårdSmart i Sverige AB,TrädgårdSmart i Sverige AB,Trädgård,Trädgårdsanläggningar,Trädgårdsanläggningar; Byggmästare; Järnvaror; Detaljhandel; Butikshandel; Parkanläggningar,,,,,,2638000,2025-12,in_band,true,1,,010-2146150,info@tradgardsmart.se,https://tradgardsmart.se,https://tradgardsmart.se,https://www.allabolag.se/foretag/tradgardsmart-i-sverige-ab/-/-/2KGK0X8I5YI51,already_present,,
556039-5518,Euro Clogs AB,Euro Clogs AB,Skor,Skor,Skor; Skor och tillbehör - produktion; Producenter; Detaljhandel; Detaljhandel - annat; Butikshandel,Kronoberg,Uppvidinge,Alstermo,364 43,Larmgatan 10,2636000,2024-12,in_band,true,2,,,,,https://www.euro-clogs.se,https://www.allabolag.se/foretag/euro-clogs-ab/uppvidinge/-/2JYIKN2I5YHGY,ddg,medium,hitta_orgnr:hitta_no_url_found | hitta_name:hitta_no_next_data | mojeek_skipped_rate_limited | brave_skipped_rate_limited | ddg_candidates:11 | ddg_picked:euro-clogs.se(score=22)
559299-1805,Malmö Tvätt & Klädservice AB,Malmö Tvätt & Klädservice AB,Skor,Skor,Skor; Läder och lädervaror; Reparatörer,Skåne,Malmö,Malmö,211 19,Stora Varvsgatan 24 b,2624000,2024-12,in_band,true,4,,,,,https://malmotvatt.se,https://www.allabolag.se/foretag/malmo-tvatt-och-kladservice-ab/malmo/-/2KHX83HI5YHGY,ddg,low,hitta_orgnr:hitta_no_url_found | hitta_name:hitta_no_next_data | mojeek_skipped_rate_limited | brave_skipped_rate_limited | ddg_candidates:10 | ddg_picked:malmotvatt.se(score=14)
556183-1495,L.P. Mode Lennart Pålsson Aktiebolag,L.P. Mode Lennart Pålsson Aktiebolag,Mode,Konfektion,"Konfektion; Butikshandel; Detaljhandel; Kläder, skor",Skåne,Helsingborg,Helsingborg,252 19,Carl Krooks Gata 44,2617000,2024-12,in_band,true,1,,,,,,https://www.allabolag.se/foretag/l-p-mode-lennart-palsson-aktiebolag/helsingborg/-/2JZDCNBI63II4,not_found,,hitta_orgnr:hitta_no_url_found | hitta_name:hitta_no_next_data | mojeek_skipped_rate_limited | brave_skipped_rate_limited | ddg_candidates:10 | ddg_no_name_match
559194-9507,Tilva Stålsmycken AB,Tilva Stålsmycken AB,Smycken,Detaljhandel - annat,Detaljhandel - annat; Detaljhandel; Postorder/e-handel,Halland,Kungsbacka,Frillesås,439 63,Fringshultsvägen 150,2579000,2025-06,in_band,true,0,,,,,https://tilva.se,https://www.allabolag.se/foretag/tilva-stalsmycken-ab/kungsbacka/-/2KHAVURI63ILV,brave,low,hitta_orgnr:hitta_no_url_found | hitta_name:hitta_no_next_data | mojeek_skipped_rate_limited | brave_candidates:67 | brave_picked:tilva.se(score=14)
559372-2639,Skor & Väskor I Lerum AB,Skor & Väskor I Lerum AB,Skor,Skor,Skor; Läder och lädervaror; Reparatörer,Västra Götaland,Lerum,Gråbo,443 40,Lugnets Hage 5,2570000,2025-12,in_band,true,3,,,,,,https://www.allabolag.se/foretag/skor-och-vaskor-i-lerum-ab/lerum/-/2KICW0FI5YHGY,not_found,,hitta_orgnr:hitta_no_url_found | hitta_name:hitta_no_next_data | mojeek_skipped_rate_limited | brave_failed:HTTP 429 for https://search.brave.com/search?q=Skor%20%26%20V%C3%A4skor%20I%20Lerum%20AB%20hemsida | ddg_candidates:11 | ddg_no_name_match
559057-7788,Skomakeriet Plus AB,Skomakeriet Plus AB,Skor,Skor,Skor; Läder och lädervaror; Reparatörer,Västra Götaland,Lerum,Floda,448 36,Gräsvägen 10 d,2552000,2025-09,in_band,true,1-4,,,,,,https://www.allabolag.se/foretag/skomakeriet-plus-ab/lerum/-/2KGHHFGI5YHGY,not_found,,hitta_orgnr:hitta_no_url_found | hitta_name:hitta_no_url_found | mojeek_skipped_rate_limited | brave_skipped_rate_limited | ddg_candidates:10 | ddg_no_name_match
559087-7774,Levino service Aktiebolag,Levino service Aktiebolag,Skor,Skor,Skor; Läder och lädervaror; Reparatörer,Skåne,Malmö,Malmö,211 19,Stora Varvsgatan 9 b,2535000,2024-12,in_band,true,2,,,,,http://www.levino.se/,https://www.allabolag.se/foretag/levino-service-aktiebolag/malmo/-/2KGNWWEI5YHGY,hitta_orgnr,high,hitta_orgnr:hitta_detail | hitta_orgnr:https://www.hitta.se/levino+service+ab/malm%C3%B6/aqrxjnsv | hitta_orgnr:orgnr_match | hitta_orgnr:url_in_own_segment
559410-2310,LA:S HUDVÅRD AB,LA:S HUDVÅRD AB,Hudvård,"Kosmetik, parfym och frisörartiklar","Kosmetik, parfym och frisörartiklar; Detaljhandel; Butikshandel",Örebro,Örebro,Glanshammar,705 96,Ekbacken 636,2531000,2025-03,in_band,true,2,,,,,,https://www.allabolag.se/foretag/la-s-hudvard-ab/orebro/-/2KIL0YUI63IIB,not_found,,hitta_orgnr:hitta_no_url_found | hitta_name:hitta_no_next_data | mojeek_skipped_rate_limited | brave_skipped_rate_limited | ddg_candidates:10 | ddg_no_name_match
556705-6667,Justinas Mode AB,Justinas Mode AB,Mode,Konfektion,"Konfektion; Butikshandel; Detaljhandel; Kläder, skor",Västernorrland,Sundsvall,Kvissleby,862 31,Affärsgatan 14 d,2524000,2025-06,in_band,true,2,,,,,https://www.justinasmode.se,https://www.allabolag.se/foretag/justinas-mode-ab/sundsvall/-/2K2HCEZI63II4,ddg,medium,hitta_orgnr:hitta_no_url_found | hitta_name:hitta_no_url_found | mojeek_skipped_rate_limited | brave_failed:HTTP 429 for https://search.brave.com/search?q=Justinas%20Mode%20AB%20hemsida | ddg_candidates:10 | ddg_picked:justinasmode.se(score=22)
559123-8661,Ekonomico AB,Ekonomico AB,Mode,"Redovisning, bokföring","Redovisning, bokföring; Skatterådgivning; Företagsutveckling",Västra Götaland,Göteborg,Hisings Backa,422 44,Nya Tingstadsgatan 1,2518000,2024-12,in_band,true,4,,031-52 40 00,info@ekonomico.se,https://ekonomico.se,https://ekonomico.se,https://www.allabolag.se/foretag/ekonomico-ab/goteborg/-/2KGVND1I5YGRY,already_present,,
559528-9629,KJ Marketing Sweden AB,KJ Marketing Sweden AB,Mode,"Video, film - Inspelning, produktion","Video, film - Inspelning, produktion; Marknadsföringskonsulter; Reklambyråer",Skåne,Kristianstad,Kristianstad,291 34,Östra Kaserngatan 4 b,,,unknown,true,1-4,,0763262205,info@kjmarketingsweden.com,https://kjmarketingsweden.com/,https://kjmarketingsweden.com/,https://www.allabolag.se/foretag/kj-marketing-sweden-ab/kristianstad/-/2KJAH3XI5YIK9,already_present,,
556928-6932,Anderssons Hemelektronik AB,Anderssons Hemelektronik AB,Hemelektronik,"Radio TV, video","Radio TV, video; Detaljhandel",Södermanland,Oxelösund,Oxelösund,613 30,Järntorget 4,,,unknown,true,1-4,,,,,,https://www.allabolag.se/foretag/anderssons-hemelektronik-ab/oxelosund/-/2K3T5ASI5YH3M,not_found,,hitta_orgnr:hitta_no_url_found | hitta_name:hitta_no_next_data | mojeek_skipped_rate_limited | brave_skipped_rate_limited | ddg_candidates:10 | ddg_no_name_match
556808-7091,RHPC Hemelektronik i Karlshamn AB,RHPC Hemelektronik i Karlshamn AB,Hemelektronik,"Radio TV, video","Radio TV, video; Detaljhandel",Blekinge,Karlshamn,Karlshamn,374 32,Nyemöllevägen 3 c,0,2024-12,unknown,true,1,,,,,,https://www.allabolag.se/foretag/rhpc-hemelektronik-i-karlshamn-ab/karlshamn/-/2K33FHVI5YH3M,not_found,,hitta_orgnr:hitta_no_url_found | hitta_name:hitta_no_url_found | mojeek_skipped_rate_limited | brave_skipped_rate_limited | ddg_candidates:10 | ddg_no_name_match
559512-5039,Håkans Leksaker i Vara AB,Håkans Leksaker i Vara AB,Leksaker,"Leksaker, hobbyartiklar","Leksaker, hobbyartiklar; Spel, nöjesanläggningsutrustningar; Butikshandel; Detaljhandel",Västra Götaland,Vara,Vara,53431,Hotellg. 1,,,unknown,true,1-4,,0512-108 01,leksaker.rikard.jansson@hotmail.com,,,https://www.allabolag.se/foretag/hakans-leksaker-i-vara-ab/vara/-/2KJ6Y3ZI5YFVA,not_found,,hitta_orgnr:hitta_no_url_found | hitta_name:hitta_no_next_data | mojeek_skipped_rate_limited | brave_skipped_rate_limited | ddg_candidates:11 | ddg_no_name_match
559527-3169,Lilla Snigel Leksaker AB,Lilla Snigel Leksaker AB,Leksaker,"Spel, nöjesanläggningsutrustningar","Spel, nöjesanläggningsutrustningar; Butikshandel; Detaljhandel",Östergötland,Norrköping,Norrköping,602 24,Drottninggatan 17,,,unknown,true,1-4,,,,,,https://www.allabolag.se/foretag/lilla-snigel-leksaker-ab/norrkoping/-/2KJA4EPI5YHPS,not_found,,hitta_orgnr:hitta_no_url_found | hitta_name:hitta_no_next_data | mojeek_skipped_rate_limited | brave_skipped_rate_limited | ddg_candidates:11 | ddg_no_name_match
559505-3769,Mariefreds Leksaksbod Lilla Dröm Aktiebolag,Mariefreds Leksaksbod Lilla Dröm Aktiebolag,Leksaker,"Spel, nöjesanläggningsutrustningar","Spel, nöjesanläggningsutrustningar; Butikshandel; Detaljhandel",Södermanland,Strängnäs,Mariefred,647 35,Lodjurets Väg 7,,,unknown,true,1-4,,,,,,https://www.allabolag.se/foretag/mariefreds-leksaksbod-lilla-drom-aktiebolag/strangnas/-/2KJ5F49I5YHPS,not_found,,hitta_orgnr:hitta_no_url_found | hitta_name:hitta_no_next_data | mojeek_skipped_rate_limited | brave_skipped_rate_limited | ddg_candidates:10 | ddg_no_name_match
559542-6544,Leksakshuset i Torsby AB,Leksakshuset i Torsby AB,Leksaker,"Spel, nöjesanläggningsutrustningar","Spel, nöjesanläggningsutrustningar; Butikshandel; Detaljhandel; Postorder/e-handel",Värmland,Torsby,Torsby,685 30,Kyrkogatan 3 b,,,unknown,true,1-4,,,,,https://leksakshuset.com,https://www.allabolag.se/foretag/leksakshuset-i-torsby-ab/torsby/-/2KJDER4I5YHPS,ddg,low,hitta_orgnr:hitta_no_url_found | hitta_name:hitta_no_next_data | mojeek_skipped_rate_limited | brave_skipped_rate_limited | ddg_candidates:10 | ddg_picked:leksakshuset.com(score=12)
559542-3491,Mölndal Hälsokost AB,Mölndal Hälsokost AB,Hälsokost,Livsmedel,"Livsmedel; Hälsokost, naturläkemedel; Detaljhandel; Butikshandel",Västra Götaland,Mölndal,Mölndal,431 31,Barnhemsgatan 22,,,unknown,true,1-4,,,,,https://www.molndal.se,https://www.allabolag.se/foretag/molndal-halsokost-ab/molndal/-/2KJDCEBI5YFWD,ddg,low,hitta_orgnr:hitta_no_url_found | hitta_name:hitta_no_next_data | mojeek_skipped_rate_limited | brave_skipped_rate_limited | ddg_candidates:11 | ddg_picked:molndal.se(score=14)
559538-0261,Ängelholms Hälsokost AB,Ängelholms Hälsokost AB,Hälsokost,Livsmedel,"Livsmedel; Hälsokost, naturläkemedel; Detaljhandel; Butikshandel",Skåne,Ängelholm,Ängelholm,262 32,Storgatan 54,,,unknown,true,1-4,,,,,https://angelholm.cylex.se,https://www.allabolag.se/foretag/angelholms-halsokost-ab/angelholm/-/2KJCF1HI5YFWD,ddg,low,hitta_orgnr:hitta_no_url_found | hitta_name:hitta_no_next_data | mojeek_skipped_rate_limited | brave_skipped_rate_limited | ddg_candidates:12 | ddg_picked:angelholm.cylex.se(score=12)
559376-6081,Hälsokosten Brommaplan AB,Hälsokosten Brommaplan AB,Hälsokost,Livsmedel,"Livsmedel; Hälsokost, naturläkemedel; Detaljhandel; Butikshandel; Detaljhandel - annat; Postorder/e-handel; Hälsotjänster",Stockholm,Stockholm,Bromma,168 76,Brommaplan 411,0,2024-12,unknown,true,1-4,,,,,https://halsokosten.se,https://www.allabolag.se/foretag/halsokosten-brommaplan-ab/stockholm/-/2KIDTJ5I5YFWD,ddg,low,hitta_orgnr:hitta_no_url_found | hitta_name:hitta_no_next_data | mojeek_skipped_rate_limited | brave_skipped_rate_limited | ddg_candidates:11 | ddg_picked:halsokosten.se(score=14)