orgnr,company_name,legal_name,sni_branch_keyword,current_industry,industries,county,municipality,post_place,zip_code,address,revenue_sek,revenue_year,revenue_tier,in_revenue_band,employees,status,phone,email_from_allabolag,homepage_from_allabolag,target_url,allabolag_url,target_url_source,target_url_confidence,resolve_debug,domain,email,contact_page,source,is_webshop,webshop_signals,webshop_platform,webshop_debug,product_count_estimate,seo_pages_sampled,seo_avg_title_len,seo_avg_desc_len,seo_missing_meta_desc_pct,seo_missing_h1_pct,seo_duplicate_title_pct,seo_avg_alt_coverage_pct,seo_avg_product_desc_words,seo_jsonld_product_pct,seo_gap_score,uses_clerk_io,clerk_io_evidence,lead_score,lead_reasons,debug
556766-6234,Mette Picaut AB,Mette Picaut AB,Kosmetika,"Kosmetik, parfym och frisörartiklar","Kosmetik, parfym och frisörartiklar; Kosmetik - tillverkare och grossister; Grossister",Halland,Kungsbacka,Särö,429 41,Furubergsvägen 3,14802000,2025-12,sweet_spot,true,7,,,,,,https://www.allabolag.se/foretag/mette-picaut-ab/kungsbacka/-/2K2UEREI63IIB,not_found,,hitta_orgnr:hitta_no_url_found | hitta_name:hitta_no_next_data | mojeek_candidates:16 | mojeek_no_name_match | ddg_failed:HTTP 403 for https://html.duckduckgo.com/html/?q=Mette%20Picaut%20AB%20hemsida,,,,,,,,,,,,,,,,,,,,,,,,
556654-6213,Arvika och Årjäng Hemelektronik AB,Arvika och Årjäng Hemelektronik AB,Hemelektronik,"Radio TV, video","Radio TV, video; Detaljhandel",Värmland,Arvika,Arvika,671 31,Västra Torggatan 3 b,14694000,2024-12,sweet_spot,true,13,,+46 10 220 43 00,,,https://www.elonljudbild.se/,https://www.allabolag.se/foretag/arvika-och-arjang-hemelektronik-ab/arvika/-/2KG5A01I5YH3M,hitta_orgnr,high,hitta_orgnr:hitta_detail | hitta_orgnr:https://www.hitta.se/elon-ljud-och-bild-sunne/sunne/apstuhmuv | hitta_orgnr:orgnr_match | hitta_orgnr:url_in_own_segment,elonljudbild.se,undefined; kundservice@elon.se,https://www.elon.se/om-oss,browser,yes,checkout_provider; cart; checkout; product_cards; provider:magento,magento,main@https://www.elon.se/:hasCheckout(urlPath:/checkout) | main@https://www.elon.se/:hasCart(urlPath:/cart) | main@https://www.elon.se/:providers(magento) | main@https://www.elon.se/:productCards(188) | DECISION@main@https://www.elon.se/ | contact_like@https://www.elon.se/kundtjanst:hasCheckout(urlPath:/checkout) | contact_like@https://www.elon.se/kundtjanst:hasCart(urlPath:/cart) | contact_like@https://www.elon.se/kundtjanst:providers(magento) | DECISION@contact_like@https://www.elon.se/kundtjanst | contact_like@https://www.elon.se/om-oss:hasCheckout(urlPath:/checkout) | contact_like@https://www.elon.se/om-oss:hasCart(urlPath:/cart) | contact_like@https://www.elon.se/om-oss:providers(magento) | DECISION@contact_like@https://www.elon.se/om-oss,,,,,,,,,,,,no,,41,"is_webshop, platform:magento, has_email, has_orgnr",dom_fallback:0_urls
556836-2163,Gunnebo Trädgård AB,Gunnebo Trädgård AB,Trädgård,Jordbruk,Jordbruk; Jordbruk - odling,Skåne,Skurup,Skivarp,274 51,Landsvägen 9,14647000,2024-12,sweet_spot,true,5,,,,,http://www.gunnebotradgard.com/,https://www.allabolag.se/foretag/gunnebo-tradgard-ab/skurup/-/2K39BQRI63IHJ,hitta_orgnr,high,hitta_orgnr:hitta_detail | hitta_orgnr:https://www.hitta.se/gunnebo+tr%C3%A4dg%C3%A5rd+ab/skivarp/nrrdimmp | hitta_orgnr:orgnr_match | hitta_orgnr:url_in_own_segment,gunnebotradgard.com,,https://gunnebotradgard.com,static,no,,,,,,,,,,,,,,,no,,5,has_identity,
559155-9629,Åhs Trädgårdsservice AB,Åhs Trädgårdsservice AB,Trädgård,"Markentreprenörer, anläggningsentreprenörer","Markentreprenörer, anläggningsentreprenörer; Entreprenadmaskinsarbeten; Entreprenörer; Byggmästare; Uthyrning",,,Norrköping,605 99,Norrkärrsvägen 6,14523000,2024-12,sweet_spot,true,7,,070-652 99 17,ahs.tradgardsservice@telia.com,https://www.ahstradgardsservice.com,https://www.ahstradgardsservice.com,https://www.allabolag.se/foretag/ahs-tradgardsservice-ab/-/-/2KH2J0TI5YG4F,already_present,,,ahstradgardsservice.com,,https://ahstradgardsservice.com,browser,no,,,,,,,,,,,,,,,no,,0,unreachable_or_parked,net::ERR_NAME_NOT_RESOLVED at https://ahstradgardsservice.com | method:browser
556505-8574,Mods Graphic Studio AB,Mods Graphic Studio Aktiebolag,Mode,"Designers, formgivare","Designers, formgivare; Tryckerier",Stockholm,Stockholm,Johanneshov,121 62,Livdjursgatan 4,14505000,2025-12,sweet_spot,true,11,,+46 70 143 59 56,hello@mods.se,https://mods.se/,https://mods.se/,https://www.allabolag.se/foretag/mods-graphic-studio-ab/stockholm/-/2K1AIOEI5YCXC,already_present,,,mods.se,hello@mods.se,https://mods.se,static,no,,,,,,,,,,,,,,,no,,5,has_identity,
559116-0592,Taj Mahal Beauty AB,Taj Mahal Beauty AB,Kosmetika,"Kosmetik, parfym och frisörartiklar","Kosmetik, parfym och frisörartiklar; Kosmetik - tillverkare och grossister; Grossister",Stockholm,Stockholm,Stockholm,111 60,Drottninggatan 100,14417000,2024-12,sweet_spot,true,7,,,,,,https://www.allabolag.se/foretag/taj-mahal-beauty-ab/stockholm/-/2KGTZ4GI63IIB,not_found,,hitta_orgnr:hitta_no_url_found | hitta_name:hitta_no_next_data | mojeek_candidates:18 | mojeek_no_name_match | ddg_failed:HTTP 403 for https://html.duckduckgo.com/html/?q=Taj%20Mahal%20Beauty%20AB%20hemsida,,,,,,,,,,,,,,,,,,,,,,,,
559337-3854,Maskinera AB,Maskinera AB,E-handel,E-handel,Auktioner; E-handel; Detaljhandel; Detaljhandel - annat,Stockholm,Nacka,Stockholm,131 52,Cylindervägen 18,14301000,2025-02,sweet_spot,true,13,,+46 8 91 04 11,info@maskinera.se,https://www.maskinera.se/,https://www.maskinera.se/,https://www.allabolag.se/foretag/maskinera-ab/nacka/-/2KI5EVYI5YDVM,already_present,,,maskinera.se,info@maskinera.se; filip.multan@maskinera.se; andreas.einarsson@maskinera.se,https://maskinera.se,static,yes,product_cards; priced_cards,,static@https://maskinera.se:pricedCards(multiPrices) | static@https://maskinera.se:productCards(200) | DECISION@static@https://maskinera.se,40,5,37,39,0,0,0,13,380,100,18,no,,49,"is_webshop, catalog_20plus, seo_gap_low, has_email",dom_fallback:40_urls | seo_sampled:5 gap:18
559180-7788,Sallakliniken AB,Sallakliniken AB,Kosmetika,Hälsotjänster,"Hälsotjänster; Tandläkare; Kosmetik, parfym och frisörartiklar; Kosmetik - tillverkare och grossister; Grossister",Värmland,Sunne,Sunne,686 30,Älvgatan 40,14256000,2025-09,sweet_spot,true,5,,,,,,https://www.allabolag.se/foretag/sallakliniken-ab/sunne/-/2KH7UI4I63IHB,not_found,,hitta_orgnr:hitta_no_url_found | hitta_name:hitta_no_next_data | mojeek_candidates:12 | mojeek_no_name_match | ddg_failed:HTTP 403 for https://html.duckduckgo.com/html/?q=Sallakliniken%20AB%20hemsida,,,,,,,,,,,,,,,,,,,,,,,,
559389-7878,Novi Medical Solutions AB,Novi Medical Solutions AB,Kosmetika,"Kosmetik, parfym och frisörartiklar","Kosmetik, parfym och frisörartiklar; Kosmetik - tillverkare och grossister; Grossister",Stockholm,Stockholm,Stockholm,114 46,Humlegårdsgatan 19 a,14177000,2024-12,sweet_spot,true,5,,,,,,https://www.allabolag.se/foretag/novi-medical-solutions-ab/stockholm/-/2KIGN86I63IIB,not_found,,hitta_orgnr:hitta_no_url_found | hitta_name:hitta_no_next_data | mojeek_candidates:18 | mojeek_no_name_match | ddg_failed:HTTP 403 for https://html.duckduckgo.com/html/?q=Novi%20Medical%20Solutions%20AB%20hemsida,,,,,,,,,,,,,,,,,,,,,,,,
559222-9446,WE Dental AB,WE Dental AB,Kosmetika,Hälsotjänster,"Hälsotjänster; Tandläkare; Kosmetik, parfym och frisörartiklar; Kosmetik - tillverkare och grossister; Grossister; Hudvårdsprodukter",Stockholm,Nacka,Nacka,131 57,Värmdövägen 171,14149000,2025-12,sweet_spot,true,9,,+46 8 500 077 19,,,http://www.wedental.se,https://www.allabolag.se/foretag/we-dental-ab/nacka/-/2KHGVUUI63IHB,hitta_orgnr,high,hitta_orgnr:hitta_detail | hitta_orgnr:https://www.hitta.se/we+dental+ab/nacka/lsbjkmgst | hitta_orgnr:orgnr_match | hitta_orgnr:url_in_own_segment,wedental.se,kontakt@wedental.se,https://www.wedental.se/customer-service,browser,no,,,,,,,,,,,,,,,no,,0,not_webshop,
559313-1344,Have a great hair day AB,Have a great hair day AB,Kosmetika,"Kosmetik, parfym och frisörartiklar","Kosmetik, parfym och frisörartiklar; Kosmetik - tillverkare och grossister; Grossister",Västernorrland,Örnsköldsvik,Örnsköldsvik,891 41,Björnavägen 41 a,14088000,2025-12,sweet_spot,true,2,,,,,,https://www.allabolag.se/foretag/have-a-great-hair-day-ab/ornskoldsvik/-/2KI07RKI63IIB,not_found,,hitta_orgnr:hitta_no_url_found | hitta_name:hitta_no_next_data | mojeek_candidates:32 | mojeek_no_name_match | ddg_failed:HTTP 403 for https://html.duckduckgo.com/html/?q=Have%20a%20great%20hair%20day%20AB%20hemsida,,,,,,,,,,,,,,,,,,,,,,,,
556470-0556,Linfalk AB,Linfalk AB,E-handel,E-handel,Järnvaror; E-handel; Grossister; Detaljhandel - annat; Detaljhandel; Postorder/e-handel,Östergötland,Linköping,Linköping,582 78,Fågelögatan 2,14030000,2025-12,sweet_spot,true,3,,+46 13 31 40 20,info@linfalk.se,https://www.linfalk.se/,https://www.linfalk.se/,https://www.allabolag.se/foretag/linfalk-ab/linkoping/-/2K12UFGI5YDVM,already_present,,,linfalk.se,info@linfalk.se,https://linfalk.se,static,yes,product_cards; priced_cards,,static@https://linfalk.se:pricedCards(priceMicrodata) | static@https://linfalk.se:productCards(54) | DECISION@static@https://linfalk.se,80,5,21,27,0,0,0,69,0,100,40,no,,65,"is_webshop, catalog_50plus, seo_gap_low, thin_product_copy, has_email",sitemap:80_products_from_2_sitemaps | seo_sampled:5 gap:40
556495-5408,Bäckmans,OM Bäckmans Maskin & Trädgård AB,Trädgård,"Trädgårdsmaskiner, trädgårdsredskap","Trädgårdsmaskiner, trädgårdsredskap; Lantbruksmaskiner, förnödenheter - grossist; Lantbruksmaskiner, förnödenheter; Grossister",Skåne,Bromölla,BROMÖLLA,29539,Sockerbruksvägen 1,14025000,2024-12,sweet_spot,true,3,,+46 456 491 20; +46 70 976 30 29; +46 70 976 39 29,lars@backmanmaskin.se,https://www.backmansbromolla.se,https://www.backmansbromolla.se,https://www.allabolag.se/foretag/om-backmans-maskin-och-tradgard-ab/bromolla/-/2K18B2OI5YI5D,already_present,,,backmansbromolla.se,lars@backmanmaskin.se; ola@backmanmaskin.se,https://backmansbromolla.se/kontakt,browser,no,sampled_3,,main@https://backmansbromolla.se/:samplingRan(sampled=3) | sampleURL@https://backmansbromolla.se/foretaget/:status=200 | sampleURL@https://backmansbromolla.se/vara-leverantorer/:status=200 | sampleURL@https://backmansbromolla.se/aktuellt/:status=200,,,,,,,,,,,,no,,5,has_identity,
559432-1233,RA Macken AB,RA Macken AB,Smycken,Butikshandel,Butikshandel; Bensinstationer,Västmanland,Sala,Västerfärnebo,733 62,Tappebo 134,13956000,2025-08,sweet_spot,true,8,,,,,,https://www.allabolag.se/foretag/ra-macken-ab/sala/-/2KIPPW1I63ILL,not_found,,hitta_orgnr:hitta_no_url_found | hitta_name:hitta_no_next_data | mojeek_candidates:16 | mojeek_no_name_match | ddg_failed:HTTP 403 for https://html.duckduckgo.com/html/?q=RA%20Macken%20AB%20hemsida,,,,,,,,,,,,,,,,,,,,,,,,
559074-0782,Ranviks Trädgård AB,Ranviks Trädgård AB,Trädgård,Jordbruk,Jordbruk; Jordbruk - odling,Skåne,Båstad,Båstad,269 42,Tarravägen 67,13937000,2025-06,sweet_spot,true,8,,+46 73 933 86 59; +46 76 867 61 46,,,https://ranvik.se,https://www.allabolag.se/foretag/ranviks-tradgard-ab/bastad/-/2KGKZ72I63IHJ,mojeek,low,hitta_orgnr:hitta_no_url_found | hitta_name:hitta_no_next_data | mojeek_candidates:22 | mojeek_picked:ranvik.se(score=14),ranvik.se,uraevx@enaivx.fr; vasb@enaivx.fr,https://ranvik.se,static,no,product_cards,,static@https://ranvik.se:productCards(2),,,,,,,,,,,,no,,0,not_webshop,
556923-0278,Leklust AB,Leksaker i Västerås AB,Leksaker,"Spel, nöjesanläggningsutrustningar","Spel, nöjesanläggningsutrustningar; Butikshandel; Detaljhandel",Västmanland,Västerås,Västerås,722 15,Vasagatan 18,13856000,2024-12,sweet_spot,true,7,,0737553778,,,http://www.leklust.se/,https://www.allabolag.se/foretag/leksaker-i-vasteras-ab/vasteras/-/2K3RXL2I5YHPS,hitta_orgnr,high,hitta_orgnr:hitta_detail | hitta_orgnr:https://www.hitta.se/leksaker-i-vasteras-ab/v%C3%A4ster%C3%A5s/jpbbzaalc | hitta_orgnr:orgnr_match | hitta_orgnr:url_in_own_segment,leklust.se,,https://leklust.se,static,no,product_cards,,static@https://leklust.se:productCards(19),,,,,,,,,,,,no,,5,has_identity,
556184-8499,BE Trädgård AB,BE Trädgård AB,Trädgård,Jordbruk,Jordbruk; Jordbruk - odling,Västerbotten,Skellefteå,Skellefteå,931 44,Kronbodgatan 5,13800000,2025-08,sweet_spot,true,11,,+46 8 634 44 30,,,http://blomsterslottet.interflora.se,https://www.allabolag.se/foretag/be-tradgard-ab/skelleftea/-/2K3C0BXI63IHJ,hitta_orgnr,high,hitta_orgnr:hitta_detail | hitta_orgnr:https://www.hitta.se/be+tr%C3%A4dg%C3%A5rd+ab/skellefte%C3%A5/cnpqqtbzd | hitta_orgnr:orgnr_match | hitta_orgnr:url_in_own_segment,blomsterslottet.interflora.se,medlemshantering@interflora.se; u003emedlemshantering@interflora.se,https://www.interflora.se/kontakta-oss,browser,yes,checkout_provider; checkout; provider:klarna,klarna,main@https://www.interflora.se/:hasCheckout(uiPhrase) | main@https://www.interflora.se/:providers(klarna) | DECISION@main@https://www.interflora.se/ | contact_like@https://www.interflora.se/kontakta-oss:hasCheckout(uiPhrase) | contact_like@https://www.interflora.se/kontakta-oss:providers(klarna) | DECISION@contact_like@https://www.interflora.se/kontakta-oss,12,,,,,,,,,,,no,,45,"is_webshop, platform:klarna, catalog_small, has_email, has_orgnr",dom_fallback:12_urls
559323-5145,Moderna Smycken Jönköping AB,Moderna Smycken Jönköping AB,Smycken,Urmakare,"Urmakare; Klockor, ur; Guld, silver, ädelstenar; Butikshandel",Jönköping,Jönköping,Jönköping,553 21,Östra Storgatan 5,13765000,2025-08,sweet_spot,true,5,,,,,,https://www.allabolag.se/foretag/moderna-smycken-jonkoping-ab/jonkoping/-/2KI2FUXI63IL5,not_found,,hitta_orgnr:hitta_no_url_found | hitta_name:hitta_no_next_data | mojeek_candidates:32 | mojeek_no_name_match | ddg_failed:HTTP 403 for https://html.duckduckgo.com/html/?q=Moderna%20Smycken%20J%C3%B6nk%C3%B6ping%20AB%20hemsida,,,,,,,,,,,,,,,,,,,,,,,,
556459-4868,Bürgers Växtgård AB,Bürgers Växtgård Aktiebolag,Trädgård,Jordbruk,Jordbruk; Jordbruk - odling,,,,,,13737000,2024-12,sweet_spot,true,9,,,,,,https://www.allabolag.se/foretag/b-rgers-vaxtgard-ab/-/-/2K10KVOI63IHJ,not_found,,hitta_orgnr:hitta_no_url_found | hitta_name:hitta_no_url_found | mojeek_candidates:32 | mojeek_no_name_match | ddg_failed:HTTP 403 for https://html.duckduckgo.com/html/?q=B%C3%BCrgers%20V%C3%A4xtg%C3%A5rd%20AB%20hemsida,,,,,,,,,,,,,,,,,,,,,,,,
556062-8629,Barcom Hem-Elektronik Aktiebolag,Barcom Hem-Elektronik Aktiebolag,Hemelektronik,Elektronik- och telekommunikationsutrustning,"Elektronik- och telekommunikationsutrustning; Elektronik- och telekommunikationsutrustning - grossist; Grossister; Datorer - Kringutrustningar; Datorer och kringutrustningar - tillverkning; Producenter; Metaller, legeringar - grossist",Stockholm,Solna,Solna,171 48,Industrivägen 21,13730000,2025-04,sweet_spot,true,1,,,,,,https://www.allabolag.se/foretag/barcom-hem-elektronik-aktiebolag/solna/-/2JYNKIDI63IFR,not_found,,hitta_orgnr:hitta_no_url_found | hitta_name:hitta_no_next_data | mojeek_candidates:12 | mojeek_no_name_match | ddg_failed:HTTP 403 for https://html.duckduckgo.com/html/?q=Barcom%20Hem-Elektronik%20Aktiebolag%20hemsida,,,,,,,,,,,,,,,,,,,,,,,,
559269-6255,We are Beauty AB,We are Beauty AB,Kosmetika,"Kosmetik, parfym och frisörartiklar","Kosmetik, parfym och frisörartiklar; Detaljhandel; Postorder/e-handel; Kosmetik - tillverkare och grossister; Grossister",Stockholm,Stockholm,Stockholm,114 46,Grev Turegatan 11 a 5 Trappor,13682000,2024-12,sweet_spot,true,4,,,,,,https://www.allabolag.se/foretag/we-are-beauty-ab/stockholm/-/2KHQW1RI63IIB,not_found,,hitta_orgnr:hitta_no_url_found | hitta_name:hitta_no_next_data | mojeek_candidates:32 | mojeek_no_name_match | ddg_failed:HTTP 403 for https://html.duckduckgo.com/html/?q=We%20are%20Beauty%20AB%20hemsida,,,,,,,,,,,,,,,,,,,,,,,,
559060-7684,Dentalum Östersund AB,Dentalum Östersund AB,Kosmetika,Hälsotjänster,"Hälsotjänster; Tandläkare; Kosmetik, parfym och frisörartiklar; Kosmetik - tillverkare och grossister; Grossister",Jämtland,Östersund,Östersund,831 31,Prästgårdsgatan 28,13680000,2025-06,sweet_spot,true,6,,+46 63 10 54 50; +46 63 10 89 50,,,https://curatandvard.se/,https://www.allabolag.se/foretag/dentalum-ostersund-ab/ostersund/-/2K3JF87I63IHB,hitta_orgnr,high,hitta_orgnr:hitta_detail | hitta_orgnr:https://www.hitta.se/cura-tandvard/stockholm/anrbikln | hitta_orgnr:orgnr_match | hitta_orgnr:url_in_own_segment,curatandvard.se,,https://curatandvard.se,static,no,product_cards,,static@https://curatandvard.se:productCards(2),,,,,,,,,,,,no,,0,not_webshop,
556568-3330,Skearyd Trädgård AB,Skearyd Trädgård AB,Trädgård,Jordbruk,"Jordbruk; Jordbruk - odling; Grossister; Växtservice, kontorsservice",Blekinge,Karlskrona,Jämjö,373 75,Skearydsvägen 36,13626000,2025-08,sweet_spot,true,5,,,,,http://www.skearyd.se/,https://www.allabolag.se/foretag/skearyd-tradgard-ab/karlskrona/-/2K1NWQQI63IHJ,hitta_orgnr,high,hitta_orgnr:hitta_detail | hitta_orgnr:https://www.hitta.se/skearyd+tr%C3%A4dg%C3%A5rd+ab/j%C3%A4mj%C3%B6/nqudiacpq | hitta_orgnr:orgnr_match | hitta_orgnr:url_in_own_segment,skearyd.se,,https://skearyd.se,browser,no,,,,,,,,,,,,,,,no,,0,not_webshop,
559348-4776,The Untamed of the North Aktiebolag,The Untamed of the North Aktiebolag,Kosmetika,"Kosmetik, parfym och frisörartiklar","Kosmetik, parfym och frisörartiklar; Kosmetik - tillverkare och grossister; Grossister",Stockholm,Stockholm,Stockholm,114 56,Torstenssonsgatan 8 a,13528000,2024-12,sweet_spot,true,4,,,,,,https://www.allabolag.se/foretag/the-untamed-of-the-north-aktiebolag/stockholm/-/2KI7SH4I63IIB,not_found,,hitta_orgnr:hitta_no_url_found | hitta_name:hitta_no_next_data | mojeek_candidates:12 | mojeek_no_name_match | ddg_failed:HTTP 403 for https://html.duckduckgo.com/html/?q=The%20Untamed%20of%20the%20North%20Aktiebolag%20hemsida,,,,,,,,,,,,,,,,,,,,,,,,
556678-9557,Artisan Organics Sweden AB,Artisan Organics Sweden AB,Kosmetika,"Kemikalier, industrikemikalier - tillverkning","Kemikalier, industrikemikalier - tillverkning; Kemikalier, industrikemikalier; Producenter; Kosmetik, parfym och frisörartiklar; Kosmetik - tillverkare och grossister; Grossister",Skåne,Malmö,Malmö,211 20,Grimsbygatan 24,13439000,2025-06,sweet_spot,true,5,,0406152030,,,,https://www.allabolag.se/foretag/artisan-organics-sweden-ab/malmo/-/2K2BMB9I63IHZ,not_found,,hitta_orgnr:hitta_no_url_found | hitta_name:hitta_no_next_data | mojeek_candidates:32 | mojeek_no_name_match | ddg_failed:HTTP 403 for https://html.duckduckgo.com/html/?q=Artisan%20Organics%20Sweden%20AB%20hemsida,,,,,,,,,,,,,,,,,,,,,,,,
556602-6380,Tobias Frick Ung Mode AB,Tobias Frick Ung Mode AB,Mode,Konfektion,"Konfektion; Butikshandel; Detaljhandel; Kläder, skor",Kalmar,Oskarshamn,Oskarshamn,572 30,Lilla Torget 3,13413000,2025-12,sweet_spot,true,5,,,,,,https://www.allabolag.se/foretag/tobias-frick-ung-mode-ab/oskarshamn/-/2K1V9FWI63II4,not_found,,hitta_orgnr:hitta_no_url_found | hitta_name:hitta_no_next_data | mojeek_candidates:12 | mojeek_no_name_match | ddg_failed:HTTP 403 for https://html.duckduckgo.com/html/?q=Tobias%20Frick%20Ung%20Mode%20AB%20hemsida,,,,,,,,,,,,,,,,,,,,,,,,
556266-0646,Elfströms Trädårdsanläggningar AB,Elfströms Trädgårdsanläggningar Aktiebolag,Trädgård,Parkanläggningar,Parkanläggningar,Stockholm,Stockholm,Stockholm,116 38,Malmgårdsvägen 20,13353000,2025-04,sweet_spot,true,14,,+46 8 644 48 24,,,https://www.elfstromstradgard.se/,https://www.allabolag.se/foretag/elfstroms-tradgardsanlaggningar-aktiebolag/stockholm/-/2JZV4FAI63IJW,hitta_orgnr,high,hitta_orgnr:hitta_detail | hitta_orgnr:https://www.hitta.se/elfstr%C3%B6ms+tr%C3%A4dg%C3%A5rdsanl%C3%A4ggningar+ab/stockholm/lqsvbdcr | hitta_orgnr:orgnr_match | hitta_orgnr:url_in_own_segment,elfstromstradgard.se,elfstromstradgard@elfstromstradgard.com,https://elfstromstradgard.se,static,no,product_cards,,static@https://elfstromstradgard.se:productCards(2),,,,,,,,,,,,no,,5,has_identity,
556685-8766,Teamtandvården Onsala AB,Teamtandvården Onsala AB,Kosmetika,Hälsotjänster,"Hälsotjänster; Tandläkare; Kosmetik, parfym och frisörartiklar; Kosmetik - tillverkare och grossister; Grossister",Halland,Kungsbacka,Onsala,439 30,Mariedalsvägen 6,13286000,2024-12,sweet_spot,true,13,,0300569220,,,,https://www.allabolag.se/foretag/teamtandvarden-onsala-ab/kungsbacka/-/2K2D3PQI63IHB,not_found,,hitta_orgnr:hitta_no_url_found | hitta_name:hitta_no_next_data | mojeek_candidates:12 | mojeek_no_name_match | ddg_failed:HTTP 403 for https://html.duckduckgo.com/html/?q=Teamtandv%C3%A5rden%20Onsala%20AB%20hemsida,,,,,,,,,,,,,,,,,,,,,,,,
559070-7518,Lip Intimate Care Sweden AB,Lip Intimate Care Sweden AB,Kosmetika,"Kosmetik, parfym och frisörartiklar","Kosmetik, parfym och frisörartiklar; Kosmetik - tillverkare och grossister; Grossister",Stockholm,Stockholm,Stockholm,,,13162000,2024-12,sweet_spot,true,1,,,,,,https://www.allabolag.se/foretag/lip-intimate-care-sweden-ab/stockholm/-/2KGK9J2I63IIB,not_found,,hitta_orgnr:hitta_no_url_found | hitta_name:hitta_no_next_data | mojeek_candidates:32 | mojeek_no_name_match | ddg_failed:HTTP 403 for https://html.duckduckgo.com/html/?q=Lip%20Intimate%20Care%20Sweden%20AB%20hemsida,,,,,,,,,,,,,,,,,,,,,,,,
559186-6966,Tina Hyllander macken AB,Tina Hyllander macken AB,Smycken,Livsmedel,Livsmedel; Butikshandel; Uthyrning; Bilar; Detaljhandel; Bilreservdelar,Skåne,Kävlinge,Löddeköpinge,246 42,Marknadsvägen 1,13012000,2025-12,sweet_spot,true,6,,,,,,https://www.allabolag.se/foretag/tina-hyllander-macken-ab/kavlinge/-/2KH945YI5YFWD,not_found,,hitta_orgnr:hitta_no_url_found | hitta_name:hitta_no_next_data | mojeek_candidates:12 | mojeek_no_name_match | ddg_failed:HTTP 403 for https://html.duckduckgo.com/html/?q=Tina%20Hyllander%20macken%20AB%20hemsida,,,,,,,,,,,,,,,,,,,,,,,,
556826-0433,Skanstulls Hälsokost AB,Skanstulls Hälsokost AB,Hälsokost,Livsmedel,"Livsmedel; Hälsokost, naturläkemedel; Detaljhandel; Butikshandel",Stockholm,Stockholm,Stockholm,116 61,Ringvägen 106,12998000,2025-12,sweet_spot,true,6,,+46 8 640 81 06,,,https://skanstullshalsokost.se,https://www.allabolag.se/foretag/skanstulls-halsokost-ab/stockholm/-/2K3758XI5YFWD,mojeek,medium,hitta_orgnr:hitta_no_url_found | hitta_name:hitta_no_next_data | mojeek_candidates:30 | mojeek_picked:skanstullshalsokost.se(score=22),skanstullshalsokost.se,info@skanstullshalsokost.se,https://skanstullshalsokost.se/contact,browser,yes,checkout_provider; cart; checkout; product_cards; priced_cards; provider:klarna; provider:wikinggruppen,"klarna,wikinggruppen","main@https://skanstullshalsokost.se/:hasCheckout(urlPath:/checkout) | main@https://skanstullshalsokost.se/:hasCart(uiPhrase) | main@https://skanstullshalsokost.se/:pricedCards(multiPrices) | main@https://skanstullshalsokost.se/:providers(klarna,wikinggruppen) | main@https://skanstullshalsokost.se/:productCards(108) | DECISION@main@https://skanstullshalsokost.se/ | contact_like@https://skanstullshalsokost.se/contact/:hasCart(uiPhrase) | contact_like@https://skanstullshalsokost.se/contact/:providers(klarna) | DECISION@contact_like@https://skanstullshalsokost.se/contact/",,,,,,,,,,,,no,,41,"is_webshop, platform:klarna,wikinggruppen, has_email, has_orgnr",dom_fallback:0_urls
556981-2380,Svängsta Macken AB,Svängsta Macken AB,Smycken,Butikshandel,Butikshandel; Bensinstationer; Livsmedel; Bilar; Bilreparationer,Blekinge,Karlshamn,Svängsta,376 37,Holländarevägen 12,12978000,2024-12,sweet_spot,true,3,,,,,,https://www.allabolag.se/foretag/svangsta-macken-ab/karlshamn/-/2K44EQKI63ILL,not_found,,hitta_orgnr:hitta_no_url_found | hitta_name:hitta_no_next_data | mojeek_candidates:12 | mojeek_no_name_match | ddg_failed:HTTP 403 for https://html.duckduckgo.com/html/?q=Sv%C3%A4ngsta%20Macken%20AB%20hemsida,,,,,,,,,,,,,,,,,,,,,,,,
556938-9645,Stockholms Markpartner AB,Stockholms markpartner AB,Trädgård,"Markentreprenörer, anläggningsentreprenörer","Markentreprenörer, anläggningsentreprenörer; Entreprenörer; Byggmästare; Parkanläggningar; Konsulter; Teknikkonsulter; Byggentreprenader-Infrastruktur",Stockholm,Upplands Väsby,,194 52,Fritiofsväg 69,12975000,2024-12,sweet_spot,true,6,,+46 10 510 04 40,info@stockholmsmarkpartner.se,https://www.stockholmsmarkpartner.se,https://www.stockholmsmarkpartner.se,https://www.allabolag.se/foretag/stockholms-markpartner-ab/upplands-vasby/-/2K3VCJXI5YG4F,already_present,,,stockholmsmarkpartner.se,info@stockholmsmarkpartner.se,https://stockholmsmarkpartner.se,static,no,,,,,,,,,,,,,,,no,,5,has_identity,
556564-0199,Q4 Ekonomi AB,Q4 Ekonomi AB,Mode,"Redovisning, bokföring","Redovisning, bokföring; Skatterådgivning",Västernorrland,Örnsköldsvik,Örnsköldsvik,891 31,Magasinsallén 2E,12931000,2024-12,sweet_spot,true,11,,+46 660 24 70 00,info@q4ekonomi.se,https://q4ekonomi.se/,https://q4ekonomi.se/,https://www.allabolag.se/foretag/q4-ekonomi/ornskoldsvik/-/2K1MZGNI5YGRY,already_present,,,q4ekonomi.se,info@q4ekonomi.se,https://q4ekonomi.se,static,no,product_cards,,static@https://q4ekonomi.se:productCards(3),,,,,,,,,,,,no,,5,has_identity,
559292-7114,Leksaksfabriken i Dalarna AB,Leksaksfabriken i Dalarna AB,Leksaker,"Spel, nöjesanläggningsutrustningar","Spel, nöjesanläggningsutrustningar; Butikshandel; Detaljhandel",Dalarna,Leksand,Leksand,793 31,Leksandsvägen 3,12758000,2024-12,sweet_spot,true,6,,,,,,https://www.allabolag.se/foretag/leksaksfabriken-i-dalarna-ab/leksand/-/2KHVU6II5YHPS,not_found,,hitta_orgnr:hitta_no_url_found | hitta_name:hitta_no_url_found | mojeek_candidates:12 | mojeek_no_name_match | ddg_failed:HTTP 403 for https://html.duckduckgo.com/html/?q=Leksaksfabriken%20i%20Dalarna%20AB%20hemsida,,,,,,,,,,,,,,,,,,,,,,,,
556900-9789,Juhl Svenska AB,Juhl Svenska AB,Kosmetika,"Kosmetik, parfym och frisörartiklar","Kosmetik, parfym och frisörartiklar; Kosmetik - tillverkare och grossister; Grossister",Skåne,Helsingborg,Helsingborg,,,12727000,2025-06,sweet_spot,true,1,,,,,,https://www.allabolag.se/foretag/juhl-svenska-ab/helsingborg/-/2K3N7GDI63IIB,not_found,,hitta_orgnr:hitta_no_url_found | hitta_name:hitta_no_next_data | mojeek_candidates:32 | mojeek_no_name_match | ddg_failed:HTTP 403 for https://html.duckduckgo.com/html/?q=Juhl%20Svenska%20AB%20hemsida,,,,,,,,,,,,,,,,,,,,,,,,
556462-9060,Jansens Modehus Aktiebolag,Jansens Modehus Aktiebolag,Mode,Konfektion,"Konfektion; Butikshandel; Detaljhandel; Kläder, skor",Blekinge,Karlshamn,Karlshamn,374 35,Drottninggatan 39,12608000,2025-04,sweet_spot,true,6,,0454302432,,,,https://www.allabolag.se/foretag/jansens-modehus-aktiebolag/karlshamn/-/2K11B9GI63II4,not_found,,hitta_orgnr:hitta_no_url_found | hitta_name:hitta_no_url_found | mojeek_candidates:12 | mojeek_no_name_match | ddg_failed:HTTP 403 for https://html.duckduckgo.com/html/?q=Jansens%20Modehus%20Aktiebolag%20hemsida,,,,,,,,,,,,,,,,,,,,,,,,
556670-5728,Docksta Sko,Docksta Sko AB,Skor,Skor,Skor; Skor och tillbehör - produktion; Producenter; Medicinteknisk utrustning; Medicinteknisk utrustning - produktion; Konfektion; Kläder; Grossister,Västernorrland,Kramfors,Docksta,873 96,Berg 301,12579000,2025-08,sweet_spot,true,6,,+46 613 402 50,,,http://www.dockstasko.se/,https://www.allabolag.se/foretag/docksta-sko-ab/kramfors/-/2K29TMOI5YHGY,hitta_orgnr,high,hitta_orgnr:hitta_detail | hitta_orgnr:https://www.hitta.se/docksta+sko+ab/docksta/mqrydalmn | hitta_orgnr:orgnr_match | hitta_orgnr:url_in_own_segment,dockstasko.se,info@dockstasko.se,https://www.dockstasko.se/kontakt,browser,yes,checkout_provider; cart; checkout; product_cards; priced_cards; provider:shopify,shopify,main@https://www.dockstasko.se/:hasCheckout(urlPath:/checkout) | main@https://www.dockstasko.se/:hasCart(urlPath:/cart) | main@https://www.dockstasko.se/:pricedCards(multiPrices) | main@https://www.dockstasko.se/:providers(shopify) | main@https://www.dockstasko.se/:productCards(134) | DECISION@main@https://www.dockstasko.se/ | contact_like@https://www.dockstasko.se/pages/kontakta-oss:hasCheckout(urlPath:/checkout) | contact_like@https://www.dockstasko.se/pages/kontakta-oss:hasCart(urlPath:/cart) | contact_like@https://www.dockstasko.se/pages/kontakta-oss:pricedCards(multiPrices) | contact_like@https://www.dockstasko.se/pages/kontakta-oss:providers(shopify) | contact_like@https://www.dockstasko.se/pages/kontakta-oss:productCards(70) | DECISION@contact_like@https://www.dockstasko.se/pages/kontakta-oss,80,5,49,320,0,0,0,64,414,100,9,no,,58,"is_webshop, platform:shopify, catalog_50plus, seo_gap_low, has_email",sitemap:80_products_from_2_sitemaps | seo_sampled:5 gap:9
556419-6284,Aktiebolaget Mathisens Skofabrik,Aktiebolaget Mathisens Skofabrik,Skor,Skor,Skor; Skor och tillbehör - produktion; Producenter,Örebro,Kumla,Kumla,692 73,Sillagatan 12,12571000,2025-04,sweet_spot,true,9,,,,,,https://www.allabolag.se/foretag/aktiebolaget-mathisens-skofabrik/kumla/-/2K0S1BWI5YHGY,not_found,,hitta_orgnr:hitta_no_url_found | hitta_name:hitta_no_next_data | mojeek_candidates:12 | mojeek_no_name_match | ddg_failed:HTTP 403 for https://html.duckduckgo.com/html/?q=Aktiebolaget%20Mathisens%20Skofabrik%20hemsida,,,,,,,,,,,,,,,,,,,,,,,,
556515-5610,Ekofekt AB,Ekofekt AB,Kosmetika,"Kosmetik, parfym och frisörartiklar","Kosmetik, parfym och frisörartiklar; Kosmetik - tillverkare och grossister; Grossister",Skåne,Kristianstad,Kristianstad,291 62,Isolatorvägen 6,12541000,2024-12,sweet_spot,true,6,,,,,,https://www.allabolag.se/foretag/ekofekt-ab/kristianstad/-/2K1CLJUI63IIB,not_found,,hitta_orgnr:hitta_no_url_found | hitta_name:hitta_no_next_data | mojeek_candidates:14 | mojeek_no_name_match | ddg_failed:HTTP 403 for https://html.duckduckgo.com/html/?q=Ekofekt%20AB%20hemsida,,,,,,,,,,,,,,,,,,,,,,,,
556408-8614,1910 konfektions AB,1910 konfektions AB,Kosmetika,Konfektion,"Konfektion; Butikshandel; Detaljhandel; Kläder, skor; Skor - detaljister; Kosmetik, parfym och frisörartiklar; Kosmetik - tillverkare och grossister; Grossister",Skåne,Simrishamn,Simrishamn,272 31,Stortorget 1,12473000,2025-08,sweet_spot,true,7,,041410585,,,http://www.simrishamnsmodehus.se/,https://www.allabolag.se/foretag/1910-konfektions-ab/simrishamn/-/2K0PQ92I63II4,hitta_orgnr,high,hitta_orgnr:hitta_detail | hitta_orgnr:https://www.hitta.se/1910+simrishamns+modehus/simrishamn/ikguhggv | hitta_orgnr:orgnr_match | hitta_orgnr:url_in_own_segment,simrishamnsmodehus.se,,https://simrishamnsmodehus.se,browser,no,,,,,,,,,,,,,,,no,,0,unreachable_or_parked,net::ERR_CERT_COMMON_NAME_INVALID at https://simrishamnsmodehus.se | method:browser
556205-9955,Smycka Kumla AB,Smycka Kumla AB,Smycken,Urmakare,"Urmakare; Klockor, ur; Guld, silver, ädelstenar; Butikshandel",Örebro,Kumla,Kumla,692 30,Hagendalsvägen 3,12440000,2025-06,sweet_spot,true,5,,,,,https://www.smycka.se,https://www.allabolag.se/foretag/smycka-kumla-ab/kumla/-/2JYFIS3I63IL5,mojeek,low,hitta_orgnr:hitta_no_url_found | hitta_name:hitta_no_url_found | mojeek_candidates:18 | mojeek_picked:smycka.se(score=14),smycka.se,,https://www.smycka.se,static,yes,checkout_provider; checkout; provider:jetshop,jetshop,static@https://www.smycka.se:hasCheckout(urlPath:/betalning) | static@https://www.smycka.se:providers(jetshop) | DECISION@static@https://www.smycka.se,,,,,,,,,,,,no,,36,"is_webshop, platform:jetshop, has_orgnr",
556337-2902,Hökensås Sportfiske AB,Hökensås Sportfiske Aktiebolag,Sport,Sport,"Sport; Fisk, skaldjur; Fiskodling, skaldjursodling, sportfiske; Sportanläggningar; Detaljhandel; Butikshandel",,,TIDAHOLM,522 91,Håkängen,12307000,2024-12,sweet_spot,true,11,,+46 502 230 00; +46 505 441 51,marten@hokensas.se,http://www.hokensas.se,http://www.hokensas.se,https://www.allabolag.se/foretag/hokensas-sportfiske-ab/-/-/2K0AE06I5YHR6,already_present,,,hokensas.se,fiska@hokensas.se,https://hokensas.se,static,no,,,,,,,,,,,,,,,no,,5,has_identity,
559083-3330,Tandhälsan Säter AB,Tandhälsan Säter AB,Kosmetika,Hälsotjänster,"Hälsotjänster; Tandläkare; Kosmetik, parfym och frisörartiklar; Kosmetik - tillverkare och grossister; Grossister",Dalarna,Säter,Säter,783 30,Västra Långgatan 6,12301000,2025-12,sweet_spot,true,7,,,,,http://www.tandhalsansater.se,https://www.allabolag.se/foretag/tandhalsan-sater-ab/sater/-/2KGMYLUI63IHB,hitta_orgnr,high,hitta_orgnr:hitta_detail | hitta_orgnr:https://www.hitta.se/tandhalsan-sater-ab/s%C3%A4ter/msefagqbx | hitta_orgnr:orgnr_match | hitta_orgnr:url_in_own_segment,tandhalsansater.se,,https://tandhalsansater.se,browser,no,,,,,,,,,,,,,,,no,,0,unreachable_or_parked,HTTP 403 | method:browser
559095-6404,Selahatin AB,Selahatin AB,Kosmetika,"Kosmetik, parfym och frisörartiklar","Kosmetik, parfym och frisörartiklar; Kosmetik - tillverkare och grossister; Grossister; Industridesigners; Designers, formgivare; Läder och lädervaror; Läder, skor, inredning, reseeffekter och textilier; Detaljhandel; Butikshandel",Stockholm,Stockholm,Stockholm,114 56,Strandvägen 7 b,12242000,2024-12,sweet_spot,true,6,,,,,http://www.selahatin.com,https://www.allabolag.se/foretag/selahatin-ab/stockholm/-/2KGPLKKI63IIB,hitta_orgnr,high,hitta_orgnr:hitta_detail | hitta_orgnr:https://www.hitta.se/selahatin-ab/stockholm/ikpsydej | hitta_orgnr:orgnr_match | hitta_orgnr:url_in_own_segment,selahatin.com,shop@selahatin.com; info@selahatin.com; press@selahatin.com,https://www.selahatin.com/support,browser,no,sampled_3; sample_price_1,,main@https://www.selahatin.com/:samplingRan(sampled=3) | sampleURL@https://selahatin.com/shipping-and-returns:status=200:PRICE | sampleURL@https://selahatin.com/press:status=200 | sampleURL@https://selahatin.com/careers:status=200,,,,,,,,,,,,no,,0,not_webshop,
559121-8473,Independent Beauty Sweden AB,Independent Beauty Sweden AB,Kosmetika,"Kosmetik, parfym och frisörartiklar","Kosmetik, parfym och frisörartiklar; Kosmetik - tillverkare och grossister; Grossister",Stockholm,Stockholm,Stockholm,,,12223000,2024-12,sweet_spot,true,0,,,,,,https://www.allabolag.se/foretag/independent-beauty-sweden-ab/stockholm/-/2KGV7S9I63IIB,not_found,,hitta_orgnr:hitta_no_url_found | hitta_name:hitta_no_next_data | mojeek_candidates:32 | mojeek_no_name_match | ddg_failed:HTTP 403 for https://html.duckduckgo.com/html/?q=Independent%20Beauty%20Sweden%20AB%20hemsida,,,,,,,,,,,,,,,,,,,,,,,,
556819-4533,Eciggonline.se,Lalicic Trading AB,E-handel,E-handel,E-handel; Tobak; Detaljhandel; Butikshandel,Skåne,Helsingborg,Ödåkra,25473,Kometgatan 19,12198000,2024-12,sweet_spot,true,3,,,info@eciggonline.se,https://www.eciggonline.se/,https://www.eciggonline.se/,https://www.allabolag.se/foretag/eciggonline-se/helsingborg/-/2K35QEDI5YDVM,already_present,,,eciggonline.se,info@eciggonline.se,https://eciggonline.se,static,yes,checkout_provider; cart; checkout; product_cards; priced_cards; provider:klarna,klarna,static@https://eciggonline.se:hasCheckout(urlPath:/betalning) | static@https://eciggonline.se:hasCart(uiPhrase) | static@https://eciggonline.se:pricedCards(multiPrices) | static@https://eciggonline.se:providers(klarna) | static@https://eciggonline.se:productCards(80) | DECISION@static@https://eciggonline.se,,,,,,,,,,,,no,,41,"is_webshop, platform:klarna, has_email, has_orgnr",dom_fallback:0_urls
556462-4491,Yrkeshögskolan för Hudvård och SPA i Stockholm AB,Yrkeshögskolan för Hudvård och SPA i Stockholm AB,Hudvård,Skolor och utbildning,"Skolor och utbildning; Böcker, papper, tidningar och reklamblad; Postorder/e-handel; Detaljhandel",Västra Götaland,Partille,,,,12124000,2023-12,sweet_spot,true,14,,,,,http://www.yhhs.se/,https://www.allabolag.se/foretag/yrkeshogskolan-for-hudvard-och-spa-i-stockholm-ab/partille/-/2K117QJI63IKI,hitta_orgnr,high,hitta_orgnr:hitta_detail | hitta_orgnr:https://www.hitta.se/beauty+och+spa/solna/apyalsvy | hitta_orgnr:orgnr_match | hitta_orgnr:url_in_own_segment,yhhs.se,,https://yhhs.se,browser,no,,,,,,,,,,,,,,,no,,0,unreachable_or_parked,net::ERR_NAME_NOT_RESOLVED at https://yhhs.se | method:browser
559215-8959,Dupes,Dupes AB,Kosmetika,"Kosmetik, parfym och frisörartiklar","Kosmetik, parfym och frisörartiklar; Detaljhandel; Postorder/e-handel; Butikshandel; Kosmetik - tillverkare och grossister; Grossister",Västra Götaland,Göteborg,Göteborg,411 36,Kungsportsavenyen 43,12090000,2024-12,sweet_spot,true,3,,,,,https://dupes.se,https://www.allabolag.se/foretag/dupes-ab/goteborg/-/2KHFDGVI63IIB,mojeek,medium,hitta_orgnr:hitta_no_url_found | hitta_name:hitta_no_next_data | mojeek_candidates:32 | mojeek_picked:dupes.se(score=22),dupes.se,dupes.se@hotmail.com,https://dupes.se/pages/om-oss-1,browser,yes,checkout_provider; cart; checkout; product_cards; priced_cards; provider:shopify,shopify,main@https://dupes.se/:hasCheckout(urlPath:/checkout) | main@https://dupes.se/:hasCart(urlPath:/cart) | main@https://dupes.se/:pricedCards(multiPrices) | main@https://dupes.se/:providers(shopify) | main@https://dupes.se/:productCards(200) | DECISION@main@https://dupes.se/ | contact_like@https://dupes.se/pages/om-oss-1:hasCheckout(urlPath:/checkout) | contact_like@https://dupes.se/pages/om-oss-1:hasCart(urlPath:/cart) | contact_like@https://dupes.se/pages/om-oss-1:providers(shopify) | DECISION@contact_like@https://dupes.se/pages/om-oss-1,80,5,32,278,0,0,0,94,501,100,7,no,,57,"is_webshop, platform:shopify, catalog_50plus, seo_gap_low, has_email",sitemap:80_products_from_2_sitemaps | seo_sampled:5 gap:7
559143-3155,JX Distribution AB,JX Distribution AB,Kosmetika,"Kosmetik, parfym och frisörartiklar","Kosmetik, parfym och frisörartiklar; Kosmetik - tillverkare och grossister; Grossister",Stockholm,Tyresö,Tyresö,135 40,Vintervägen 2 a,12000000,2024-12,sweet_spot,true,3,,,,,,https://www.allabolag.se/foretag/jx-distribution-ab/tyreso/-/2KGZTFNI63IIB,not_found,,hitta_orgnr:hitta_no_url_found | hitta_name:hitta_no_next_data | mojeek_candidates:14 | mojeek_no_name_match | ddg_failed:HTTP 403 for https://html.duckduckgo.com/html/?q=JX%20Distribution%20AB%20hemsida,,,,,,,,,,,,,,,,,,,,,,,,
556672-3846,Kero Försäljning AB,Kero Försäljning AB,Skor,Skor,"Skor; Skor och tillbehör - produktion; Producenter; Grossister; Läder och lädervaror - tillverkning; Läder och lädervaror; Reseeffekter; Detaljhandel - annat; Detaljhandel; Postorder/e-handel; Läder, skor, inredning, reseeffekter och textilier; Butikshandel",Norrbotten,Pajala,Pajala,984 92,Sattajärvi 320,11929000,2024-12,sweet_spot,true,5,,+46 978 600 00,,,https://www.kero.se/,https://www.allabolag.se/foretag/kero-forsaljning-ab/pajala/-/2K2A7LYI5YHGY,hitta_orgnr,high,hitta_orgnr:hitta_detail | hitta_orgnr:https://www.hitta.se/kero+f%C3%B6rs%C3%A4ljning+ab/pajala/lmmpbjors | hitta_orgnr:orgnr_match | hitta_orgnr:url_in_own_segment,kero.se,info@kero.se,https://www.kero.se/kontakt,browser,yes,checkout_provider; cart; product_cards; priced_cards; provider:klarna; provider:woocommerce,"klarna,woocommerce","main@https://www.kero.se/:hasCart(uiPhrase) | main@https://www.kero.se/:pricedCards(multiPrices) | main@https://www.kero.se/:providers(klarna,woocommerce) | main@https://www.kero.se/:productCards(131) | DECISION@main@https://www.kero.se/ | contact_like@https://www.kero.se/kontakt/:hasCart(uiPhrase) | contact_like@https://www.kero.se/kontakt/:providers(klarna,woocommerce) | contact_like@https://www.kero.se/kontakt/:productCards(43) | DECISION@contact_like@https://www.kero.se/kontakt/",17,5,20,0,100,0,0,51,70,60,57,no,,74,"is_webshop, platform:klarna,woocommerce, catalog_small, seo_gap_moderate, missing_meta_desc, has_email, has_orgnr",dom_fallback:17_urls | seo_sampled:5 gap:57
556535-8727,Sandahls Modehus S'34 AB,Sandahls Modehus S'34 AB,Mode,Konfektion,"Konfektion; Butikshandel; Detaljhandel; Kläder, skor",Skåne,Hörby,Hörby,242 31,Storgatan 6,11927000,2025-06,sweet_spot,true,6,,,,,,https://www.allabolag.se/foretag/sandahls-modehus-s-34-ab/horby/-/2K1GY9ZI63II4,not_found,,hitta_orgnr:hitta_no_url_found | hitta_name:hitta_no_next_data | mojeek_candidates:12 | mojeek_no_name_match | ddg_failed:HTTP 403 for https://html.duckduckgo.com/html/?q=Sandahls%20Modehus%20S'34%20AB%20hemsida,,,,,,,,,,,,,,,,,,,,,,,,
556298-5191,Styckens Maskinentrepernad AB,Styckens Maskinentreprenad AB,Smycken,Entreprenörer,Entreprenörer; Byggmästare,Västra Götaland,Tjörn,Skärhamn,471 32,Hamngatan 39,11835000,2025-08,sweet_spot,true,7,,0706670107,,,http://www.styckensmaskin.se/,https://www.allabolag.se/foretag/styckens-maskinentreprenad-ab/tjorn/-/2K022UFI63IFX,hitta_orgnr,high,hitta_orgnr:hitta_detail | hitta_orgnr:https://www.hitta.se/styckens+maskinentreprenad+ab/sk%C3%A4rhamn/nvicsxdh | hitta_orgnr:orgnr_match | hitta_orgnr:url_in_own_segment,styckensmaskin.se,info@styckensmaskin.se,https://styckensmaskin.se,browser,no,,,main@https://styckensmaskin.se/:samplingRan(sampled=0),,,,,,,,,,,,no,,5,has_identity,
556481-0140,Frisörtjänst Hässleholm AB,Frisörtjänst Hässleholm AB,Kosmetika,"Kosmetik, parfym och frisörartiklar","Kosmetik, parfym och frisörartiklar; Kosmetik - tillverkare och grossister; Grossister",Skåne,Hässleholm,Hässleholm,281 35,Kommendörsgatan 9,11710000,2025-06,sweet_spot,true,3,,045121313,,,,https://www.allabolag.se/foretag/frisortjanst-hassleholm-ab/hassleholm/-/2K156ZGI63IIB,not_found,,hitta_orgnr:hitta_no_url_found | hitta_name:hitta_no_url_found | mojeek_candidates:12 | mojeek_no_name_match | ddg_failed:HTTP 403 for https://html.duckduckgo.com/html/?q=Fris%C3%B6rtj%C3%A4nst%20H%C3%A4ssleholm%20AB%20hemsida,,,,,,,,,,,,,,,,,,,,,,,,
559316-5821,Trädgårdens Wok & Sushi AB,Trädgårdens Wok & Sushi AB,Trädgård,Restauranger,Restauranger,Stockholm,Stockholm,Stockholm,111 47,Birgit Nilssons Allé,11683000,2024-12,sweet_spot,true,7,,,,,,https://www.allabolag.se/foretag/tradgardens-wok-och-sushi-ab/stockholm/-/2KI0YD9I5YH9F,not_found,,hitta_orgnr:hitta_no_url_found | hitta_name:hitta_no_next_data | mojeek_candidates:12 | mojeek_no_name_match | ddg_failed:HTTP 403 for https://html.duckduckgo.com/html/?q=Tr%C3%A4dg%C3%A5rdens%20Wok%20%26%20Sushi%20AB%20hemsida,,,,,,,,,,,,,,,,,,,,,,,,
556928-8797,Dream JK Sweden AB,Dream JK Sweden AB,Kosmetika,"Kosmetik, parfym och frisörartiklar","Kosmetik, parfym och frisörartiklar; Kosmetik - tillverkare och grossister; Grossister; Restauranger",Skåne,Svedala,Svedala,233 31,Storgatan 20,11598000,2025-12,sweet_spot,true,3,,,,,,https://www.allabolag.se/foretag/dream-jk-sweden-ab/svedala/-/2K3T6QLI63IIB,not_found,,hitta_orgnr:hitta_no_url_found | hitta_name:hitta_no_next_data | mojeek_candidates:18 | mojeek_no_name_match | ddg_failed:HTTP 403 for https://html.duckduckgo.com/html/?q=Dream%20JK%20Sweden%20AB%20hemsida,,,,,,,,,,,,,,,,,,,,,,,,
556755-9140,Chipponett Mode & Kläder AB,Chipponett Mode & Kläder AB,Mode,Konfektion,Konfektion; Kläder; Grossister,Västra Götaland,Borås,Borås,504 68,Grönbogatan 6,11512000,2024-12,sweet_spot,true,3,,,,,,https://www.allabolag.se/foretag/chipponett-mode-och-klader-ab/boras/-/2K2S44KI63II4,not_found,,hitta_orgnr:hitta_no_url_found | hitta_name:hitta_no_next_data | mojeek_candidates:12 | mojeek_no_name_match | ddg_failed:HTTP 403 for https://html.duckduckgo.com/html/?q=Chipponett%20Mode%20%26%20Kl%C3%A4der%20AB%20hemsida,,,,,,,,,,,,,,,,,,,,,,,,
556738-3467,Leksaksborgen Östermalmstorg AB,Leksaksborgen Östermalmstorg AB,Leksaker,"Spel, nöjesanläggningsutrustningar","Spel, nöjesanläggningsutrustningar; Butikshandel; Detaljhandel; Postorder/e-handel",Stockholm,Stockholm,Stockholm,114 42,Östermalmstorg 2,11484000,2024-12,sweet_spot,true,8,,+46 8 663 93 42; +46 8 441 04 23; +46 8 20 22 30,,,https://www.leksaksborgen.se,https://www.allabolag.se/foretag/leksaksborgen-ostermalmstorg-ab/stockholm/-/2K2OCKRI5YHPS,mojeek,low,hitta_orgnr:hitta_no_url_found | hitta_name:hitta_no_url_found | mojeek_candidates:16 | mojeek_picked:leksaksborgen.se(score=14),leksaksborgen.se," hej@leksaksborgen.se; hej@leksaksborgen.se",https://leksaksborgen.se,browser,no,checkout,,main@https://www.leksaksborgen.se/:hasCheckout(urlPath:/checkout) | main@https://www.leksaksborgen.se/:samplingRan(sampled=0),,,,,,,,,,,,no,,0,not_webshop,
556915-2886,AM Sales Group AB,AM Sales Group AB,Kosmetika,"Kosmetik, parfym och frisörartiklar","Kosmetik, parfym och frisörartiklar; Kosmetik - tillverkare och grossister; Grossister",Skåne,Burlöv,,,,11250000,2024-12,sweet_spot,true,1,,0739394251,,,,https://www.allabolag.se/foretag/am-sales-group-ab/burlov/-/2K3Q9VAI63IIB,not_found,,hitta_orgnr:hitta_search_failed:HTTP 404 for https://www.hitta.se/undefined/- | hitta_name:hitta_no_next_data | mojeek_candidates:32 | mojeek_no_name_match | ddg_failed:HTTP 403 for https://html.duckduckgo.com/html/?q=AM%20Sales%20Group%20AB%20hemsida,,,,,,,,,,,,,,,,,,,,,,,,
556564-4761,Claudia Cosmetics International AB,Claudia Cosmetics International AB,Kosmetika,"Kosmetik, parfym och frisörartiklar","Kosmetik, parfym och frisörartiklar; Kosmetik - tillverkare och grossister; Grossister",Skåne,Trelleborg,Trelleborg,231 66,Maskingatan 8,11213000,2024-12,sweet_spot,true,3,,,,,,https://www.allabolag.se/foretag/claudia-cosmetics-international-ab/trelleborg/-/2K1N2ZDI63IIB,not_found,,hitta_orgnr:hitta_no_url_found | hitta_name:hitta_no_next_data | mojeek_candidates:16 | mojeek_no_name_match | ddg_failed:HTTP 403 for https://html.duckduckgo.com/html/?q=Claudia%20Cosmetics%20International%20AB%20hemsida,,,,,,,,,,,,,,,,,,,,,,,,
556894-0364,Lavendria AB,Lavendria AB,Kosmetika,"Kosmetik, parfym och frisörartiklar","Kosmetik, parfym och frisörartiklar; Kosmetik - tillverkare och grossister; Grossister; Detaljhandel; Butikshandel; Hudvårdsprodukter",Skåne,Malmö,Malmö,213 77,Ridspögatan 15 c,10980000,2024-12,sweet_spot,true,1,,+46 70 016 01 40,,,https://miniperfumes.se,https://www.allabolag.se/foretag/lavendria-ab/malmo/-/2K3LPVWI63IIB,hitta_orgnr,high,hitta_orgnr:hitta_detail | hitta_orgnr:https://www.hitta.se/lavendria-ab/malm%C3%B6/fkkqzimmn | hitta_orgnr:orgnr_match | hitta_orgnr:url_in_own_segment,miniperfumes.se,hello@miniperfumes.se; b2b@miniperfumes.se,https://miniperfumes.se,browser,yes,checkout_provider; cart; checkout; product_cards; priced_cards; provider:shopify,shopify,main@https://miniperfumes.se/:hasCheckout(urlPath:/checkout) | main@https://miniperfumes.se/:hasCart(urlPath:/cart) | main@https://miniperfumes.se/:pricedCards(multiPrices) | main@https://miniperfumes.se/:providers(shopify) | main@https://miniperfumes.se/:productCards(133) | DECISION@main@https://miniperfumes.se/,80,5,48,47,0,0,0,50,1001,100,15,no,,61,"is_webshop, platform:shopify, catalog_50plus, seo_gap_low, has_email",sitemap:80_products_from_2_sitemaps | seo_sampled:5 gap:15
559184-0995,Macken Kumla AB,Macken Kumla AB,Smycken,Bilar,Bilar; Detaljhandel; Bilreservdelar; Livsmedel; Butikshandel; Uthyrning,Örebro,Kumla,Kumla,692 33,Västra Drottninggatan 62,10833000,2024-12,sweet_spot,true,4,,,,,,https://www.allabolag.se/foretag/macken-kumla-ab/kumla/-/2KH8K4JI5YCZW,not_found,,hitta_orgnr:hitta_no_url_found | hitta_name:hitta_no_next_data | mojeek_candidates:22 | mojeek_no_name_match | ddg_failed:HTTP 403 for https://html.duckduckgo.com/html/?q=Macken%20Kumla%20AB%20hemsida,,,,,,,,,,,,,,,,,,,,,,,,
556322-7148,Snitz Mode AB,Snitz Mode AB,Mode,Konfektion,"Konfektion; Butikshandel; Detaljhandel; Kläder, skor",Kalmar,Kalmar,,,,10728000,2025-04,sweet_spot,true,7,,,,,,https://www.allabolag.se/foretag/snitz-mode-ab/kalmar/-/2K079JGI63II4,not_found,,hitta_orgnr:hitta_no_url_found | hitta_name:hitta_no_url_found | mojeek_candidates:14 | mojeek_no_name_match | ddg_failed:HTTP 403 for https://html.duckduckgo.com/html/?q=Snitz%20Mode%20AB%20hemsida,,,,,,,,,,,,,,,,,,,,,,,,
559261-0751,GTMS AB,GTMS AB,Trädgård,Byggmästare,"Byggmästare; Väganordningar, trafikanordningar, vägarbeten; Entreprenörer; Parkanläggningar",Stockholm,Järfälla,Järfälla,177 57,Allmogevägen 3 LGH 1204,10475000,2025-08,sweet_spot,true,8,,0736525063,,https://gtmsab.com/,https://gtmsab.com/,https://www.allabolag.se/foretag/gtms-ab/jarfalla/-/2KHP22NI5YDDT,already_present,,,gtmsab.com,,https://gtmsab.com,browser,no,,,,,,,,,,,,,,,no,,0,unreachable_or_parked,HTTP 404 | method:browser
556475-9552,RK Mode i Uppsala Aktiebolag,RK Mode i Uppsala Aktiebolag,Mode,Konfektion,"Konfektion; Butikshandel; Detaljhandel; Kläder, skor; Skor - detaljister",Uppsala,Uppsala,Uppsala,753 20,Dragarbrunnsgatan 32,10437000,2025-08,sweet_spot,true,4,,018129200,,,,https://www.allabolag.se/foretag/rk-mode-i-uppsala-aktiebolag/uppsala/-/2K143Y8I63II4,not_found,,hitta_orgnr:hitta_no_url_found | hitta_name:hitta_no_next_data | mojeek_candidates:14 | mojeek_no_name_match | ddg_failed:HTTP 403 for https://html.duckduckgo.com/html/?q=RK%20Mode%20i%20Uppsala%20Aktiebolag%20hemsida,,,,,,,,,,,,,,,,,,,,,,,,
559209-9336,Mataffären i Ljuder Socken AB,Mataffären i Ljuder Socken AB,Smycken,Livsmedel,Livsmedel; Butikshandel,Kronoberg,Lessebo,Skruv,365 94,Storgatan 2,10420000,2025-08,sweet_spot,true,3,,,,,,https://www.allabolag.se/foretag/mataffaren-i-ljuder-socken-ab/lessebo/-/2KHE3GOI5YFWD,not_found,,hitta_orgnr:hitta_no_url_found | hitta_name:hitta_no_next_data | mojeek_candidates:12 | mojeek_no_name_match | ddg_failed:HTTP 403 for https://html.duckduckgo.com/html/?q=Mataff%C3%A4ren%20i%20Ljuder%20Socken%20AB%20hemsida,,,,,,,,,,,,,,,,,,,,,,,,
559423-0673,Leinonen & Söderström Mode AB,Leinonen & Söderström Mode AB,Mode,Konfektion,"Konfektion; Butikshandel; Detaljhandel; Kläder, skor",Gävleborg,Bollnäs,Bollnäs,821 43,Västra Stationsgatan 7,10368000,2025-01,sweet_spot,true,5,,,,,,https://www.allabolag.se/foretag/leinonen-och-soderstrom-mode-ab/bollnas/-/2KINS0HI63II4,not_found,,hitta_orgnr:hitta_no_url_found | hitta_name:hitta_no_next_data | mojeek_candidates:12 | mojeek_no_name_match | ddg_failed:HTTP 403 for https://html.duckduckgo.com/html/?q=Leinonen%20%26%20S%C3%B6derstr%C3%B6m%20Mode%20AB%20hemsida,,,,,,,,,,,,,,,,,,,,,,,,
556650-3628,AB Joh. Palmgren,AB Joh. Palmgren,Skor,Skor,"Läder och lädervaror; Läder, skor, inredning, reseeffekter och textilier; Detaljhandel; Butikshandel; Postorder/e-handel; Producenter; Läder och lädervaror - tillverkning; Reseeffekter; Skor; Reparatörer",Stockholm,Stockholm,Stockholm,114 51,Sibyllegatan 7,10339000,2025-08,sweet_spot,true,4,,,,,,https://www.allabolag.se/foretag/ab-joh-palmgren/stockholm/-/2K25HOSI5YHGY,not_found,,hitta_orgnr:hitta_no_url_found | hitta_name:hitta_no_url_found | mojeek_candidates:16 | mojeek_no_name_match | ddg_failed:HTTP 403 for https://html.duckduckgo.com/html/?q=AB%20Joh.%20Palmgren%20hemsida,,,,,,,,,,,,,,,,,,,,,,,,
559365-0020,Smycka Butiksbolaget i Partille AB,Smycka Butiksbolaget i Partille AB,Smycken,Urmakare,"Urmakare; Klockor, ur; Guld, silver, ädelstenar; Butikshandel; Detaljhandel; Postorder/e-handel",Västra Götaland,Partille,Partille,433 33,Gamla Kronvägen 7 Allum236,10150000,2025-04,sweet_spot,true,5,,,,,,https://www.allabolag.se/foretag/smycka-butiksbolaget-i-partille-ab/partille/-/2KIBBZ8I63IL5,not_found,,hitta_orgnr:hitta_no_url_found | hitta_name:hitta_no_next_data | mojeek_candidates:12 | mojeek_no_name_match | ddg_failed:HTTP 403 for https://html.duckduckgo.com/html/?q=Smycka%20Butiksbolaget%20i%20Partille%20AB%20hemsida,,,,,,,,,,,,,,,,,,,,,,,,
556569-5102,Nallens Leksaker i City AB,Nallens Leksaker i City AB,Leksaker,"Spel, nöjesanläggningsutrustningar","Spel, nöjesanläggningsutrustningar; Butikshandel; Detaljhandel",Uppsala,Uppsala,Uppsala,753 20,S:T Persgatan 16,10000000,2025-04,sweet_spot,true,4,,018143425,,,,https://www.allabolag.se/foretag/nallens-leksaker-i-city-ab/uppsala/-/2K1O5TQI5YHPS,not_found,,hitta_orgnr:hitta_no_url_found | hitta_name:hitta_no_next_data | mojeek_candidates:12 | mojeek_no_name_match | ddg_failed:HTTP 403 for https://html.duckduckgo.com/html/?q=Nallens%20Leksaker%20i%20City%20AB%20hemsida,,,,,,,,,,,,,,,,,,,,,,,,
556402-3702,Watch International i Norrköping AB,Watch International i Norrköping AB,Smycken,"Klockor, ur","Klockor, ur; Detaljhandel; Guld, silver, ädelstenar; Postorder/e-handel",Östergötland,Norrköping,Norrköping,602 32,Prästgatan 22,9978000,2025-08,sweet_spot,true,3,,+46 8 110 33 00,,,http://www.becksurhandel.se,https://www.allabolag.se/foretag/watch-international-i-norrkoping-ab/norrkoping/-/2K0OC5YI5YEZ0,hitta_orgnr,high,hitta_orgnr:hitta_detail | hitta_orgnr:https://www.hitta.se/becks+urhandel/norrk%C3%B6ping/lrrrdhlo | hitta_orgnr:orgnr_match | hitta_orgnr:url_in_own_segment,becksurhandel.se,kundservice@becksurhandel.se,https://www.becksurhandel.se/om-oss,browser,yes,cart; product_cards; priced_cards; checkout,,main@https://www.becksurhandel.se/:hasCart(uiPhrase) | main@https://www.becksurhandel.se/:pricedCards(multiPrices) | main@https://www.becksurhandel.se/:productCards(142) | DECISION@main@https://www.becksurhandel.se/ | contact_like@https://www.becksurhandel.se/kundtjanst-klockmaster/trygg-e-handel:hasCheckout(uiPhrase) | contact_like@https://www.becksurhandel.se/kundtjanst-klockmaster/trygg-e-handel:hasCart(uiPhrase) | DECISION@contact_like@https://www.becksurhandel.se/kundtjanst-klockmaster/trygg-e-handel | contact_like@https://www.becksurhandel.se/klockbutik/norrkoping:hasCart(uiPhrase) | contact_like@https://www.becksurhandel.se/klockbutik/norrkoping:samplingRan(sampled=0),,,,,,,,,,,,no,,30,"is_webshop, has_email",dom_fallback:0_urls
556462-9045,Åsljunga Möbelfabrik,Aktiebolaget Åsljunga Möbelfabrik,Möbler,Möbler,Möbler; Möbler - Produktion; Producenter,Skåne,Örkelljunga,Åsljunga,286 72,Sjöhultsv. 4,9770000,2024-12,sweet_spot,true,9,,0435 460004,asljungamobelfabrik@home.se,,,https://www.allabolag.se/foretag/asljunga-mobelfabrik/orkelljunga/-/2K11B91I5YGJV,not_found,,hitta_orgnr:hitta_no_url_found | hitta_name:hitta_no_url_found | mojeek_candidates:12 | mojeek_no_name_match | ddg_failed:HTTP 403 for https://html.duckduckgo.com/html/?q=%C3%85sljunga%20M%C3%B6belfabrik%20hemsida,,,,,,,,,,,,,,,,,,,,,,,,
556942-2958,CN Mode AB,CN Mode AB,Mode,Evenemangsproduktioner,Evenemangsproduktioner; Konfektion; Kläder; Grossister,Västra Götaland,Göteborg,Göteborg,413 10,Alfhemsgatan 2 a Lgh 1301,9608000,2024-12,sweet_spot,true,18,,,,,,https://www.allabolag.se/foretag/cn-mode-ab/goteborg/-/2K3W29AI5YDTG,not_found,,hitta_orgnr:hitta_no_url_found | hitta_name:hitta_no_next_data | mojeek_candidates:32 | mojeek_no_name_match | ddg_failed:HTTP 403 for https://html.duckduckgo.com/html/?q=CN%20Mode%20AB%20hemsida,,,,,,,,,,,,,,,,,,,,,,,,
556813-0503,Mats Hansson Åkeri AB,Mats Hansson Åkeri AB,Mode,Åkerier,"Åkerier; Transportförmedling; Finansbolag, finansiella tjänster; Värdepappershandel",,,,,,9453000,2024-12,sweet_spot,true,5,,0709-768130,,,,https://www.allabolag.se/foretag/mats-hansson-akeri-ab/-/-/2K34CZRI5YIR3,not_found,,hitta_orgnr:hitta_no_url_found | hitta_name:hitta_no_next_data | mojeek_candidates:32 | mojeek_no_name_match | ddg_failed:HTTP 403 for https://html.duckduckgo.com/html/?q=Mats%20Hansson%20%C3%85keri%20AB%20hemsida,,,,,,,,,,,,,,,,,,,,,,,,
556493-9568,Jan-Olof Gratte Mode Aktiebolag,Jan-Olof Gratte Mode Aktiebolag,Mode,Konfektion,"Konfektion; Butikshandel; Detaljhandel; Kläder, skor",Kalmar,Nybro,Nybro,382 30,Storgatan 4,9367000,2025-02,sweet_spot,true,5,,,,,,https://www.allabolag.se/foretag/jan-olof-gratte-mode-aktiebolag/nybro/-/2K17YUOI63II4,not_found,,hitta_orgnr:hitta_no_url_found | hitta_name:hitta_no_next_data | mojeek_candidates:12 | mojeek_no_name_match | ddg_failed:HTTP 403 for https://html.duckduckgo.com/html/?q=Jan-Olof%20Gratte%20Mode%20Aktiebolag%20hemsida,,,,,,,,,,,,,,,,,,,,,,,,
556728-2644,Carolinas Hälsokost i Ystad AB,Carolinas Hälsokost i Ystad AB,Hälsokost,Livsmedel,"Livsmedel; Hälsokost, naturläkemedel; Detaljhandel; Butikshandel",Skåne,Ystad,Ystad,271 34,Stora Östergatan 14 2tr,9258000,2025-08,sweet_spot,true,5,,,,,,https://www.allabolag.se/foretag/carolinas-halsokost-i-ystad-ab/ystad/-/2K2M6S4I5YFWD,not_found,,hitta_orgnr:hitta_no_url_found | hitta_name:hitta_no_next_data | mojeek_candidates:12 | mojeek_no_name_match | ddg_failed:HTTP 403 for https://html.duckduckgo.com/html/?q=Carolinas%20H%C3%A4lsokost%20i%20Ystad%20AB%20hemsida,,,,,,,,,,,,,,,,,,,,,,,,
556387-5110,Allt material på www,"Kristallrummet, Smycken & Stenar AB",Smycken,Urmakare,"Urmakare; Klockor, ur; Guld, silver, ädelstenar; Butikshandel; Detaljhandel - annat; Detaljhandel; Postorder/e-handel; Möbler, inredning, kök- och belysningsutrustning; Butikshandel -övrigt; Grossister",Stockholm,Stockholm,Stockholm,116 46,Hökens Gata 6,9219000,2024-09,sweet_spot,true,4,,087148828,,,http://www.kristallrummet.se,https://www.allabolag.se/foretag/kristallrummet-smycken-och-stenar-ab/stockholm/-/2K0L5IEI63IL5,hitta_orgnr,high,hitta_orgnr:hitta_detail | hitta_orgnr:https://www.hitta.se/kristallrummet-ab/johanneshov/aqxhmnqv | hitta_orgnr:orgnr_match | hitta_orgnr:url_in_own_segment,kristallrummet.se,,https://kristallrummet.se,browser,yes,checkout_provider; cart; checkout; product_cards; priced_cards; provider:shopify,shopify,main@https://kristallrummet.se/:hasCheckout(urlPath:/checkout) | main@https://kristallrummet.se/:hasCart(urlPath:/cart) | main@https://kristallrummet.se/:pricedCards(multiPrices) | main@https://kristallrummet.se/:providers(shopify) | main@https://kristallrummet.se/:productCards(200) | DECISION@main@https://kristallrummet.se/ | internal@https://kristallrummet.se/products/live:hasCheckout(urlPath:/checkout) | internal@https://kristallrummet.se/products/live:hasCart(urlPath:/cart) | internal@https://kristallrummet.se/products/live:pricedCards(multiPrices) | internal@https://kristallrummet.se/products/live:providers(shopify) | internal@https://kristallrummet.se/products/live:productCards(43) | DECISION@internal@https://kristallrummet.se/products/live,80,3,45,72,0,0,0,80,53,100,17,no,,57,"is_webshop, platform:shopify, catalog_50plus, seo_gap_low",sitemap:80_products_from_2_sitemaps | seo_sampled:3 gap:17
559007-4554,Rinkeby Apotek & Hälsokost AB,Rinkeby Apotek & Hälsokost AB,Hälsokost,"Apoteksvaror, läkemedel - Distribution","Apoteksvaror, läkemedel - Distribution; Detaljhandel; Butikshandel; Livsmedel; Hälsokost, naturläkemedel; Agenturhandel-övrig; Agenturer; Apoteksvaror, läkemedel - Partihandel; Grossister",Stockholm,Sundbyberg,,,,9078000,2023-12,sweet_spot,true,3,,,,,,https://www.allabolag.se/foretag/rinkeby-apotek-och-halsokost-ab/sundbyberg/-/2KG6P4QI5YCST,not_found,,hitta_orgnr:hitta_no_url_found | hitta_name:hitta_no_next_data | mojeek_candidates:12 | mojeek_no_name_match | ddg_failed:HTTP 403 for https://html.duckduckgo.com/html/?q=Rinkeby%20Apotek%20%26%20H%C3%A4lsokost%20AB%20hemsida,,,,,,,,,,,,,,,,,,,,,,,,
556461-6273,Leksakslagret i Vetlanda Aktiebolag,Leksakslagret i Vetlanda Aktiebolag,Leksaker,"Spel, nöjesanläggningsutrustningar","Spel, nöjesanläggningsutrustningar; Butikshandel; Detaljhandel",Jönköping,Vetlanda,Vetlanda,574 35,Kolvägen 17,9072000,2024-12,sweet_spot,true,5,,,,,,https://www.allabolag.se/foretag/leksakslagret-i-vetlanda-aktiebolag/vetlanda/-/2K111E9I5YHPS,not_found,,hitta_orgnr:hitta_no_url_found | hitta_name:hitta_no_url_found | mojeek_candidates:14 | mojeek_no_name_match | ddg_failed:HTTP 403 for https://html.duckduckgo.com/html/?q=Leksakslagret%20i%20Vetlanda%20Aktiebolag%20hemsida,,,,,,,,,,,,,,,,,,,,,,,,
556954-7622,Falugruppen arkitektkontor AB,Falugruppen arkitektkontor AB,Mode,Arkitekter,Arkitekter,Dalarna,Falun,Falun,791 71,Åsgatan 12,9066000,2025-08,sweet_spot,true,9,,023-794050,info@falugruppen.se,https://falugruppen.se/,https://falugruppen.se/,https://www.allabolag.se/foretag/falugruppen-arkitektkontor-ab/falun/-/2K3YQG6I5YCJ5,already_present,,,falugruppen.se,personal@falugruppen.se; info@falugruppen.se,https://falugruppen.se/om-oss,browser,no,,,,,,,,,,,,,,,no,,0,not_webshop,
556631-3838,SoHo Smycken & Klockor AB,SoHo Smycken & Klockor AB,Smycken,Urmakare,"Urmakare; Klockor, ur; Guld, silver, ädelstenar; Butikshandel",Kronoberg,Växjö,Växjö,352 30,Storgatan 29,8801000,2025-10,sweet_spot,true,3,,+46 470 76 44 88,,,https://www.sohosmycken.se,https://www.allabolag.se/foretag/soho-smycken-och-klockor-ab/vaxjo/-/2K21F8UI63IL5,mojeek,low,hitta_orgnr:hitta_no_url_found | hitta_name:hitta_no_next_data | mojeek_candidates:14 | mojeek_picked:sohosmycken.se(score=14),sohosmycken.se,order@sohosmycken.se; info@sohosmycken.se,https://sohosmycken.se,static,yes,checkout_provider; checkout; product_cards; priced_cards; provider:klarna; provider:woocommerce,"klarna,woocommerce","static@https://sohosmycken.se:hasCheckout(uiPhrase) | static@https://sohosmycken.se:pricedCards(multiPrices) | static@https://sohosmycken.se:providers(klarna,woocommerce) | static@https://sohosmycken.se:productCards(19) | DECISION@static@https://sohosmycken.se",80,5,17,29,80,100,60,36,97,0,67,no,,90,"is_webshop, platform:klarna,woocommerce, catalog_50plus, seo_gap_moderate, missing_meta_desc, duplicate_titles, no_product_schema, has_email, has_orgnr",sitemap:80_products_from_3_sitemaps | seo_sampled:5 gap:67
556296-3958,HP Hälsokost Aktiebolag,HP Hälsokost Aktiebolag,Hälsokost,Livsmedel,"Livsmedel; Hälsokost, naturläkemedel; Detaljhandel; Butikshandel",Jämtland,Östersund,Östersund,831 31,Prästgatan 28,8799000,2025-04,sweet_spot,true,7,,063511076,,,http://www.hphalsokost.se,https://www.allabolag.se/foretag/hp-halsokost-aktiebolag/ostersund/-/2K01MGMI5YFWD,hitta_orgnr,high,hitta_orgnr:hitta_detail | hitta_orgnr:https://www.hitta.se/hp-halsokost-halsokraft/%C3%B6stersund/ngszhkkgo | hitta_orgnr:orgnr_match | hitta_orgnr:url_in_own_segment,hphalsokost.se,jpersson@hphalsokost.se,https://hphalsokost.se,browser,no,,,main@https://hphalsokost.se/:samplingRan(sampled=0),,,,,,,,,,,,no,,0,not_webshop,
556357-7195,ELFSTRÖMS POSTORDER Aktiebolag,ELFSTRÖMS POSTORDER Aktiebolag,Postorder,"Apoteksvaror, läkemedel - Partihandel","Apoteksvaror, läkemedel - Partihandel; Apoteksvaror, läkemedel - Distribution; Grossister; Detaljhandel - annat; Detaljhandel; Postorder/e-handel",Stockholm,Stockholm,Stockholm,113 41,Norrbackagatan 8 Lgh 1301,8710000,2025-06,sweet_spot,true,1,,0708432334,,,,https://www.allabolag.se/foretag/elfstroms-postorder-aktiebolag/stockholm/-/2K0ERMZI63IM3,not_found,,hitta_orgnr:hitta_no_url_found | hitta_name:hitta_no_url_found | mojeek_candidates:12 | mojeek_no_name_match | ddg_failed:HTTP 403 for https://html.duckduckgo.com/html/?q=ELFSTR%C3%96MS%20POSTORDER%20Aktiebolag%20hemsida,,,,,,,,,,,,,,,,,,,,,,,,
556766-9188,Capo AB,Capo AB,E-handel,E-handel,"E-handel; E-handel - Program, system; Reklambyråer",Västra Götaland,Göteborg,Göteborg,41103,Odinsgatan 13,8620000,2024-12,sweet_spot,true,7,,+46 72 088 97 56,mattias.ericson@capo.se,https://www.capo.se,https://www.capo.se,https://www.allabolag.se/foretag/capo-ab/goteborg/-/2K2UH1GI5YDVM,already_present,,,capo.se,mattias.ericson@capo.se,https://www.capo.se/om-oss,browser,no,sampled_3; sample_addtocart_2,,main@https://www.capo.se/:samplingRan(sampled=3) | sampleURL@https://capo.se/tjanster/produkter/digital-asset-portal:status=200 | sampleURL@https://capo.se/tjanster/produkter/digital-product-passport:status=200:ATC | sampleURL@https://capo.se/tjanster/produkter/reservdelsportal:status=200:ATC,,,,,,,,,,,,no,,5,has_identity,
556120-8090,Leklust AB,Lasses Leksaker Aktiebolag,Leksaker,"Spel, nöjesanläggningsutrustningar","Spel, nöjesanläggningsutrustningar; Butikshandel; Detaljhandel",Södermanland,Eskilstuna,Eskilstuna,632 18,Nybrogatan 4,8557000,2024-12,sweet_spot,true,5,,016130335,,,http://www.leklust.se/butiker/eskilstuna/,https://www.allabolag.se/foretag/lasses-leksaker-aktiebolag/eskilstuna/-/2JYZZMII5YHPS,hitta_orgnr,high,hitta_orgnr:hitta_detail | hitta_orgnr:https://www.hitta.se/lasses+leksaker+ab/eskilstuna/fhakrvyhi | hitta_orgnr:orgnr_match | hitta_orgnr:url_in_own_segment,leklust.se,,https://leklust.se,static,no,product_cards,,static@https://leklust.se:productCards(19),,,,,,,,,,,,no,,5,has_identity,
559085-2462,Hudvårdskompaniet,Hudvårdskompaniet Sverige AB,Hudvård,"Kosmetik, parfym och frisörartiklar","Kosmetik, parfym och frisörartiklar; Detaljhandel; Butikshandel",Kalmar,Vimmerby,Vimmerby,598 37,Sevedegatan 29,8413000,2024-12,sweet_spot,true,7,,+46 76 126 21 17,,,https://www.hudvardskompaniet.se/,https://www.allabolag.se/foretag/hudvardskompaniet-sverige-ab/vimmerby/-/2KGNDDAI63IIB,hitta_orgnr,high,hitta_orgnr:hitta_detail | hitta_orgnr:https://www.hitta.se/hudvardskompaniet-vastervik/v%C3%A4stervik/lqbbilqv | hitta_orgnr:orgnr_match | hitta_orgnr:url_in_own_segment,hudvardskompaniet.se,hej@hudvardskompaniet.se,https://hudvardskompaniet.se,browser,yes,checkout_provider; cart; product_cards; priced_cards; provider:woocommerce,woocommerce,main@https://hudvardskompaniet.se/:hasCart(urlPath:/varukorg) | main@https://hudvardskompaniet.se/:pricedCards(multiPrices) | main@https://hudvardskompaniet.se/:providers(woocommerce) | main@https://hudvardskompaniet.se/:productCards(200) | DECISION@main@https://hudvardskompaniet.se/,80,5,46,0,100,0,0,96,13,0,57,no,,82,"is_webshop, platform:woocommerce, catalog_50plus, seo_gap_moderate, missing_meta_desc, thin_product_copy, no_product_schema, has_email",sitemap:80_products_from_2_sitemaps | seo_sampled:5 gap:57
556298-6637,Haglunds Mode Aktiebolag,Haglunds Mode Aktiebolag,Mode,Konfektion,"Konfektion; Butikshandel; Detaljhandel; Kläder, skor",Dalarna,Mora,Mora,792 30,Fridhemsplan 2,7999000,2025-04,sweet_spot,true,4,,025010698,,,,https://www.allabolag.se/foretag/haglunds-mode-aktiebolag/mora/-/2K023YLI63II4,not_found,,hitta_orgnr:hitta_no_url_found | hitta_name:hitta_no_url_found | mojeek_candidates:12 | mojeek_no_name_match | ddg_failed:HTTP 403 for https://html.duckduckgo.com/html/?q=Haglunds%20Mode%20Aktiebolag%20hemsida,,,,,,,,,,,,,,,,,,,,,,,,
556572-7491,Leklust AB,Albins Leksaker i Hudiksvall AB,Leksaker,"Spel, nöjesanläggningsutrustningar","Spel, nöjesanläggningsutrustningar; Butikshandel; Detaljhandel",Gävleborg,Hudiksvall,Hudiksvall,824 30,Storgatan 24,7969000,2024-12,sweet_spot,true,5,,,,,http://www.leklust.se,https://www.allabolag.se/foretag/albins-leksaker-i-hudiksvall-ab/hudiksvall/-/2K1OUTFI5YHPS,hitta_orgnr,high,hitta_orgnr:hitta_detail | hitta_orgnr:https://www.hitta.se/albins+leksaker+i+hudiksvall/hudiksvall/icqzlcsy | hitta_orgnr:orgnr_match | hitta_orgnr:url_in_own_segment,leklust.se,,https://leklust.se,static,no,product_cards,,static@https://leklust.se:productCards(19),,,,,,,,,,,,no,,5,has_identity,
556947-2524,Sickla Kemtvätt & Skrädderi Sko o Nyckelservice AB,Sickla Kemtvätt & Skrädderi Sko o Nyckelservice AB,Skor,Skor,Reparatörer; Skor; Läder och lädervaror; Tvätterier,Stockholm,Nacka,Nacka,131 54,Simbagatan 17,7759000,2025-04,sweet_spot,true,6,,0894976007,,,,https://www.allabolag.se/foretag/sickla-kemtvatt-och-skradderi-sko-o-nyckelservice-ab/nacka/-/2K3X4I4I5YHGY,not_found,,hitta_orgnr:hitta_no_url_found | hitta_name:hitta_no_next_data | mojeek_candidates:12 | mojeek_no_name_match | ddg_failed:HTTP 403 for https://html.duckduckgo.com/html/?q=Sickla%20Kemtv%C3%A4tt%20%26%20Skr%C3%A4dderi%20Sko%20o%20Nyckelservice%20AB%20hemsida,,,,,,,,,,,,,,,,,,,,,,,,
556954-0213,Hallmans Skomakeri & Skor AB,Hallmans Skomakeri & Skor AB,Skor,Skor,"Skor - detaljister; Detaljhandel; Butikshandel; Kläder, skor; Skor; Läder och lädervaror; Reparatörer",Stockholm,Stockholm,Stockholm,113 39,Birkagatan 14,7699000,2025-12,sweet_spot,true,7,,+46 8 30 37 77; +46 8 762 85 78,,,http://hallmansskor.com/,https://www.allabolag.se/foretag/hallmans-skomakeri-och-skor-ab/stockholm/-/2K3YKQDI5YHGY,hitta_orgnr,high,hitta_orgnr:hitta_detail | hitta_orgnr:https://www.hitta.se/hallmans+skomakeri+och+skor+ab/stockholm/icsbddjm | hitta_orgnr:orgnr_match | hitta_orgnr:url_in_own_segment,hallmansskor.com,info@hallmansskor.com,https://hallmansskor.com/about,browser,yes,checkout_provider; cart; product_cards; priced_cards; provider:woocommerce,woocommerce,main@https://hallmansskor.com/:hasCart(urlPath:/cart) | main@https://hallmansskor.com/:pricedCards(multiPrices) | main@https://hallmansskor.com/:providers(woocommerce) | main@https://hallmansskor.com/:productCards(130) | DECISION@main@https://hallmansskor.com/ | contact_like@https://hallmansskor.com/om-oss/:hasCart(urlPath:/cart) | contact_like@https://hallmansskor.com/om-oss/:providers(woocommerce) | DECISION@contact_like@https://hallmansskor.com/om-oss/ | contact_like@https://hallmansskor.com/kontakt/:hasCart(urlPath:/cart) | contact_like@https://hallmansskor.com/kontakt/:providers(woocommerce) | DECISION@contact_like@https://hallmansskor.com/kontakt/ | contact_like@https://hallmansskor.com/contact/:hasCart(urlPath:/cart) | contact_like@https://hallmansskor.com/contact/:providers(woocommerce) | DECISION@contact_like@https://hallmansskor.com/contact/ | contact_like@https://hallmansskor.com/about-us/:hasCart(urlPath:/cart) | contact_like@https://hallmansskor.com/about-us/:providers(woocommerce) | DECISION@contact_like@https://hallmansskor.com/about-us/,1,1,32,0,100,0,0,57,7910,0,45,no,,61,"is_webshop, platform:woocommerce, seo_gap_moderate, missing_meta_desc, no_product_schema, has_email",sitemap:1_products_from_8_sitemaps | dom_fallback:1_urls | seo_sampled:1 gap:45
556589-2998,Hudvårdshögskolan -,Hudvårdshögskolan International Beauty School of Sweden AB,Hudvård,Skolor och utbildning,Skolor och utbildning; Hudvårdsprodukter,Stockholm,Nacka,Nacka,131 54,Smedjegatan 18,7685000,2025-06,sweet_spot,true,6,,+46 8 653 37 22,,,https://www.hudvardshogskolan.se/,https://www.allabolag.se/foretag/hudvardshogskolan-international-beauty-school-of-sweden-ab/nacka/-/2K1SEIUI63IKI,hitta_orgnr,high,hitta_orgnr:hitta_detail | hitta_orgnr:https://www.hitta.se/hudv%C3%A5rdsh%C3%B6gskolan+ibs/nacka/jcpvyiaak | hitta_orgnr:orgnr_match | hitta_orgnr:url_in_own_segment,hudvardshogskolan.se,info@vardhogskolan.se,https://www.hudvardshogskolan.se/om-oss,browser,yes,checkout_provider; cart; product_cards; provider:magento,magento,main@https://www.hudvardshogskolan.se/:hasCart(urlPath:/cart) | main@https://www.hudvardshogskolan.se/:providers(magento) | main@https://www.hudvardshogskolan.se/:productCards(5) | DECISION@main@https://www.hudvardshogskolan.se/ | contact_like@https://www.hudvardshogskolan.se/kontakt:hasCart(urlPath:/cart) | contact_like@https://www.hudvardshogskolan.se/kontakt:providers(magento) | contact_like@https://www.hudvardshogskolan.se/kontakt:productCards(8) | DECISION@contact_like@https://www.hudvardshogskolan.se/kontakt | contact_like@https://www.hudvardshogskolan.se/om-skolan:hasCart(urlPath:/cart) | contact_like@https://www.hudvardshogskolan.se/om-skolan:providers(magento) | contact_like@https://www.hudvardshogskolan.se/om-skolan:productCards(5) | DECISION@contact_like@https://www.hudvardshogskolan.se/om-skolan,,,,,,,,,,,,no,,38,"is_webshop, platform:magento, has_email",dom_fallback:0_urls
556847-1444,Bärget Macken,TC Karlsson Bensin AB,Smycken,Bensinstationer,Bensinstationer; Butikshandel,Dalarna,Ludvika,GRÄNGESBERG,77230,Kopparbergsvägen 45,7379000,2025-04,sweet_spot,true,3,,0240-211 38,kontakt@uc.se,,,https://www.allabolag.se/foretag/barget-macken/ludvika/-/2K3BO2CI63IMA,not_found,,hitta_orgnr:hitta_no_url_found | hitta_name:hitta_no_url_found | mojeek_candidates:12 | mojeek_no_name_match | ddg_failed:HTTP 403 for https://html.duckduckgo.com/html/?q=B%C3%A4rget%20Macken%20hemsida,,,,,,,,,,,,,,,,,,,,,,,,
556771-1840,Göteborgs trädgårdar,Heinz Pettersson Göteborgs trädgårdar AB,Trädgård,Trädgårdsanläggningar,Trädgårdsanläggningar; Parkanläggningar,Västra Götaland,Mölndal,LINDOME,43731,Sagbäcksvägen 1,7343000,2025-12,sweet_spot,true,5,,+46 70 176 17 12,info@goteborgstradgardar.se,https://www.goteborgstradgardar.se,https://www.goteborgstradgardar.se,https://www.allabolag.se/foretag/heinz-pettersson-goteborgs-tradgardar-ab/molndal/-/2K2VDY8I5YI51,already_present,,,goteborgstradgardar.se,info@goteborgstradgardar.se,https://goteborgstradgardar.se,browser,no,,,,,,,,,,,,,,,no,,5,has_identity,
556938-0446,Carolinas Hälsokost Syd AB,Carolinas Hälsokost Syd AB,Hälsokost,Livsmedel,"Livsmedel; Hälsokost, naturläkemedel; Detaljhandel; Butikshandel",Skåne,Ystad,Ystad,271 34,Stora Östergatan 14,7271000,2025-08,sweet_spot,true,6,,,,,,https://www.allabolag.se/foretag/carolinas-halsokost-syd-ab/ystad/-/2K3V5GEI5YFWD,not_found,,hitta_orgnr:hitta_no_url_found | hitta_name:hitta_no_url_found | mojeek_candidates:12 | mojeek_no_name_match | ddg_failed:HTTP 403 for https://html.duckduckgo.com/html/?q=Carolinas%20H%C3%A4lsokost%20Syd%20AB%20hemsida,,,,,,,,,,,,,,,,,,,,,,,,
556752-7816,Öbergs Modehus All Right Reserved,Öbergs Modehus i Ystad AB,Mode,Konfektion,"Konfektion; Butikshandel; Detaljhandel; Kläder, skor",Skåne,Ystad,Ystad,271 34,Stora Östergatan 24,7220000,2025-08,sweet_spot,true,3,,+46 411 193 80,,,https://obergsmodehus.se/,https://www.allabolag.se/foretag/obergs-modehus-i-ystad-ab/ystad/-/2K2RFYGI63II4,hitta_orgnr,high,hitta_orgnr:hitta_detail | hitta_orgnr:https://www.hitta.se/%C3%B6bergs+modehus+i+ystad+ab/ystad/mggtttd | hitta_orgnr:orgnr_match | hitta_orgnr:url_in_own_segment,obergsmodehus.se,obergsmodehus@gmail.com; eva@aomarketing.se,https://obergsmodehus.se/om-oss,browser,no,sampled_2,,main@https://obergsmodehus.se/:samplingRan(sampled=2) | sampleURL@https://obergsmodehus.se/varumarken/:status=200 | sampleURL@https://obergsmodehus.se/kundklubb/:status=200,,,,,,,,,,,,no,,5,has_identity,
559006-5180,Youhannas Salonger i Stockholm AB,Youhannas Salonger i Stockholm AB,Skor,Skor,Hudvårdsprodukter; Skor; Läder och lädervaror; Reparatörer; Livsmedel; Detaljhandel; Butikshandel; Uthyrning; Arbetskraftstjänster,Stockholm,Stockholm,Spånga,163 62,Glömmingegränd 16,7210000,2024-12,sweet_spot,true,14,,,,,,https://www.allabolag.se/foretag/youhannas-salonger-i-stockholm-ab/stockholm/-/2KG6HWCI5YHGY,not_found,,hitta_orgnr:hitta_no_url_found | hitta_name:hitta_no_url_found | mojeek_candidates:12 | mojeek_no_name_match | ddg_failed:HTTP 403 for https://html.duckduckgo.com/html/?q=Youhannas%20Salonger%20i%20Stockholm%20AB%20hemsida,,,,,,,,,,,,,,,,,,,,,,,,
556934-7171,Odens Smycke AB,Odens Smycke AB,Smycken,"Klockor, ur","Klockor, ur; Guld, silver, ädelstenar; Grossister",Stockholm,Stockholm,Stockholm,,,7204000,2025-06,sweet_spot,true,2,,,,,,https://www.allabolag.se/foretag/odens-smycke-ab/stockholm/-/2K3UFS3I5YEZ0,not_found,,hitta_orgnr:hitta_no_url_found | hitta_name:hitta_no_next_data | mojeek_candidates:14 | mojeek_no_name_match | ddg_failed:HTTP 403 for https://html.duckduckgo.com/html/?q=Odens%20Smycke%20AB%20hemsida,,,,,,,,,,,,,,,,,,,,,,,,
556656-5155,Madame Chic Kosmetika AB,Madame Chic Kosmetika AB,Kosmetika,"Kemikalier, industrikemikalier - tillverkning","Kemikalier, industrikemikalier - tillverkning; Kemikalier, industrikemikalier; Producenter",Västra Götaland,Vara,Vara,534 50,Gradgatan 2,7147000,2025-04,sweet_spot,true,5,,051292021,,,,https://www.allabolag.se/foretag/madame-chic-kosmetika-ab/vara/-/2K26T5VI63IHZ,not_found,,hitta_orgnr:hitta_no_url_found | hitta_name:hitta_no_next_data | mojeek_candidates:18 | mojeek_no_name_match | ddg_failed:HTTP 403 for https://html.duckduckgo.com/html/?q=Madame%20Chic%20Kosmetika%20AB%20hemsida,,,,,,,,,,,,,,,,,,,,,,,,
556857-2175,Värmepumpar i Norr AB,Värmepumpar i Norr AB,Skor,Skor,Byggmästare; Skor; Läder och lädervaror; Reparatörer,Norrbotten,Luleå,Luleå,975 94,Förmansvägen 10 Lgh 1001,7126000,2024-12,sweet_spot,true,2,,+46 70 663 82 25,,,http://xn--vrmepumpar-i-norr-qqb.se/,https://www.allabolag.se/foretag/varmepumpar-i-norr-ab/lulea/-/2K3DTSFI5YHGY,hitta_orgnr,high,hitta_orgnr:hitta_detail | hitta_orgnr:https://www.hitta.se/v%C3%A4rmepumpar+i+norr+ab/gammelstad/cmrbhjlo | hitta_orgnr:orgnr_match | hitta_orgnr:url_in_own_segment,xn--vrmepumpar-i-norr-qqb.se,info@vpin.se,https://xn--vrmepumpar-i-norr-qqb.se,static,no,,,,,,,,,,,,,,,no,,5,has_identity,
556524-7037,Designed by Kberg Consultning,Ekonomiq i Norrort AB,Mode,"Redovisning, bokföring","Redovisning, bokföring; Skatterådgivning; Företagsutveckling",Stockholm,Täby,Täby,187 15,Polygonvägen 69,7113000,2025-12,sweet_spot,true,5,,+46 8 755 13 10,Info@ekonomiq.se,https://ekonomiq.se/,https://ekonomiq.se/,https://www.allabolag.se/foretag/ekonomiq-i-norrort-ab/taby/-/2K1EK3HI5YGRY,already_present,,,ekonomiq.se,info@ekonomiq.se; tove@ekonomiq.se; kamilla@ekonomiq.se,https://ekonomiq.se/om-oss,browser,no,,,,,,,,,,,,,,,no,,5,has_identity,
559224-7919,Helenes Mode & Interiör AB,Helenes Mode & Interiör AB,Mode,Konfektion,"Konfektion; Butikshandel; Detaljhandel; Kläder, skor",Jönköping,Jönköping,Jönköping,553 21,Smedjegatan 3,7080000,2024-12,sweet_spot,true,3,,,,,,https://www.allabolag.se/foretag/helenes-mode-och-interior-ab/jonkoping/-/2KHHA3ZI63II4,not_found,,hitta_orgnr:hitta_no_url_found | hitta_name:hitta_no_next_data | mojeek_candidates:26 | mojeek_no_name_match | ddg_failed:HTTP 403 for https://html.duckduckgo.com/html/?q=Helenes%20Mode%20%26%20Interi%C3%B6r%20AB%20hemsida,,,,,,,,,,,,,,,,,,,,,,,,
556217-9886,Solhem Inredning AB,Solhem Inredning AB,Heminredning,Detaljhandel - annat,Detaljhandel - annat; Detaljhandel,Stockholm,Stockholm,,,,6968000,2024-12,sweet_spot,true,1,,,,,,https://www.allabolag.se/foretag/solhem-inredning-ab/stockholm/-/2JZKTGUI63ILV,not_found,,hitta_orgnr:hitta_no_url_found | hitta_name:hitta_no_next_data | mojeek_candidates:32 | mojeek_no_name_match | ddg_failed:HTTP 403 for https://html.duckduckgo.com/html/?q=Solhem%20Inredning%20AB%20hemsida,,,,,,,,,,,,,,,,,,,,,,,,
556657-2201,Treadworld AB,Treadworld AB,Skor,Skor,"Skor; Skor och tillbehör - produktion; Producenter; Sport; Sport - grossist; Grossister; Ljudanläggningar, ljusanläggningar, bildanläggningar; Sportanläggningar",Örebro,Lekeberg,Fjugesta,716 93,Hallsberg Norrgården 1 c,6932000,2026-03,sweet_spot,true,4,,+46 70 272 30 01,,,http://www.treadworld.se,https://www.allabolag.se/foretag/treadworld-ab/lekeberg/-/2K26YLLI5YHGY,hitta_orgnr,high,hitta_orgnr:hitta_detail | hitta_orgnr:https://www.hitta.se/treadworld-ab/kumla/mqseiact | hitta_orgnr:orgnr_match | hitta_orgnr:url_in_own_segment,treadworld.se,info@treadworld.se; ekonomi@treadworld.se,https://treadworld.se/customer-service,browser,no,cart; sampled_3,,main@https://treadworld.se/:hasCart(uiPhrase) | main@https://treadworld.se/:samplingRan(sampled=3) | sampleURL@https://treadworld.se/hast/:status=200 | sampleURL@https://treadworld.se/ryttare/:status=200 | sampleURL@https://treadworld.se/hast-o-ladervard/:status=200 | contact_like@https://treadworld.se/om-oss.html:hasCart(uiPhrase) | contact_like@https://treadworld.se/kontakt:hasCart(uiPhrase) | contact_like@https://treadworld.se/kontakta-oss:hasCart(uiPhrase) | contact_like@https://treadworld.se/contact:hasCart(uiPhrase) | contact_like@https://treadworld.se/contact-us:hasCart(uiPhrase) | contact_like@https://treadworld.se/om-oss:hasCart(uiPhrase) | contact_like@https://treadworld.se/about:hasCart(uiPhrase) | contact_like@https://treadworld.se/kundtjanst:hasCart(uiPhrase) | internal@https://treadworld.se/kundtj%C3%A4nst:hasCart(uiPhrase) | contact_like@https://treadworld.se/customer-service:hasCart(uiPhrase),,,,,,,,,,,,no,,0,not_webshop,
556893-6628,Happies Leksaker AB,Happies Leksaker AB,Leksaker,"Spel, nöjesanläggningsutrustningar","Spel, nöjesanläggningsutrustningar; Butikshandel; Detaljhandel",Stockholm,Stockholm,Stockholm,120 61,Hammarby Allé 88,6878000,2025-03,sweet_spot,true,5,,+46 8 522 448 00; +46 8 715 25 01,,,https://happiesleksaker.se,https://www.allabolag.se/foretag/happies-leksaker-ab/stockholm/-/2K3LN04I5YHPS,mojeek,medium,hitta_orgnr:hitta_no_url_found | hitta_name:hitta_no_next_data | mojeek_candidates:32 | mojeek_picked:happiesleksaker.se(score=22),happiesleksaker.se,info@happiesleksaker.se; eva-lena.kohn@happiesleksaker.se,https://happiesleksaker.se,browser,no,cart; product_cards; sampled_3; sample_addtocart_2,,main@https://happiesleksaker.se/:hasCart(urlPath:/cart) | main@https://happiesleksaker.se/:productCards(20) | main@https://happiesleksaker.se/:samplingRan(sampled=3) | sampleURL@https://happiesleksaker.se/leksaker:status=200:ATC | sampleURL@https://happiesleksaker.se/butiker:status=200:ATC | sampleURL@https://happiesleksaker.se/search:status=200,,,,,,,,,,,,no,,0,not_webshop,
556024-5127,HESTRA 1919 HEAB AB,HESTRA 1919 HEAB AB,Skor,Skor,Konfektion; Kläder - produktion; Producenter; Skor; Skor och tillbehör - produktion,Jönköping,Gislaved,Hestra,335 71,Terassvägen 2,6586000,2025-06,sweet_spot,true,1,,,,,,https://www.allabolag.se/foretag/hestra-1919-heab-ab/gislaved/-/2JYFCLJI5YHGY,not_found,,hitta_orgnr:hitta_no_url_found | hitta_name:hitta_no_next_data | mojeek_candidates:12 | mojeek_no_name_match | ddg_failed:HTTP 403 for https://html.duckduckgo.com/html/?q=HESTRA%201919%20HEAB%20AB%20hemsida,,,,,,,,,,,,,,,,,,,,,,,,
559052-8310,E-Profil Svenska AB,e-Profil Svenska AB,E-handel,E-handel,E-handel; Konfektion; Kläder; Grossister; Reklambyråer,Stockholm,Täby,Täby,183 68,Södra Catalinagränd 3 B,6568000,2025-03,sweet_spot,true,2,,,,http://eprofil.se/,http://eprofil.se/,https://www.allabolag.se/foretag/e-profil-svenska-ab/taby/-/2KGGF92I5YDVM,already_present,,,eprofil.se,,https://eprofil.se,browser,no,,,,,,,,,,,,,,,no,,0,unreachable_or_parked,HTTP 500 | method:browser
556284-8308,Smyckeboden i Uppsala Aktiebolag,Smyckeboden i Uppsala Aktiebolag,Smycken,Urmakare,"Urmakare; Klockor, ur; Guld, silver, ädelstenar; Butikshandel",Uppsala,Uppsala,Uppsala,753 32,S:T Olofsgatan 30,6566000,2025-08,sweet_spot,true,4,,+46 18 13 02 76,,,http://www.smyckeboden.se,https://www.allabolag.se/foretag/smyckeboden-i-uppsala-aktiebolag/uppsala/-/2JZZ584I63IL5,hitta_orgnr,high,hitta_orgnr:hitta_detail | hitta_orgnr:https://www.hitta.se/smyckeboden-i-uppsala-ab/uppsala/ngrtfkmg | hitta_orgnr:orgnr_match | hitta_orgnr:url_in_own_segment,smyckeboden.se,info@smyckeboden.se,https://smyckeboden.se,browser,no,product_cards,,main@https://smyckeboden.se/:productCards(5) | main@https://smyckeboden.se/:samplingRan(sampled=0) | internal@https://smyckeboden.se/om-smyckeboden/oppetider-hitta-hit/:productCards(5) | internal@https://smyckeboden.se/guldsmed-uppsala/:productCards(5),,,,,,,,,,,,no,,0,not_webshop,
556205-9955,Smycka Butiksbolaget i Mölndal AB,Smycka Butiksbolaget i Mölndal AB,Smycken,Urmakare,"Urmakare; Klockor, ur; Guld, silver, ädelstenar; Butikshandel; Detaljhandel; Postorder/e-handel",Västra Götaland,Mölndal,Mölndal,431 30,Medborgaregatan 8,6521000,2025-04,sweet_spot,true,4,,,,,http://www.smycka.se/,https://www.allabolag.se/foretag/smycka-butiksbolaget-i-molndal-ab/molndal/-/2KH3I66I63IL5,hitta_orgnr,high,hitta_orgnr:hitta_detail | hitta_orgnr:https://www.hitta.se/smycka/m%C3%B6lndal/mttuyicst | hitta_orgnr:orgnr_match | hitta_orgnr:url_in_own_segment,smycka.se,,https://www.smycka.se,static,yes,checkout_provider; checkout; provider:jetshop,jetshop,static@https://www.smycka.se:hasCheckout(urlPath:/betalning) | static@https://www.smycka.se:providers(jetshop) | DECISION@static@https://www.smycka.se,,,,,,,,,,,,no,,36,"is_webshop, platform:jetshop, has_orgnr",
556845-5025,Thomsen Guld och Smycken AB,Thomsen Guld och Smycken AB,Smycken,Urmakare,"Urmakare; Klockor, ur; Guld, silver, ädelstenar; Butikshandel",Kronoberg,Växjö,Växjö,352 30,Sandgärdsgatan 9,6488000,2025-06,sweet_spot,true,4,,+46 470 151 70,,,http://thomsenguld.se/,https://www.allabolag.se/foretag/thomsen-guld-och-smycken-ab/vaxjo/-/2K3BBE9I63IL5,hitta_orgnr,high,hitta_orgnr:hitta_detail | hitta_orgnr:https://www.hitta.se/thomsen+guld+och+smycken+ab/v%C3%A4xj%C3%B6/mmgsziap | hitta_orgnr:orgnr_match | hitta_orgnr:url_in_own_segment,thomsenguld.se,info@thomsenguld.se,https://thomsenguld.se,browser,no,,,main@https://thomsenguld.se/:samplingRan(sampled=0),,,,,,,,,,,,no,,0,not_webshop,
559189-9090,ZB Allt Inom Trädgårdsservice AB,ZB ALLT INOM TRÄDGÅRDSSERVICE AB,Trädgård,Parkanläggningar,Parkanläggningar,Skåne,Staffanstorp,Staffanstorp,245 46,Spannmålsgränd 18,6363000,2024-12,sweet_spot,true,10,,+46 70 942 79 01,,https://www.zbtradgard.se/index.html,https://www.zbtradgard.se/index.html,https://www.allabolag.se/foretag/zb-allt-inom-tradgardsservice-ab/staffanstorp/-/2KH9SYAI63IJW,already_present,,,zbtradgard.se,fisnikibrahimi@gmail.com,https://zbtradgard.se,browser,no,product_cards; sampled_2,,main@https://zbtradgard.se/:productCards(17) | main@https://zbtradgard.se/:samplingRan(sampled=2) | sampleURL@https://zbtradgard.se/service-single.html:status=404 | sampleURL@https://zbtradgard.se/single-project.html:status=404,,,,,,,,,,,,no,,0,not_webshop,
556695-3138,Anders Johnsson Mode AB,Anders Johnsson Mode AB,Mode,Konfektion,"Konfektion; Butikshandel; Detaljhandel; Kläder, skor",Östergötland,Linköping,Linköping,581 28,Västra Svedengatan 7 b,6315000,2024-12,sweet_spot,true,4,,+46 455 102 17; +46 431 199 09; +46 13 10 02 01,,,https://www.anotherstore.se/,https://www.allabolag.se/foretag/anders-johnsson-mode-ab/linkoping/-/2K2F4J6I63II4,hitta_orgnr,high,hitta_orgnr:hitta_detail | hitta_orgnr:https://www.hitta.se/another+store+link%C3%B6ping/link%C3%B6ping/lpqueigb | hitta_orgnr:orgnr_match | hitta_orgnr:url_in_own_segment,anotherstore.se,,https://anotherstore.se,browser,no,product_cards,,main@https://www.anotherstore.se/:productCards(6) | main@https://www.anotherstore.se/:samplingRan(sampled=0),,,,,,,,,,,,no,,0,not_webshop,
556877-7204,BJ's Mode AB,BJ's Mode AB,Mode,Konfektion,"Konfektion; Butikshandel; Detaljhandel; Kläder, skor; Kosmetik, parfym och frisörartiklar",Östergötland,Linköping,Linköping,582 22,Ågatan 21 b,6190000,2025-07,sweet_spot,true,3,,013130409,,,,https://www.allabolag.se/foretag/bj-s-mode-ab/linkoping/-/2K3I7ZOI63II4,not_found,,hitta_orgnr:hitta_no_url_found | hitta_name:hitta_no_next_data | mojeek_candidates:26 | mojeek_no_name_match | ddg_failed:HTTP 403 for https://html.duckduckgo.com/html/?q=BJ's%20Mode%20AB%20hemsida,,,,,,,,,,,,,,,,,,,,,,,,
559154-9752,Lindén & Mickelsson Mode AB,Lindén & Mickelsson Mode AB,Mode,Konfektion,"Konfektion; Butikshandel; Detaljhandel; Kläder, skor",Gävleborg,Ljusdal,Ljusdal,827 32,Norra Järnvägsgatan 39,6087000,2025-01,sweet_spot,true,3,,,,,https://www.kvarteretlarkan.se/,https://www.allabolag.se/foretag/lind-n-och-mickelsson-mode-ab/ljusdal/-/2KH2BEGI63II4,hitta_orgnr,high,hitta_orgnr:hitta_detail | hitta_orgnr:https://www.hitta.se/fifty+fifty/ljusdal/aagbxicop | hitta_orgnr:orgnr_match | hitta_orgnr:url_in_own_segment,kvarteretlarkan.se,,https://kvarteretlarkan.se,browser,no,,,,,,,,,,,,,,,no,,0,unreachable_or_parked,net::ERR_CERT_COMMON_NAME_INVALID at https://kvarteretlarkan.se | method:browser
559357-0962,CH Mode i Ljusdal AB,CH Mode i Ljusdal AB,Mode,Konfektion,"Konfektion; Butikshandel; Detaljhandel; Kläder, skor",Gävleborg,Ljusdal,Ljusdal,827 31,Bjuråkersvägen 1,6058000,2025-01,sweet_spot,true,3,,,,,,https://www.allabolag.se/foretag/ch-mode-i-ljusdal-ab/ljusdal/-/2KI9MZ6I63II4,not_found,,hitta_orgnr:hitta_no_url_found | hitta_name:hitta_no_next_data | mojeek_candidates:12 | mojeek_no_name_match | ddg_failed:HTTP 403 for https://html.duckduckgo.com/html/?q=CH%20Mode%20i%20Ljusdal%20AB%20hemsida,,,,,,,,,,,,,,,,,,,,,,,,
556064-0210,Aima Mode AB,Aima Mode AB,Mode,Konfektion,"Konfektion; Butikshandel; Detaljhandel; Kläder, skor",Kalmar,Kalmar,Kalmar,392 32,Larmtorget 18,6032000,2025-04,sweet_spot,true,2,,048015087,,,,https://www.allabolag.se/foretag/aima-mode-ab/kalmar/-/2JYNTG2I63II4,not_found,,hitta_orgnr:hitta_no_url_found | hitta_name:hitta_no_url_found | mojeek_candidates:12 | mojeek_no_name_match | ddg_failed:HTTP 403 for https://html.duckduckgo.com/html/?q=Aima%20Mode%20AB%20hemsida,,,,,,,,,,,,,,,,,,,,,,,,
559179-7153,Farsta Snabbtvätt & Skrädderi AB,Farsta Snabbtvätt & Skrädderi AB,Skor,Skor,Skor; Läder och lädervaror; Reparatörer; Tvätterier,Stockholm,Stockholm,Farsta,123 47,Farstaplan 2,6023000,2025-04,sweet_spot,true,6,,+46 77 196 90 06,,,https://farstacentrum.se,https://www.allabolag.se/foretag/farsta-snabbtvatt-och-skradderi-ab/stockholm/-/2KH7MAPI5YHGY,mojeek,low,hitta_orgnr:hitta_no_url_found | hitta_name:hitta_no_next_data | mojeek_candidates:16 | mojeek_picked:farstacentrum.se(score=14),farstacentrum.se,anna.gustafsson@farstacentrum.se; hanna.widell@farstacentrum.se; anna.emmoth@farstacentrum.se,https://farstacentrum.se/kontakta-oss,browser,no,,,main@https://farstacentrum.se/:samplingRan(sampled=0),,,,,,,,,,,,no,,0,not_webshop,
556976-8079,TB Leksaker AB,TB Leksaker AB,Leksaker,"Spel, nöjesanläggningsutrustningar","Spel, nöjesanläggningsutrustningar; Butikshandel; Detaljhandel",Stockholm,Södertälje,Södertälje,151 71,Storgatan 4,6014000,2025-08,sweet_spot,true,4,,,,,,https://www.allabolag.se/foretag/tb-leksaker-ab/sodertalje/-/2K43GJZI5YHPS,not_found,,hitta_orgnr:hitta_no_url_found | hitta_name:hitta_no_next_data | mojeek_candidates:32 | mojeek_no_name_match | ddg_failed:HTTP 403 for https://html.duckduckgo.com/html/?q=TB%20Leksaker%20AB%20hemsida,,,,,,,,,,,,,,,,,,,,,,,,
559021-5124,Modebutiken Bigaro AB,Modebutiken Bigaro AB,Mode,Konfektion,"Konfektion; Butikshandel; Detaljhandel; Kläder, skor",Västerbotten,Umeå,Umeå,903 26,Kungsgatan 60,6009000,2024-12,sweet_spot,true,3,,,,,,https://www.allabolag.se/foretag/modebutiken-bigaro-ab/umea/-/2KG9PLGI63II4,not_found,,hitta_orgnr:hitta_no_url_found | hitta_name:hitta_no_next_data | mojeek_candidates:14 | mojeek_no_name_match | ddg_failed:HTTP 403 for https://html.duckduckgo.com/html/?q=Modebutiken%20Bigaro%20AB%20hemsida,,,,,,,,,,,,,,,,,,,,,,,,
559324-9187,Jessicas Trädgård & Entreprenad AB,Jessicas Trädgård & Entreprenad AB,Trädgård,"Markentreprenörer, anläggningsentreprenörer","Markentreprenörer, anläggningsentreprenörer; Entreprenörer; Byggmästare; Parkanläggningar; Arkitekter",Västra Götaland,Kungälv,Hålta,442 95,ÖVER-RESTAD 110,6003000,2024-12,sweet_spot,true,1,,0707536658,Jessica@j-t-e.se,,,https://www.allabolag.se/foretag/jessicas-tradgard-och-entreprenad-ab/kungalv/-/2KI2QOZI5YG4F,not_found,,hitta_orgnr:hitta_no_url_found | hitta_name:hitta_no_next_data | mojeek_candidates:24 | mojeek_no_name_match | ddg_failed:HTTP 403 for https://html.duckduckgo.com/html/?q=Jessicas%20Tr%C3%A4dg%C3%A5rd%20%26%20Entreprenad%20AB%20hemsida,,,,,,,,,,,,,,,,,,,,,,,,
556197-7546,Leksakshuset Lek & Hobby i Oskarshamn Aktiebolag,Leksakshuset Lek & Hobby i Oskarshamn Aktiebolag,Leksaker,"Spel, nöjesanläggningsutrustningar","Spel, nöjesanläggningsutrustningar; Butikshandel; Detaljhandel; Detaljhandel - annat; Butikshandel -övrigt",Kalmar,Oskarshamn,Oskarshamn,572 42,Slottsgatan 17,6002000,2024-12,sweet_spot,true,3,,+46 36 644 79,,,https://www.lekia.se/butiker/oskarshamn-lekia-och-babya/,https://www.allabolag.se/foretag/leksakshuset-lek-och-hobby-i-oskarshamn-aktiebolag/oskarshamn/-/2JZGHCAI5YHPS,hitta_orgnr,high,hitta_orgnr:hitta_detail | hitta_orgnr:https://www.hitta.se/leksakshuset+lek+och+hobby+i+oskarshamn+ab/oskarshamn/mpssvxjk | hitta_orgnr:orgnr_match | hitta_orgnr:url_in_own_segment,lekia.se,sunny@lekia.com; olivia@untitledui.com,https://www.lekia.se/om-oss,browser,yes,cart; checkout; product_cards; priced_cards,,main@https://www.lekia.se/:hasCheckout(urlPath:/kassa) | main@https://www.lekia.se/:hasCart(uiPhrase) | main@https://www.lekia.se/:pricedCards(multiPrices) | main@https://www.lekia.se/:productCards(188) | DECISION@main@https://www.lekia.se/ | contact_like@https://www.lekia.se/om-lekia:hasCheckout(urlPath:/kassa) | contact_like@https://www.lekia.se/om-lekia:hasCart(uiPhrase) | DECISION@contact_like@https://www.lekia.se/om-lekia,,,,,,,,,,,,no,,30,"is_webshop, has_email",dom_fallback:0_urls
559425-6751,BADER Mode & Livsstil AB,BADER Mode & Livsstil AB,Mode,Konfektion,"Konfektion; Detaljhandel; Postorder/e-handel; Kläder, skor",Stockholm,Stockholm,Stockholm,,,5995000,2025-01,sweet_spot,true,0,,+46 10 332 00 02,,,https://www.bader.se,https://www.allabolag.se/foretag/bader-mode-och-livsstil-ab/stockholm/-/2KIOC4VI63II4,mojeek,low,hitta_orgnr:hitta_no_url_found | hitta_name:hitta_no_url_found | mojeek_candidates:32 | mojeek_picked:bader.se(score=14),bader.se,service@bader.se,https://bader.se,static,yes,cart; checkout; product_cards; priced_cards,,static@https://bader.se:hasCheckout(urlPath:/betalning) | static@https://bader.se:hasCart(urlPath:/varukorg) | static@https://bader.se:pricedCards(multiPrices) | static@https://bader.se:productCards(31) | DECISION@static@https://bader.se,80,5,59,125,0,0,0,95,266,100,0,no,,45,"is_webshop, catalog_50plus, seo_gap_low, has_email",sitemap:80_products_from_2_sitemaps | seo_sampled:5 gap:0
559073-2375,Täby Smycken AB,Täby Smycken AB,Smycken,Urmakare,"Urmakare; Klockor, ur; Guld, silver, ädelstenar; Butikshandel",Stockholm,Täby,Täby,183 34,Västra Galleriagången 00 6,5889000,2024-12,sweet_spot,true,2,,,,,,https://www.allabolag.se/foretag/taby-smycken-ab/taby/-/2KGKSPJI63IL5,not_found,,hitta_orgnr:hitta_no_url_found | hitta_name:hitta_no_next_data | mojeek_candidates:32 | mojeek_no_name_match | ddg_failed:HTTP 403 for https://html.duckduckgo.com/html/?q=T%C3%A4by%20Smycken%20AB%20hemsida,,,,,,,,,,,,,,,,,,,,,,,,
559122-8068,Barnen på Södergatan Mode AB,Barnen på Södergatan Mode AB,Mode,Konfektion,"Konfektion; Butikshandel; Detaljhandel; Kläder, skor",Blekinge,Sölvesborg,Sölvesborg,294 31,Södergatan 1 a,5856000,2024-12,sweet_spot,true,2,,,,,,https://www.allabolag.se/foretag/barnen-pa-sodergatan-mode-ab/solvesborg/-/2KGVF6SI63II4,not_found,,hitta_orgnr:hitta_no_url_found | hitta_name:hitta_no_next_data | mojeek_candidates:14 | mojeek_no_name_match | ddg_failed:HTTP 403 for https://html.duckduckgo.com/html/?q=Barnen%20p%C3%A5%20S%C3%B6dergatan%20Mode%20AB%20hemsida,,,,,,,,,,,,,,,,,,,,,,,,
556792-7297,Me mode MARINA AB,Me mode MARINA AB,Mode,Konfektion,"Konfektion; Butikshandel; Detaljhandel; Kläder, skor",Halland,Varberg,Varberg,432 41,Drottninggatan 17,5835000,2024-12,sweet_spot,true,3,,+46 340 140 90,,,http://www.marinavarberg.se/,https://www.allabolag.se/foretag/me-mode-marina-ab/varberg/-/2K30075I63II4,hitta_orgnr,high,hitta_orgnr:hitta_detail | hitta_orgnr:https://www.hitta.se/me+mode+marina+ab/varberg/cqbxijgop | hitta_orgnr:orgnr_match | hitta_orgnr:url_in_own_segment,marinavarberg.se,info@marinavarberg.se,https://marinavarberg.se/kontakta-oss,browser,yes,checkout_provider; cart; product_cards; priced_cards; checkout; provider:woocommerce,woocommerce,main@https://marinavarberg.se/:hasCart(urlPath:/varukorg) | main@https://marinavarberg.se/:pricedCards(multiPrices) | main@https://marinavarberg.se/:providers(woocommerce) | main@https://marinavarberg.se/:productCards(106) | DECISION@main@https://marinavarberg.se/ | contact_like@https://marinavarberg.se/kontakta-oss/:hasCheckout(uiPhrase) | contact_like@https://marinavarberg.se/kontakta-oss/:hasCart(urlPath:/varukorg) | contact_like@https://marinavarberg.se/kontakta-oss/:pricedCards(multiPrices) | contact_like@https://marinavarberg.se/kontakta-oss/:providers(woocommerce) | contact_like@https://marinavarberg.se/kontakta-oss/:productCards(82) | DECISION@contact_like@https://marinavarberg.se/kontakta-oss/,15,,,,,,,,,,,no,,42,"is_webshop, platform:woocommerce, catalog_small, has_email",dom_fallback:15_urls
556724-9155,Lindgrens Mode i Luleå AB,Lindgrens Mode i Luleå AB,Mode,Konfektion,Konfektion; Kläder; Grossister,Norrbotten,Luleå,Luleå,972 31,Kungsgatan 24 g,5767000,2025-08,sweet_spot,true,3,,,,,,https://www.allabolag.se/foretag/lindgrens-mode-i-lulea-ab/lulea/-/2K2LGXVI63II4,not_found,,hitta_orgnr:hitta_no_url_found | hitta_name:hitta_no_next_data | mojeek_candidates:12 | mojeek_no_name_match | ddg_failed:HTTP 403 for https://html.duckduckgo.com/html/?q=Lindgrens%20Mode%20i%20Lule%C3%A5%20AB%20hemsida,,,,,,,,,,,,,,,,,,,,,,,,
556339-0581,EJ's Hälsokost Aktiebolag,EJ's Hälsokost Aktiebolag,Hälsokost,Livsmedel,"Livsmedel; Hälsokost, naturläkemedel; Detaljhandel; Butikshandel",Jämtland,Östersund,Östersund,831 34,Kyrkgatan 74,5760000,2025-06,sweet_spot,true,3,,063101960,,,,https://www.allabolag.se/foretag/ej-s-halsokost-aktiebolag/ostersund/-/2K0ARN9I5YFWD,not_found,,hitta_orgnr:hitta_no_url_found | hitta_name:hitta_no_url_found | mojeek_candidates:14 | mojeek_no_name_match | ddg_failed:HTTP 403 for https://html.duckduckgo.com/html/?q=EJ's%20H%C3%A4lsokost%20Aktiebolag%20hemsida,,,,,,,,,,,,,,,,,,,,,,,,
556850-5464,Regnbågens Böcker och Smycken ab,Regnbågens böcker & smycken AB,Smycken,Detaljhandel - annat,"Detaljhandel - annat; Detaljhandel; Butikshandel -övrigt; Konfektion; Butikshandel; Kläder, skor",Västra Götaland,Göteborg,Göteborg,413 01,Haga Nygata 11,5710000,2025-03,sweet_spot,true,6,,+46 31 13 33 75,,,https://www.regnbagens.com,https://www.allabolag.se/foretag/regnbagens-bocker-och-smycken-ab/goteborg/-/2K3CEBCI63ILV,mojeek,low,hitta_orgnr:hitta_no_url_found | hitta_name:hitta_no_next_data | mojeek_candidates:32 | mojeek_picked:regnbagens.com(score=12),regnbagens.com,webbshop@regnbagens.com,https://regnbagens.com,static,yes,checkout_provider; cart; product_cards; priced_cards; provider:woocommerce,woocommerce,static@https://regnbagens.com:hasCart(urlPath:/varukorg) | static@https://regnbagens.com:pricedCards(multiPrices) | static@https://regnbagens.com:providers(woocommerce) | static@https://regnbagens.com:productCards(61) | DECISION@static@https://regnbagens.com,39,5,22,110,20,0,20,68,191,0,30,no,,63,"is_webshop, platform:woocommerce, catalog_20plus, seo_gap_low, no_product_schema, has_email",dom_fallback:39_urls | seo_sampled:5 gap:30
556653-6263,Sjöbo Anläggning & Trädgård AB,AB Sjöbo Anläggning & Trädgård,Trädgård,Trädgårdsanläggningar,Trädgårdsanläggningar; Byggmästare,Skåne,Sjöbo,Sjöbo,27539,Ingenjörsgatan 9,5690000,2025-08,sweet_spot,true,5,,+46 70 914 77 47,mats.nilsson@ktv-sjobo.se,https://www.sjoboanlaggning.se/,https://www.sjoboanlaggning.se/,https://www.allabolag.se/foretag/ab-sjobo-anlaggning-och-tradgard/sjobo/-/2K266VBI5YI51,already_present,,,sjoboanlaggning.se,mats.nilsson@ktv-sjobo.se; hannahansson@business.com,https://sjoboanlaggning.se,static,no,,,,,,,,,,,,,,,no,,5,has_identity,
559239-5395,MP20 mode AB,MP20 mode AB,Mode,Konfektion,Konfektion; Kläder; Grossister,Kalmar,Västervik,Västervik,593 30,Bredgatan 9,5671000,2024-12,sweet_spot,true,3,,,,,,https://www.allabolag.se/foretag/mp20-mode-ab/vastervik/-/2KHKFWJI63II4,not_found,,hitta_orgnr:hitta_no_url_found | hitta_name:hitta_no_next_data | mojeek_candidates:12 | mojeek_no_name_match | ddg_failed:HTTP 403 for https://html.duckduckgo.com/html/?q=MP20%20mode%20AB%20hemsida,,,,,,,,,,,,,,,,,,,,,,,,
556900-6355,Stockholm Skrädderi & Kemtvätt AB,Stockholm Skrädderi & Kemtvätt AB,Skor,Skor,Tvätterier; Konfektion; Kläder - produktion; Producenter; Skor; Läder och lädervaror; Reparatörer,Stockholm,Stockholm,Stockholm,114 54,Styrmansgatan 2,5671000,2025-12,sweet_spot,true,7,,+46 8 660 08 02; +46 900 1800,,,http://www.sthlmskradderi.se/,https://www.allabolag.se/foretag/stockholm-skradderi-och-kemtvatt-ab/stockholm/-/2K3N4SZI5YHGY,hitta_orgnr,high,hitta_orgnr:hitta_detail | hitta_orgnr:https://www.hitta.se/stockholm+skr%C3%A4dderi+och+kemtv%C3%A4tt+ab/stockholm/cpyhnoqx | hitta_orgnr:orgnr_match | hitta_orgnr:url_in_own_segment,sthlmskradderi.se,info@sthlmskradderi.se,https://sthlmskradderi.se/om-oss,browser,no,,,,,,,,,,,,,,,no,,0,not_webshop,
556476-5971,Ludvika Hälsokost Aktiebolag,Ludvika Hälsokost Aktiebolag,Hälsokost,Livsmedel,"Livsmedel; Hälsokost, naturläkemedel; Detaljhandel; Butikshandel",Dalarna,Ludvika,Ludvika,771 30,Storgatan 19,5658000,2025-12,sweet_spot,true,3,,+46 570 136 35; +46 921 36 03 29; +46 243 22 91 95,,,https://halsokraft.se/butiker/ludvika,https://www.allabolag.se/foretag/ludvika-halsokost-aktiebolag/ludvika/-/2K00Q38I5YFWD,hitta_orgnr,high,hitta_orgnr:hitta_detail | hitta_orgnr:https://www.hitta.se/ludvika+h%C3%A4lsokraft/ludvika/igrziiim | hitta_orgnr:orgnr_match | hitta_orgnr:url_in_own_segment,halsokraft.se,info@halsokraft.se; arvika@halsokraft.se; boden@halsokraft.se,https://halsokraft.se,static,yes,checkout_provider; cart; product_cards; priced_cards; provider:klarna; provider:jetshop,"klarna,jetshop","static@https://halsokraft.se:hasCart(uiPhrase) | static@https://halsokraft.se:pricedCards(multiPrices) | static@https://halsokraft.se:providers(klarna,jetshop) | static@https://halsokraft.se:productCards(34) | DECISION@static@https://halsokraft.se",,,,,,,,,,,,no,,41,"is_webshop, platform:klarna,jetshop, has_email, has_orgnr",dom_fallback:0_urls
556934-8062,Jennys Hälsokost AB,Jennys Hälsokost AB,Hälsokost,Livsmedel,"Livsmedel; Hälsokost, naturläkemedel; Detaljhandel; Butikshandel",Dalarna,Hedemora,Hedemora,776 31,Åsgatan 62 Hälsokraft,5600000,2025-06,sweet_spot,true,3,,022513220,,,,https://www.allabolag.se/foretag/jennys-halsokost-ab/hedemora/-/2K3UGGUI5YFWD,not_found,,hitta_orgnr:hitta_no_url_found | hitta_name:hitta_no_next_data | mojeek_candidates:32 | mojeek_no_name_match | ddg_failed:HTTP 403 for https://html.duckduckgo.com/html/?q=Jennys%20H%C3%A4lsokost%20AB%20hemsida,,,,,,,,,,,,,,,,,,,,,,,,
559011-4582,Sandys Smycken i Kalmar AB,Sandys Smycken i Kalmar AB,Smycken,Urmakare,"Urmakare; Klockor, ur; Guld, silver, ädelstenar; Butikshandel",Kalmar,Kalmar,Kalmar,392 31,Skeppsbrogatan 12,5577000,2025-04,sweet_spot,true,3,,,,,,https://www.allabolag.se/foretag/sandys-smycken-i-kalmar-ab/kalmar/-/2KG7K0MI63IL5,not_found,,hitta_orgnr:hitta_no_url_found | hitta_name:hitta_no_next_data | mojeek_candidates:16 | mojeek_no_name_match | ddg_failed:HTTP 403 for https://html.duckduckgo.com/html/?q=Sandys%20Smycken%20i%20Kalmar%20AB%20hemsida,,,,,,,,,,,,,,,,,,,,,,,,
559259-5580,Smycka Butiksbolaget i Jönköping AB,Smycka Butiksbolaget i Jönköping AB,Smycken,Urmakare,"Urmakare; Klockor, ur; Guld, silver, ädelstenar; Butikshandel; Detaljhandel; Postorder/e-handel",Jönköping,Jönköping,Jönköping,553 21,Östra Storgatan 12,5568000,2025-04,sweet_spot,true,3,,,,,,https://www.allabolag.se/foretag/smycka-butiksbolaget-i-jonkoping-ab/jonkoping/-/2KHOQD8I63IL5,not_found,,hitta_orgnr:hitta_no_url_found | hitta_name:hitta_no_next_data | mojeek_candidates:12 | mojeek_no_name_match | ddg_failed:HTTP 403 for https://html.duckduckgo.com/html/?q=Smycka%20Butiksbolaget%20i%20J%C3%B6nk%C3%B6ping%20AB%20hemsida,,,,,,,,,,,,,,,,,,,,,,,,
556429-1176,Balders Hage Heminredning AB,Balders Hage Heminredning AB,Heminredning,Mattor,"Mattor; Läder, skor, inredning, reseeffekter och textilier; Detaljhandel; Postorder/e-handel",Västra Götaland,Lerum,Floda,448 32,Skallsjövägen 36,5546000,2024-12,sweet_spot,true,4,,0317114820,,,,https://www.allabolag.se/foretag/balders-hage-heminredning-ab/lerum/-/2K0U2JSI5YG7C,not_found,,hitta_orgnr:hitta_no_url_found | hitta_name:hitta_no_next_data | mojeek_candidates:14 | mojeek_no_name_match | ddg_failed:HTTP 403 for https://html.duckduckgo.com/html/?q=Balders%20Hage%20Heminredning%20AB%20hemsida,,,,,,,,,,,,,,,,,,,,,,,,
556871-9297,Leksaksaffären Lekstugan i Avesta AB,Leksaksaffären Lekstugan i Avesta AB,Leksaker,"Spel, nöjesanläggningsutrustningar","Spel, nöjesanläggningsutrustningar; Butikshandel; Detaljhandel",Dalarna,Avesta,Avesta,774 30,Markustorget 1,5535000,2024-12,sweet_spot,true,3,,,,,,https://www.allabolag.se/foretag/leksaksaffaren-lekstugan-i-avesta-ab/avesta/-/2K3GZB5I5YHPS,not_found,,hitta_orgnr:hitta_no_url_found | hitta_name:hitta_no_next_data | mojeek_candidates:14 | mojeek_no_name_match | ddg_failed:socket hang up,,,,,,,,,,,,,,,,,,,,,,,,
559096-4309,TG Möbler AB,TG Möbler AB,Möbler,Möbler,"Möbler; Belysningsarmatur - Komponenter; Grossister; Möbler, inredning, kök- och belysningsutrustning; Detaljhandel; Postorder/e-handel",,,,,,5529000,2025-03,sweet_spot,true,1,,0722629903,info@slowdown.se,https://www.slowdown.se/,https://www.slowdown.se/,https://www.allabolag.se/foretag/tg-mobler-ab/-/-/2KGPRO5I5YGJV,already_present,,,slowdown.se,press@google.com; asxvmprobertest@gmail.com,https://www.google.com/support,browser,no,product_cards,,contact_like@https://about.google/company-info/contact-google/:samplingRan(sampled=0) | contact_like@https://support.google.com/:productCards(154),,,,,,,,,,,,no,,0,not_webshop,
556187-6854,Torpatoffeln Aktiebolag,Torpatoffeln Aktiebolag,Skor,Skor,Skor; Skor och tillbehör - produktion; Producenter,Kronoberg,Alvesta,Torpsbruk,342 65,Lyckevägen 26,5517000,2024-12,sweet_spot,true,5,,,,,,https://www.allabolag.se/foretag/torpatoffeln-aktiebolag/alvesta/-/2JZEBNAI5YHGY,not_found,,hitta_orgnr:hitta_no_url_found | hitta_name:hitta_no_next_data | mojeek_candidates:12 | mojeek_no_name_match | ddg_failed:Client network socket disconnected before secure TLS connection was established,,,,,,,,,,,,,,,,,,,,,,,,
559196-4779,Håkans Leksaker i Lidköping AB,Håkans Leksaker i Lidköping AB,Leksaker,"Spel, nöjesanläggningsutrustningar","Spel, nöjesanläggningsutrustningar; Butikshandel; Detaljhandel",Västra Götaland,Lidköping,Lidköping,531 37,Floragatan 25 b,5503000,2025-01,sweet_spot,true,4,,,,,,https://www.allabolag.se/foretag/hakans-leksaker-i-lidkoping-ab/lidkoping/-/2KHB7MZI5YHPS,not_found,,hitta_orgnr:hitta_no_url_found | hitta_name:hitta_no_next_data | mojeek_candidates:18 | mojeek_no_name_match | ddg_failed:Client network socket disconnected before secure TLS connection was established,,,,,,,,,,,,,,,,,,,,,,,,
556916-6431,HIS heminredning sverige AB,HIS heminredning sverige AB,Heminredning,"Internet - Konsulter, operatörer","Internet - Konsulter, operatörer",Stockholm,Stockholm,Skärholmen,127 32,Bredängstorget 1,5469000,2024-12,sweet_spot,true,5,,,,,,https://www.allabolag.se/foretag/his-heminredning-sverige-ab/stockholm/-/2K3QKBJI5YFHL,not_found,,hitta_orgnr:hitta_no_url_found | hitta_name:hitta_no_next_data | mojeek_candidates:32 | mojeek_no_name_match | ddg_failed:Client network socket disconnected before secure TLS connection was established,,,,,,,,,,,,,,,,,,,,,,,,
556922-1780,Royal Beauty hudvård AB,Royal Beauty hudvård AB,Hudvård,Hudvårdsprodukter,Hudvårdsprodukter; Hälsotjänster,Västra Götaland,Trollhättan,Trollhättan,461 32,Drottninggatan 23,5416000,2025-12,sweet_spot,true,5,,,,,http://www.royalbeauty.se/,https://www.allabolag.se/foretag/royal-beauty-hudvard-ab/trollhattan/-/2K3RR10I63IH6,hitta_orgnr,high,hitta_orgnr:hitta_detail | hitta_orgnr:https://www.hitta.se/royal+beauty+hudv%C3%A5rd+ab/trollh%C3%A4ttan/jlpxjmgr | hitta_orgnr:orgnr_match | hitta_orgnr:url_in_own_segment,royalbeauty.se,,https://royalbeauty.se,browser,yes,checkout_provider; cart; checkout; product_cards; priced_cards; provider:shopify,shopify,main@https://royalbeauty.se/:hasCheckout(urlPath:/checkout) | main@https://royalbeauty.se/:hasCart(urlPath:/cart) | main@https://royalbeauty.se/:pricedCards(multiPrices) | main@https://royalbeauty.se/:providers(shopify) | main@https://royalbeauty.se/:productCards(17) | DECISION@main@https://royalbeauty.se/,9,5,40,319,0,0,0,63,0,100,24,no,,49,"is_webshop, platform:shopify, catalog_small, seo_gap_low, thin_product_copy",sitemap:9_products_from_10_sitemaps | seo_sampled:5 gap:24
556696-1875,Katrineholms Hemelektronik AB,Katrineholms Hemelektronik AB,Hemelektronik,Datorer,"Datorer; Data - Programvaror; Data- och TV-spel; Detaljhandel; Elektronik- och telekommunikationsutrustning; Butikshandel; Radio TV, video",Södermanland,Katrineholm,Katrineholm,641 30,Drottninggatan 8,5392000,2024-12,sweet_spot,true,2,,015014048,,,,https://www.allabolag.se/foretag/katrineholms-hemelektronik-ab/katrineholm/-/2K2FB9VI5YDOW,not_found,,hitta_orgnr:hitta_no_url_found | hitta_name:hitta_no_next_data | mojeek_candidates:32 | mojeek_no_name_match | ddg_failed:Client network socket disconnected before secure TLS connection was established,,,,,,,,,,,,,,,,,,,,,,,,
559337-9208,AB Rajala Design / VB. Rajala Design,AB Rajala Design,Trädgård,Trädgårdsanläggningar,Trädgårdsanläggningar; Entreprenörer; Byggmästare; Parkanläggningar,Stockholm,Botkyrka,Tullinge,146 50,Dymmelkärrsvägen 31,5371000,2025-12,sweet_spot,true,5,,+46 73 566 58 10,vilho@vbrajaladesign.se,http://www.vbrajaladesign.se/,http://www.vbrajaladesign.se/,https://www.allabolag.se/foretag/ab-rajala-design-vb-rajala-design/botkyrka/-/2KI5J0OI5YI51,already_present,,,vbrajaladesign.se,vilho@vbrajaladesign.se,https://vbrajaladesign.se,browser,no,,,,,,,,,,,,,,,no,,0,not_webshop,
556795-5496,HEI Hemelektronikinstallatörerna i Karlstad AB,HEI Hemelektronikinstallatörerna i Karlstad AB,Hemelektronik,Reparatörer,Reparatörer,Värmland,Karlstad,Karlstad,653 36,Gräsdalsgatan 8,5362000,2025-12,sweet_spot,true,3,,,,,,https://www.allabolag.se/foretag/hei-hemelektronikinstallatorerna-i-karlstad-ab/karlstad/-/2K30LYGI63IK7,not_found,,hitta_orgnr:hitta_no_url_found | hitta_name:hitta_no_next_data | mojeek_candidates:12 | mojeek_no_name_match | ddg_failed:Client network socket disconnected before secure TLS connection was established,,,,,,,,,,,,,,,,,,,,,,,,
556477-1334,Puff AB,Puff Aktiebolag,Leksaker,"Branschorganisationer, näringslivsorganisationer","Branschorganisationer, näringslivsorganisationer; Privat tjänsteutövning",Skåne,Höör,Höör,243 93,Pumpvägen 4,5342000,2025-03,sweet_spot,true,1,,+46 70 557 55 05; +46 40 47 55 05,info@puff.se,http://www.puff.se,http://www.puff.se,https://www.allabolag.se/foretag/puff-ab/hoor/-/2K14D1II5YD8A,already_present,,,puff.se,info@puff.se,https://www.puff.se/kontakta-oss,browser,no,sampled_1,,main@https://www.puff.se/:samplingRan(sampled=1) | sampleURL@https://puff.se/search:status=200,,,,,,,,,,,,no,,0,not_webshop,
556102-3945,Skyltpoolen Region Väst Aktiebolag,Skyltpoolen Region Väst Aktiebolag,Hälsokost,"Metaller, legeringar","Metaller, legeringar; Metaller, legeringar - Produktion; Producenter; Byggmästare; Gummi och plastprodukter - tillverkning; Elmateriel; Grossister",Västra Götaland,Göteborg,Göteborg,417 55,Bror Nilssons Gata 8,5336000,2024-12,sweet_spot,true,4,,031517555,,,,https://www.allabolag.se/foretag/skyltpoolen-region-vast-aktiebolag/goteborg/-/2JYW1JDI5YGAN,not_found,,hitta_orgnr:hitta_no_url_found | hitta_name:hitta_no_next_data | mojeek_candidates:12 | mojeek_no_name_match | ddg_failed:Client network socket disconnected before secure TLS connection was established,,,,,,,,,,,,,,,,,,,,,,,,
556562-5729,Solblomman Mode Aktiebolag,Solblomman Mode Aktiebolag,Mode,Konfektion,"Konfektion; Butikshandel; Detaljhandel; Kläder, skor",Dalarna,Leksand,Leksand,793 30,Norsgatan 19,5287000,2024-12,sweet_spot,true,3,,024712900,,,http://www.solblommanmode.se/,https://www.allabolag.se/foretag/solblomman-mode-aktiebolag/leksand/-/2K1MOAPI63II4,hitta_orgnr,high,hitta_orgnr:hitta_detail | hitta_orgnr:https://www.hitta.se/solblomman-mode-ab/borl%C3%A4nge/mtxjjpsyz | hitta_orgnr:orgnr_match | hitta_orgnr:url_in_own_segment,solblommanmode.se,,https://solblommanmode.se,browser,no,,,,,,,,,,,,,,,no,,0,unreachable_or_parked,net::ERR_CONNECTION_CLOSED at https://solblommanmode.se | method:browser
556492-3968,Knulp Sko Aktiebolag,Knulp Sko Aktiebolag,Skor,Skor,"Skor - detaljister; Detaljhandel; Butikshandel; Kläder, skor; Skor; Skor och tillbehör - produktion; Producenter",Stockholm,Stockholm,Stockholm,111 22,Kungsgatan 53,5254000,2024-12,sweet_spot,true,2,,08210769,,,,https://www.allabolag.se/foretag/knulp-sko-aktiebolag/stockholm/-/2K17MTCI5YHGY,not_found,,hitta_orgnr:hitta_no_url_found | hitta_name:hitta_no_url_found | mojeek_candidates:12 | mojeek_no_name_match | ddg_failed:Client network socket disconnected before secure TLS connection was established,,,,,,,,,,,,,,,,,,,,,,,,
556816-5723,Smyckestudion i Degerfors AB,Smyckestudion i Degerfors AB,Smycken,"Guld, silver, ädelstenar","Guld, silver, ädelstenar; Producenter; Agenturhandel-övrig; Agenturer",Örebro,Karlskoga,Karlskoga,691 31,Bergsmansgatan 7 b,5222000,2024-12,sweet_spot,true,2,,,,,http://www.smyckestudion.se/,https://www.allabolag.se/foretag/smyckestudion-i-degerfors-ab/karlskoga/-/2K35463I5YEJN,hitta_orgnr,high,hitta_orgnr:hitta_detail | hitta_orgnr:https://www.hitta.se/smyckestudion+i+degerfors+ab/karlskoga/ccguuzzh | hitta_orgnr:orgnr_match | hitta_orgnr:url_in_own_segment,smyckestudion.se,smyckestudion@gmail.com; m.smyckestudion@gmail.com,https://www.smyckestudion.se/contact-5,browser,no,,,,,,,,,,,,,,,no,,0,not_webshop,
556942-7106,Skomakeriet Hans Petersson,Skomakeriet Hans Petersson AB,Skor,Skor,Skor; Läder och lädervaror; Reparatörer; Konfektion; Kläder; Grossister,Jönköping,Värnamo,Värnamo,331 54,Apelsinvägen 18,5175000,2025-08,sweet_spot,true,2,,,,,https://skomakeriet.nu/,https://www.allabolag.se/foretag/skomakeriet-hans-petersson-ab/varnamo/-/2K3W5GII5YHGY,hitta_orgnr,high,hitta_orgnr:hitta_detail | hitta_orgnr:https://www.hitta.se/skomakeriet-hans-petersson-ab/v%C3%A4rnamo/ccsvzflop | hitta_orgnr:orgnr_match | hitta_orgnr:url_in_own_segment,skomakeriet.nu,info@skomakeriet.nu,https://skomakeriet.nu,browser,yes,checkout_provider; cart; product_cards; priced_cards; provider:woocommerce,woocommerce,main@https://skomakeriet.nu/:hasCart(urlPath:/cart) | main@https://skomakeriet.nu/:pricedCards(multiPrices) | main@https://skomakeriet.nu/:providers(woocommerce) | main@https://skomakeriet.nu/:productCards(60) | DECISION@main@https://skomakeriet.nu/,17,5,27,66,80,100,0,5,47,80,60,no,,72,"is_webshop, platform:woocommerce, catalog_small, seo_gap_moderate, missing_meta_desc, has_email",sitemap:17_products_from_13_sitemaps | seo_sampled:5 gap:60
556476-5971,Irenes Hälsokost AB,Irenes Hälsokost AB,Hälsokost,Livsmedel,"Livsmedel; Hälsokost, naturläkemedel; Detaljhandel; Butikshandel",Värmland,Eda,Charlottenberg,673 32,Helga Görlins Gata 1,5154000,2024-12,sweet_spot,true,2,,+46 570 136 35; +46 921 36 03 29; +46 243 22 91 95,,,http://www.halsokraft.se,https://www.allabolag.se/foretag/irenes-halsokost-ab/eda/-/2K2HPJ2I5YFWD,hitta_orgnr,high,hitta_orgnr:hitta_detail | hitta_orgnr:https://www.hitta.se/irenes+h%C3%A4lsokost+ab/charlottenberg/npquemmgo | hitta_orgnr:orgnr_match | hitta_orgnr:url_in_own_segment,halsokraft.se,info@halsokraft.se; arvika@halsokraft.se; boden@halsokraft.se,https://halsokraft.se,static,yes,checkout_provider; cart; product_cards; priced_cards; provider:klarna; provider:jetshop,"klarna,jetshop","static@https://halsokraft.se:hasCart(uiPhrase) | static@https://halsokraft.se:pricedCards(multiPrices) | static@https://halsokraft.se:providers(klarna,jetshop) | static@https://halsokraft.se:productCards(34) | DECISION@static@https://halsokraft.se",,,,,,,,,,,,no,,41,"is_webshop, platform:klarna,jetshop, has_email, has_orgnr",dom_fallback:0_urls
556954-5857,Toro Färg & Heminredning AB,Toro Färg & Heminredning AB,Heminredning,"Färger, lacker, tapeter","Färger, lacker, tapeter; Detaljhandel; Butikshandel; Möbler, inredning, kök- och belysningsutrustning",Västra Götaland,Tidaholm,Tidaholm,522 30,Skogsholmsvägen 3,5136000,2025-12,sweet_spot,true,3,,,,,,https://www.allabolag.se/foretag/toro-farg-och-heminredning-ab/tidaholm/-/2K3YP35I5YE61,not_found,,hitta_orgnr:hitta_no_url_found | hitta_name:hitta_no_next_data | mojeek_failed:HTTP 403 for https://www.mojeek.com/search?q=Toro%20F%C3%A4rg%20%26%20Heminredning%20AB%20hemsida | ddg_failed:Client network socket disconnected before secure TLS connection was established,,,,,,,,,,,,,,,,,,,,,,,,
559515-6885,Svenska Skalhus AB,Svenska Skalhus AB,Mode,Trävaror - produktion,Trävaror - produktion; Byggmästare; Trävaror; Producenter,,,,,,5111000,2025-12,sweet_spot,true,0,,010-650 00 93,kontakt@svenskaskalhus.se,https://svenskaskalhus.se/,https://svenskaskalhus.se/,https://www.allabolag.se/foretag/svenska-skalhus-ab/-/-/2KJ7MOLI63IL3,already_present,,,svenskaskalhus.se,kontakt@svenskaskalhus.se,https://svenskaskalhus.se,static,yes,checkout; product_cards; priced_cards,,static@https://svenskaskalhus.se:hasCheckout(urlPath:/bestallning) | static@https://svenskaskalhus.se:pricedCards(multiPrices) | static@https://svenskaskalhus.se:productCards(3) | DECISION@static@https://svenskaskalhus.se,1,1,53,38,0,0,0,91,546,100,12,no,,39,"is_webshop, seo_gap_low, has_email, has_orgnr",dom_fallback:1_urls | seo_sampled:1 gap:12
556800-6992,Geovektor Aktiebolag,Geovektor Aktiebolag,Trädgård,"Mätinstrument, testutrustningar","Mätinstrument, testutrustningar; Trädgårdsanläggningar; Konsulter; Teknikkonsulter; Uthyrning; Lantbruksmaskiner, förnödenheter; Parkanläggningar",,,,,,5107000,2024-12,sweet_spot,true,2,,08-56021088,,,http://www.geovektor.se/,https://www.allabolag.se/foretag/geovektor-aktiebolag/-/-/2K31POWI5YGJ4,hitta_orgnr,high,hitta_orgnr:hitta_detail | hitta_orgnr:https://www.hitta.se/geovektor+ab/eker%C3%B6/mtvicmqrs | hitta_orgnr:orgnr_match | hitta_orgnr:url_in_own_segment,geovektor.se,,https://geovektor.se,browser,no,,,,,,,,,,,,,,,no,,0,unreachable_or_parked,net::ERR_BLOCKED_BY_CLIENT at https://geovektor.se | method:browser
556725-6275,Almén Cosmetic Group AB,Almén Cosmetic Group AB,Kosmetika,"Kemikalier, industrikemikalier - tillverkning","Kemikalier, industrikemikalier - tillverkning; Kemikalier, industrikemikalier; Producenter; Kosmetik, parfym och frisörartiklar; Kosmetik - tillverkare och grossister; Grossister",Halland,Halmstad,Halmstad,302 41,Olofsdalsvägen 27,24862000,2025-08,in_band,true,21,,03535525,,,,https://www.allabolag.se/foretag/alm-n-cosmetic-group-ab/halmstad/-/2K2LMFNI63IHZ,not_found,,hitta_orgnr:hitta_no_url_found | hitta_name:hitta_no_next_data | mojeek_failed:HTTP 403 for https://www.mojeek.com/search?q=Alm%C3%A9n%20Cosmetic%20Group%20AB%20hemsida | ddg_failed:Client network socket disconnected before secure TLS connection was established,,,,,,,,,,,,,,,,,,,,,,,,
556634-4767,R.A Trädgård & Markservice AB,R.A Trädgård & Markservice AB,Trädgård,Trädgårdsanläggningar,Trädgårdsanläggningar; Parkanläggningar; Uthyrning; Arbetskraftstjänster; Fastighetsförvaltning,Stockholm,Haninge,HANDEN,13644,Hantverkarvägen 33,24862000,2025-04,in_band,true,27,,08-7760099,info@ratradgard.se,https://www.ratradgard.se,https://www.ratradgard.se,https://www.allabolag.se/foretag/r-a-tradgard-och-markservice-ab/haninge/-/2K2233ZI5YI51,already_present,,,ratradgard.se,,https://ratradgard.se,browser,no,,,,,,,,,,,,,,,no,,0,unreachable_or_parked,net::ERR_CONNECTION_CLOSED at https://ratradgard.se | method:browser
556265-6636,Broby Industrial Models Integritetspolicy,BROBY INDUSTRIAL MODELS AB,Mode,Mekaniska verkstäder,Mekaniska verkstäder; Verktyg och redskap; Verktyg och redskap - tillverkning; Producenter,Skåne,Östra Göinge,Broby,289 42,Verkstadsgatan 14,24816000,2025-12,in_band,true,16,,+46 44 456 80; +46 76 175 56 92; +46 76 175 56 99,info@brobymodell.se,https://brobymodell.se/,https://brobymodell.se/,https://www.allabolag.se/foretag/broby-modellindustri-aktiebolag/ostra-goinge/-/2JZV1BWI5YG9P,already_present,,,brobymodell.se,info@brobyindustrial.se; marcus.lomming@brobyindustrial.se,https://brobyindustrial.se/about,browser,yes,checkout_provider; provider:woocommerce,woocommerce,main@https://brobyindustrial.se/:providers(woocommerce) | contact_like@https://brobyindustrial.se/kontakt/:providers(woocommerce) | contact_like@https://brobyindustrial.se/contact-classic/:providers(woocommerce) | DECISION@contact_like@https://brobyindustrial.se/contact-classic/ | contact_like@https://brobyindustrial.se/about-me/:providers(woocommerce) | DECISION@contact_like@https://brobyindustrial.se/about-me/,,,,,,,,,,,,no,,38,"is_webshop, platform:woocommerce, has_email",dom_fallback:0_urls
559151-7353,VLP Bygg och Markentreprenad,VLP Bygg & Markentreprenad AB,Trädgård,"Markentreprenörer, anläggningsentreprenörer","Markentreprenörer, anläggningsentreprenörer; Byggmästare; Parkanläggningar; Jordbruk; Jordbruk - odling och djurhållning; Teknisk provning och analys; Facklig, vetenskaplig och teknisk verksamhet",,,,,,24778000,2025-07,in_band,true,25,,+46 73 743 65 32; +46 73 407 21 38; +46 72 170 02 10,post@vlpent.se,https://www.vlpent.se/,https://www.vlpent.se/,https://www.allabolag.se/foretag/vlp-bygg-och-markentreprenad-ab/-/-/2KH1MEHI5YG4F,already_present,,,vlpent.se,lars-peter@vlpent.se; veronica@vlpent.se; mia@vlpent.se,https://www.vlpent.se/kundtjanst,browser,no,,,,,,,,,,,,,,,no,,5,has_identity,
556244-0544,Actor Produktion Aktiebolag,Actor Produktion Aktiebolag,Kosmetika,"Kosmetik, parfym och frisörartiklar","Kosmetik, parfym och frisörartiklar; Kosmetik - tillverkare och grossister; Grossister; Hudvårdsprodukter",Stockholm,Stockholm,Stockholm,120 63,Hammarby Allé 87,24719000,2025-04,in_band,true,15,,,,,,https://www.allabolag.se/foretag/actor-produktion-aktiebolag/stockholm/-/2JZQELCI63IIB,not_found,,hitta_orgnr:hitta_no_url_found | hitta_name:hitta_no_url_found | mojeek_failed:HTTP 403 for https://www.mojeek.com/search?q=Actor%20Produktion%20Aktiebolag%20hemsida | ddg_failed:Client network socket disconnected before secure TLS connection was established,,,,,,,,,,,,,,,,,,,,,,,,
556427-6730,SC Johnson Professional AB,SC Johnson Professional AB,Kosmetika,"Kosmetik, parfym och frisörartiklar","Kosmetik, parfym och frisörartiklar; Kosmetik - tillverkare och grossister; Grossister",Stockholm,Stockholm,Stockholm,120 30,Textilgatan 31,24662000,2025-06,in_band,true,5,,031165050,,,,https://www.allabolag.se/foretag/sc-johnson-professional-ab/stockholm/-/2K0TREII63IIB,not_found,,hitta_orgnr:hitta_no_url_found | hitta_name:hitta_no_next_data | mojeek_failed:HTTP 403 for https://www.mojeek.com/search?q=SC%20Johnson%20Professional%20AB%20hemsida | ddg_failed:Client network socket disconnected before secure TLS connection was established,,,,,,,,,,,,,,,,,,,,,,,,
556934-8591,JHN Sport,JHN Trading AB,Kläder,Kläder,Kläder; Detaljhandel - annat; Detaljhandel; Postorder/e-handel,Västmanland,Västerås,Skultuna,726 30,Tibblevägen 21,24626000,2025-05,in_band,true,4,,02170035,info@jhnsport.se,https://www.jhnsport.se/,https://www.jhnsport.se/,https://www.allabolag.se/foretag/jhn-sport/vasteras/-/2K3UGVJI5YEZD,already_present,,,jhnsport.se,info@jhnsport.se,https://www.jhnsport.se/pages/contact,browser,yes,checkout_provider; cart; checkout; product_cards; priced_cards; provider:shopify,shopify,main@https://www.jhnsport.se/:hasCheckout(urlPath:/checkout) | main@https://www.jhnsport.se/:hasCart(urlPath:/cart) | main@https://www.jhnsport.se/:providers(shopify) | main@https://www.jhnsport.se/:productCards(200) | DECISION@main@https://www.jhnsport.se/ | contact_like@https://www.jhnsport.se/products/sverige-t-shirt-gul-bla-supportertroja-infor-fotbolls-vm:hasCheckout(urlPath:/checkout) | contact_like@https://www.jhnsport.se/products/sverige-t-shirt-gul-bla-supportertroja-infor-fotbolls-vm:hasCart(urlPath:/cart) | contact_like@https://www.jhnsport.se/products/sverige-t-shirt-gul-bla-supportertroja-infor-fotbolls-vm:pricedCards(multiPrices) | contact_like@https://www.jhnsport.se/products/sverige-t-shirt-gul-bla-supportertroja-infor-fotbolls-vm:providers(shopify) | contact_like@https://www.jhnsport.se/products/sverige-t-shirt-gul-bla-supportertroja-infor-fotbolls-vm:productCards(95) | DECISION@contact_like@https://www.jhnsport.se/products/sverige-t-shirt-gul-bla-supportertroja-infor-fotbolls-vm | contact_like@https://www.jhnsport.se/pages/contact:hasCheckout(urlPath:/checkout) | contact_like@https://www.jhnsport.se/pages/contact:hasCart(uiPhrase) | contact_like@https://www.jhnsport.se/pages/contact:providers(shopify) | contact_like@https://www.jhnsport.se/pages/contact:productCards(67) | DECISION@contact_like@https://www.jhnsport.se/pages/contact,80,5,57,144,0,0,0,89,23,100,10,no,,61,"is_webshop, platform:shopify, catalog_50plus, seo_gap_low, thin_product_copy, has_email, has_orgnr",sitemap:80_products_from_2_sitemaps | seo_sampled:5 gap:10
559154-0447,MM Skincare AB,MM Skincare AB,Kosmetika,"Kosmetik, parfym och frisörartiklar","Kosmetik, parfym och frisörartiklar; Kosmetik - tillverkare och grossister; Grossister",Stockholm,Ekerö,Ekerö,178 31,Bryggavägen 133,24559000,2025-04,in_band,true,10,,,,,,https://www.allabolag.se/foretag/mm-skincare-ab/ekero/-/2KH247ZI63IIB,not_found,,hitta_orgnr:hitta_no_url_found | hitta_name:hitta_no_next_data | mojeek_failed:HTTP 403 for https://www.mojeek.com/search?q=MM%20Skincare%20AB%20hemsida | ddg_failed:Client network socket disconnected before secure TLS connection was established,,,,,,,,,,,,,,,,,,,,,,,,
556660-5274,Vision Haircare AB,Vision Haircare AB,Kosmetika,"Kosmetik, parfym och frisörartiklar","Kosmetik, parfym och frisörartiklar; Kosmetik - tillverkare och grossister; Grossister",Halland,Varberg,Varberg,432 32,Batterivägen 3,24557000,2025-08,in_band,true,7,,,,,,https://www.allabolag.se/foretag/vision-haircare-ab/varberg/-/2K27O4AI63IIB,not_found,,hitta_orgnr:hitta_no_url_found | hitta_name:hitta_no_next_data | mojeek_failed:HTTP 403 for https://www.mojeek.com/search?q=Vision%20Haircare%20AB%20hemsida | ddg_failed:Client network socket disconnected before secure TLS connection was established,,,,,,,,,,,,,,,,,,,,,,,,
556345-3421,Leksakshuset i Arboga Aktiebolag,Leksakshuset i Arboga Aktiebolag,Leksaker,"Spel, nöjesanläggningsutrustningar","Spel, nöjesanläggningsutrustningar; Butikshandel; Detaljhandel",Västmanland,Köping,Köping,731 30,Stora Gatan 12,24180000,2025-08,in_band,true,7,,022171420,,,,https://www.allabolag.se/foretag/leksakshuset-i-arboga-aktiebolag/koping/-/2K0C44TI5YHPS,not_found,,hitta_orgnr:hitta_no_url_found | hitta_name:hitta_no_next_data | mojeek_failed:HTTP 403 for https://www.mojeek.com/search?q=Leksakshuset%20i%20Arboga%20Aktiebolag%20hemsida | ddg_failed:Client network socket disconnected before secure TLS connection was established,,,,,,,,,,,,,,,,,,,,,,,,
556586-4260,Trädgård & Anläggning I Sundsvall Aktiebolag,Trädgård & Anläggning I Sundsvall Aktiebolag,Trädgård,Entreprenörer,Entreprenörer; Byggmästare; Parkanläggningar,Västernorrland,Sundsvall,Sundsvall,857 52,Tvåspannsvägen 6,24155000,2024-12,in_band,true,35,,,,,,https://www.allabolag.se/foretag/tradgard-och-anlaggning-i-sundsvall-aktiebolag/sundsvall/-/2K1RSCKI63IFX,not_found,,hitta_orgnr:hitta_no_url_found | hitta_name:hitta_no_url_found | mojeek_failed:HTTP 403 for https://www.mojeek.com/search?q=Tr%C3%A4dg%C3%A5rd%20%26%20Anl%C3%A4ggning%20I%20Sundsvall%20Aktiebolag%20hemsida | ddg_failed:Client network socket disconnected before secure TLS connection was established,,,,,,,,,,,,,,,,,,,,,,,,
556725-4940,Andrésens Skog & Trädgård AB,Andrésens Skog & Trädgård AB,Trädgård,Virke och byggvaror,Virke och byggvaror; Detaljhandel; Butikshandel,Västra Götaland,Tanum,Tanumshede,457 91,Knäm 52,24142000,2025-08,in_band,true,4,,,,,,https://www.allabolag.se/foretag/andr-sens-skog-och-tradgard-ab/tanum/-/2K2LLEKI63IUI,not_found,,hitta_orgnr:hitta_no_url_found | hitta_name:hitta_no_next_data | mojeek_failed:HTTP 403 for https://www.mojeek.com/search?q=Andr%C3%A9sens%20Skog%20%26%20Tr%C3%A4dg%C3%A5rd%20AB%20hemsida | ddg_failed:Client network socket disconnected before secure TLS connection was established,,,,,,,,,,,,,,,,,,,,,,,,
556998-1367,Vansta Trädgård Scandinavia AB,Vansta Trädgård Scandinavia AB,Trädgård,"Metaller, legeringar","Metaller, legeringar; Metaller, legeringar - Produktion; Producenter",Stockholm,Stockholm,Stockholm,113 40,Rörstrandsgatan 44,24079000,2024-12,in_band,true,6,,+46 8 520 274 80,,,http://www.vanstatradgard.se/,https://www.allabolag.se/foretag/vansta-tradgard-scandinavia-ab/stockholm/-/2K4814NI5YGAN,hitta_orgnr,high,hitta_orgnr:hitta_detail | hitta_orgnr:https://www.hitta.se/vansta+tr%C3%A4dg%C3%A5rd+scandinavia+ab/stockholm/lnryicryz | hitta_orgnr:orgnr_match | hitta_orgnr:url_in_own_segment,vanstatradgard.se,info@vanstatradgard.se; annette@vanstatradgard.se,https://vanstatradgard.se/pages/kontakt,browser,yes,checkout_provider; cart; checkout; product_cards; priced_cards; provider:shopify,shopify,main@https://vanstatradgard.se/:hasCheckout(urlPath:/checkout) | main@https://vanstatradgard.se/:hasCart(urlPath:/cart) | main@https://vanstatradgard.se/:providers(shopify) | DECISION@main@https://vanstatradgard.se/ | contact_like@https://vanstatradgard.se/pages/om-oss:hasCheckout(urlPath:/checkout) | contact_like@https://vanstatradgard.se/pages/om-oss:hasCart(urlPath:/cart) | contact_like@https://vanstatradgard.se/pages/om-oss:pricedCards(priceMicrodata) | contact_like@https://vanstatradgard.se/pages/om-oss:providers(shopify) | contact_like@https://vanstatradgard.se/pages/om-oss:productCards(10) | DECISION@contact_like@https://vanstatradgard.se/pages/om-oss | contact_like@https://vanstatradgard.se/pages/kontakt:hasCheckout(urlPath:/checkout) | contact_like@https://vanstatradgard.se/pages/kontakt:hasCart(urlPath:/cart) | contact_like@https://vanstatradgard.se/pages/kontakt:pricedCards(priceMicrodata) | contact_like@https://vanstatradgard.se/pages/kontakt:providers(shopify) | contact_like@https://vanstatradgard.se/pages/kontakt:productCards(24) | DECISION@contact_like@https://vanstatradgard.se/pages/kontakt,80,5,67,177,0,0,0,85,204,100,15,no,,61,"is_webshop, platform:shopify, catalog_50plus, seo_gap_low, has_email",sitemap:80_products_from_2_sitemaps | seo_sampled:5 gap:15
556469-4981,Cansocks AB,Cansocks AB,Skor,Skor,Konfektion; Kläder - produktion; Producenter; Skor; Skor och tillbehör - produktion,Västra Götaland,Borås,Dalsjöfors,516 31,Stationsvägen 2,24062000,2024-12,in_band,true,15,,,,,,https://www.allabolag.se/foretag/cansocks-ab/boras/-/2K12Q4LI5YHGY,not_found,,hitta_orgnr:hitta_no_url_found | hitta_name:hitta_no_next_data | mojeek_failed:HTTP 403 for https://www.mojeek.com/search?q=Cansocks%20AB%20hemsida | ddg_failed:Client network socket disconnected before secure TLS connection was established,,,,,,,,,,,,,,,,,,,,,,,,
556686-7080,Kabbarps Trädgård,Kabbarps Trädgård AB,Trädgård,Jordbruk,Jordbruk; Jordbruk - odling,Skåne,Burlöv,Åkarp,232 52,Kabbarps Smedjeväg 37,23878000,2024-12,in_band,true,15,,+46 40 46 03 93; +46 11 020 25; +46 20 520 24,,,https://www.kabbarp.se/,https://www.allabolag.se/foretag/kabbarps-tradgard-ab/burlov/-/2K2DA4OI63IHJ,hitta_orgnr,high,hitta_orgnr:hitta_detail | hitta_orgnr:https://www.hitta.se/kabbarps+tr%C3%A4dg%C3%A5rd+ab/%C3%A5karp/cmqsehhlc | hitta_orgnr:orgnr_match | hitta_orgnr:url_in_own_segment,kabbarp.se,info@kabbarp.se,https://www.kabbarp.se/om-oss,browser,no,product_cards,,main@https://www.kabbarp.se/:productCards(2) | main@https://www.kabbarp.se/:samplingRan(sampled=0),,,,,,,,,,,,no,,5,has_identity,
556644-1316,Leksaksaffären i Skellefteå AB,Leksaksaffären i Skellefteå AB,Leksaker,"Spel, nöjesanläggningsutrustningar","Spel, nöjesanläggningsutrustningar; Butikshandel; Detaljhandel",Västerbotten,Skellefteå,Skellefteå,931 31,Nygatan 50,23855000,2025-04,in_band,true,10,,+46 36 644 79,,,https://www.lekia.se/,https://www.allabolag.se/foretag/leksaksaffaren-i-skelleftea-ab/skelleftea/-/2K245LWI5YHPS,hitta_orgnr,high,hitta_orgnr:hitta_detail | hitta_orgnr:https://www.hitta.se/lekia/skellefte%C3%A5/aqxzhgptu | hitta_orgnr:orgnr_match | hitta_orgnr:url_in_own_segment,lekia.se,sunny@lekia.com; olivia@untitledui.com,https://www.lekia.se/om-oss,browser,yes,cart; checkout; product_cards; priced_cards,,main@https://www.lekia.se/:hasCheckout(urlPath:/kassa) | main@https://www.lekia.se/:hasCart(uiPhrase) | main@https://www.lekia.se/:pricedCards(multiPrices) | main@https://www.lekia.se/:productCards(188) | DECISION@main@https://www.lekia.se/ | contact_like@https://www.lekia.se/om-lekia:hasCheckout(urlPath:/kassa) | contact_like@https://www.lekia.se/om-lekia:hasCart(uiPhrase) | DECISION@contact_like@https://www.lekia.se/om-lekia,,,,,,,,,,,,no,,30,"is_webshop, has_email",dom_fallback:0_urls
556661-8392,MK Trädgård AB,Micke & Kent Trädgård Aktiebolag,Trädgård,Trädgårdsanläggningar,Trädgårdsanläggningar; Parkanläggningar,Stockholm,Sollentuna,SOLLENTUNA,191 24,Fridshyddevägen 2,23847000,2025-06,in_band,true,16,,08-358240,info@mktradgard.se,http://www.mktradgard.se,http://www.mktradgard.se,https://www.allabolag.se/foretag/mk-tradgard-ab/sollentuna/-/2K27Y8OI5YI51,already_present,,,mktradgard.se,,https://mktradgard.se,browser,no,,,,,,,,,,,,,,,no,,0,unreachable_or_parked,net::ERR_CONNECTION_CLOSED at https://mktradgard.se | method:browser
556439-4558,Erik Nordins Eftr. Cykel & Sport AB,Erik Nordins Eftr. Cykel & Sport Aktiebolag,Sport,Sport,Sport; Detaljhandel; Butikshandel,Örebro,Örebro,Örebro,703 83,Stångjärnsgatan 12,23842000,2024-12,in_band,true,7,,+46 19 25 11 11,info@eriknordins.se,https://www.eriknordins.se/,https://www.eriknordins.se/,https://www.allabolag.se/foretag/erik-nordins-eftr-cykel-och-sport-ab/orebro/-/2K0WABII5YHR6,already_present,,,eriknordins.se,info@eriknordins.se; verkstad@eriknordins.se,https://www.eriknordins.se/om-oss,browser,no,checkout,,main@https://www.eriknordins.se/:hasCheckout(urlPath:/checkout) | main@https://www.eriknordins.se/:samplingRan(sampled=0) | contact_like@https://www.eriknordins.se/sv/om-oss:hasCheckout(urlPath:/checkout),,,,,,,,,,,,no,,0,not_webshop,
559218-1274,Värnamo Skog & Trädgård AB,Värnamo Skog & Trädgård AB,Trädgård,Järnvaror,Järnvaror; Detaljhandel; Butikshandel,Jönköping,Värnamo,Värnamo,331 53,Vitarörsvägen 2,23820000,2025-02,in_band,true,6,,,,,,https://www.allabolag.se/foretag/varnamo-skog-och-tradgard-ab/varnamo/-/2KHFUOQI5YEU5,not_found,,hitta_orgnr:hitta_no_url_found | hitta_name:hitta_no_next_data | mojeek_failed:HTTP 403 for https://www.mojeek.com/search?q=V%C3%A4rnamo%20Skog%20%26%20Tr%C3%A4dg%C3%A5rd%20AB%20hemsida | ddg_failed:Client network socket disconnected before secure TLS connection was established,,,,,,,,,,,,,,,,,,,,,,,,
559039-1099,Emengo International AB,Emengo International AB,Kosmetika,Livsmedel,"Livsmedel; Livsmedel - agenturer och grossister; Grossister; Kosmetik, parfym och frisörartiklar; Kosmetik - tillverkare och grossister; Detaljhandel - annat; Detaljhandel; Postorder/e-handel",Kronoberg,Växjö,Växjö,352 64,Tycho Brahes Väg 4,23394000,2024-12,in_band,true,3,,,,,,https://www.allabolag.se/foretag/emengo-international-ab/vaxjo/-/2KGDHDNI5YFWD,not_found,,hitta_orgnr:hitta_no_url_found | hitta_name:hitta_no_next_data | mojeek_failed:HTTP 403 for https://www.mojeek.com/search?q=Emengo%20International%20AB%20hemsida | ddg_failed:Client network socket disconnected before secure TLS connection was established,,,,,,,,,,,,,,,,,,,,,,,,
559286-0844,Lindbergs Trädgård AB,Lindbergs Trädgård AB,Trädgård,Jordbruk,Jordbruk; Jordbruk - odling,Skåne,Malmö,Oxie,238 41,Råvägen 30,23368000,2024-12,in_band,true,5,,,,,,https://www.allabolag.se/foretag/lindbergs-tradgard-ab/malmo/-/2KHUF1OI63IHJ,not_found,,hitta_orgnr:hitta_no_url_found | hitta_name:hitta_no_next_data | mojeek_failed:HTTP 403 for https://www.mojeek.com/search?q=Lindbergs%20Tr%C3%A4dg%C3%A5rd%20AB%20hemsida | ddg_failed:Client network socket disconnected before secure TLS connection was established,,,,,,,,,,,,,,,,,,,,,,,,
556460-9427,Anders och Patriks Leksaker AB,Anders och Patriks Leksaker AB,Leksaker,"Spel, nöjesanläggningsutrustningar","Spel, nöjesanläggningsutrustningar; Butikshandel; Detaljhandel; Detaljhandel - annat; Butikshandel -övrigt",Västra Götaland,Uddevalla,Uddevalla,451 76,Torp 72 Torp Köpcentrum,23093000,2024-12,in_band,true,7,,+46 36 644 79,,,https://www.lekia.se/butiker/uddevalla-torp-lekia-och-babya,https://www.allabolag.se/foretag/anders-och-patriks-leksaker-ab/uddevalla/-/2K10W43I5YHPS,hitta_orgnr,high,hitta_orgnr:hitta_detail | hitta_orgnr:https://www.hitta.se/lekia-uddevalla/uddevalla/kntddfhk | hitta_orgnr:orgnr_match | hitta_orgnr:url_in_own_segment,lekia.se,sunny@lekia.com; olivia@untitledui.com,https://www.lekia.se/om-oss,browser,yes,cart; checkout; product_cards; priced_cards,,main@https://www.lekia.se/:hasCheckout(urlPath:/kassa) | main@https://www.lekia.se/:hasCart(uiPhrase) | main@https://www.lekia.se/:pricedCards(multiPrices) | main@https://www.lekia.se/:productCards(188) | DECISION@main@https://www.lekia.se/ | contact_like@https://www.lekia.se/om-lekia:hasCheckout(urlPath:/kassa) | contact_like@https://www.lekia.se/om-lekia:hasCart(uiPhrase) | DECISION@contact_like@https://www.lekia.se/om-lekia,,,,,,,,,,,,no,,30,"is_webshop, has_email",dom_fallback:0_urls
559183-9377,Macken Burlöv AB,Macken Burlöv AB,Smycken,Livsmedel,Livsmedel; Butikshandel,Skåne,Burlöv,Arlöv,232 35,Arlövsvägen 36,23057000,2024-12,in_band,true,10,,,,,,https://www.allabolag.se/foretag/macken-burlov-ab/burlov/-/2KH8IVLI5YFWD,not_found,,hitta_orgnr:hitta_no_url_found | hitta_name:hitta_no_next_data | mojeek_failed:HTTP 403 for https://www.mojeek.com/search?q=Macken%20Burl%C3%B6v%20AB%20hemsida | ddg_failed:Client network socket disconnected before secure TLS connection was established,,,,,,,,,,,,,,,,,,,,,,,,
556083-0381,Aktiebolaget C.R. Malms Trädgårdsanläggningar,Aktiebolaget C.R. Malms Trädgårdsanläggningar,Trädgård,Byggmästare,Byggmästare; Jordbruk; Jordbruk - andra tjänster,Stockholm,Järfälla,Järfälla,177 41,Åkervägen 10,22785000,2024-08,in_band,true,13,,,,,,https://www.allabolag.se/foretag/aktiebolaget-c-r-malms-tradgardsanlaggningar/jarfalla/-/2JYRW6LI5YDDT,not_found,,hitta_orgnr:hitta_no_url_found | hitta_name:hitta_no_next_data | mojeek_failed:HTTP 403 for https://www.mojeek.com/search?q=Aktiebolaget%20C.R.%20Malms%20Tr%C3%A4dg%C3%A5rdsanl%C3%A4ggningar%20hemsida | ddg_failed:Client network socket disconnected before secure TLS connection was established,,,,,,,,,,,,,,,,,,,,,,,,
556738-9126,Mediconline Sverige AB,Mediconline Sverige AB,Kosmetika,"Kosmetik, parfym och frisörartiklar","Kosmetik, parfym och frisörartiklar; Kosmetik - tillverkare och grossister; Grossister; Apoteksvaror, läkemedel - Partihandel; Apoteksvaror, läkemedel - Distribution",,,,,,22608000,2024-12,in_band,true,7,,,info@mediconline.se,https://www.mediconline.se/,https://www.mediconline.se/,https://www.allabolag.se/foretag/mediconline-sverige-ab/-/-/2K2OGXYI63IIB,already_present,,,mediconline.se,info@mediconline.se; richard@mediconline.se,https://www.mediconline.se/kontakt,browser,yes,checkout_provider; cart; product_cards; priced_cards; provider:klarna,klarna,main@https://www.mediconline.se/:hasCart(uiPhrase) | main@https://www.mediconline.se/:pricedCards(multiPrices) | main@https://www.mediconline.se/:providers(klarna) | main@https://www.mediconline.se/:productCards(200) | DECISION@main@https://www.mediconline.se/ | contact_like@https://www.mediconline.se/sv/sok/kontakt:hasCart(uiPhrase) | contact_like@https://www.mediconline.se/sv/sok/kontakt:pricedCards(multiPrices) | contact_like@https://www.mediconline.se/sv/sok/kontakt:providers(klarna) | contact_like@https://www.mediconline.se/sv/sok/kontakt:productCards(175) | DECISION@contact_like@https://www.mediconline.se/sv/sok/kontakt,,,,,,,,,,,,no,,41,"is_webshop, platform:klarna, has_email, has_orgnr",dom_fallback:0_urls
559025-5633,Jofrab Skog och Trädgård AB,Jofrab Skog och Trädgård AB,Trädgård,"Lantbruksmaskiner, förnödenheter - grossist","Lantbruksmaskiner, förnödenheter - grossist; Lantbruksmaskiner, förnödenheter; Grossister; Maskinförnödenheter",Jönköping,Tranås,Tranås,573 31,Floragatan 6,22527000,2024-12,in_band,true,7,,,,,,https://www.allabolag.se/foretag/jofrab-skog-och-tradgard-ab/tranas/-/2KGAKUPI63IIH,not_found,,hitta_orgnr:hitta_no_url_found | hitta_name:hitta_no_url_found | mojeek_failed:HTTP 403 for https://www.mojeek.com/search?q=Jofrab%20Skog%20och%20Tr%C3%A4dg%C3%A5rd%20AB%20hemsida | ddg_failed:Client network socket disconnected before secure TLS connection was established,,,,,,,,,,,,,,,,,,,,,,,,
559279-6600,Ingvallstorps Trädgård AB,Ingvallstorps Trädgård AB,Trädgård,"Blommor, växter och tillbehör","Blommor, växter och tillbehör; Detaljhandel; Butikshandel; Jordbruk; Jordbruk - odling; Sport; Jordbruk - odling och djurhållning; Antikviteter",Södermanland,Katrineholm,Katrineholm,641 93,Ingvallstorp 1,22484000,2024-12,in_band,true,19,,,,,,https://www.allabolag.se/foretag/ingvallstorps-tradgard-ab/katrineholm/-/2KHT1H4I63IUK,not_found,,hitta_orgnr:hitta_no_url_found | hitta_name:hitta_no_next_data | mojeek_failed:HTTP 403 for https://www.mojeek.com/search?q=Ingvallstorps%20Tr%C3%A4dg%C3%A5rd%20AB%20hemsida | ddg_failed:Client network socket disconnected before secure TLS connection was established,,,,,,,,,,,,,,,,,,,,,,,,
556603-1570,TrädgårdsAnläggning i Sjuhärad AB,TrädgårdsAnläggning i Sjuhärad AB,Trädgård,Byggmästare,Byggmästare,Västra Götaland,Borås,Borås,506 30,Skaraborgsvägen 35 e,22477000,2024-12,in_band,true,7,,0704960911,,,,https://www.allabolag.se/foretag/tradgardsanlaggning-i-sjuharad-ab/boras/-/2K1VDG2I5YDDT,not_found,,hitta_orgnr:hitta_no_url_found | hitta_name:hitta_no_next_data | mojeek_failed:HTTP 403 for https://www.mojeek.com/search?q=Tr%C3%A4dg%C3%A5rdsAnl%C3%A4ggning%20i%20Sjuh%C3%A4rad%20AB%20hemsida | ddg_failed:Client network socket disconnected before secure TLS connection was established,,,,,,,,,,,,,,,,,,,,,,,,
556684-4691,Grönberg & Partners AB,Grönberg & Partners AB,Kosmetika,"Kosmetik, parfym och frisörartiklar","Kosmetik, parfym och frisörartiklar; Kosmetik - tillverkare och grossister; Grossister",Stockholm,Täby,Täby,187 53,Agronomvägen 2,22359000,2024-12,in_band,true,6,,+46 8 732 36 00,,,http://gronbergpartners.se,https://www.allabolag.se/foretag/gronberg-och-partners-ab/taby/-/2K2CSURI63IIB,hitta_orgnr,high,hitta_orgnr:hitta_detail | hitta_orgnr:https://www.hitta.se/gr%C3%B6nberg+och+partners+ab/t%C3%A4by/fikcrxxja | hitta_orgnr:orgnr_match | hitta_orgnr:url_in_own_segment,gronbergpartners.se,info@gronbergpartners.se,https://gronbergpartners.se,static,yes,cart; product_cards; priced_cards,,static@https://gronbergpartners.se:hasCart(urlPath:/varukorg) | static@https://gronbergpartners.se:pricedCards(multiPrices) | static@https://gronbergpartners.se:productCards(74) | DECISION@static@https://gronbergpartners.se,80,4,53,0,100,0,0,90,118,25,40,no,,65,"is_webshop, catalog_50plus, seo_gap_low, missing_meta_desc, no_product_schema, has_email",sitemap:80_products_from_3_sitemaps | seo_sampled:4 gap:40
556646-4730,Novacos AB,Novacos AB,Kosmetika,"Kosmetik, parfym och frisörartiklar","Kosmetik, parfym och frisörartiklar; Kosmetik - tillverkare och grossister; Grossister",Skåne,Helsingborg,Rydebäck,257 30,Landskronavägen 729,22343000,2024-12,in_band,true,3,,,,,,https://www.allabolag.se/foretag/novacos-ab/helsingborg/-/2K24NOAI63IIB,not_found,,hitta_orgnr:hitta_no_url_found | hitta_name:hitta_no_next_data | mojeek_failed:HTTP 403 for https://www.mojeek.com/search?q=Novacos%20AB%20hemsida | ddg_failed:Client network socket disconnected before secure TLS connection was established,,,,,,,,,,,,,,,,,,,,,,,,
556354-7883,Skinnarnas Blommor och Trädgård AB,Skinnarnas Blommor och Trädgård AB,Trädgård,Jordbruk,"Jordbruk; Jordbruk - odling; Blommor, växter och tillbehör; Detaljhandel; Butikshandel",Kronoberg,Ljungby,Ljungby,341 42,Skinnarevägen 2,22247000,2024-12,in_band,true,11,,+46 372 139 80,,,https://skinnarnas.nu/,https://www.allabolag.se/foretag/skinnarnas-blommor-och-tradgard-ab/ljungby/-/2K0E50RI63IHJ,hitta_orgnr,high,hitta_orgnr:hitta_detail | hitta_orgnr:https://www.hitta.se/skinnarnas-blommor-och-tradgard/ljungby/jkcosxang | hitta_orgnr:orgnr_match | hitta_orgnr:url_in_own_segment,skinnarnas.nu,butik@skinnarna.se,https://skinnarnas.nu,browser,no,,,main@https://skinnarnas.nu/:samplingRan(sampled=0),,,,,,,,,,,,no,,0,not_webshop,
556687-2015,Pole & Position Technology AB,Pole & Position Technology AB,Hudvård,"Kemiska, kemisk-tekniska produkter","Kemiska, kemisk-tekniska produkter; Oljor, oljeprodukter; Skyddsutrustningar; Kemikalier, industrikemikaleier - grossist; Grossister",Jönköping,Gislaved,Smålandsstenar,333 31,Idrottsg. 6,21996000,2024-12,in_band,true,21,,+46 371 380 77,info@p-p.se,http://www.p-p.se,http://www.p-p.se,https://www.allabolag.se/foretag/pole-och-position-technology-ab/gislaved/-/2K2DDXRI5YEY9,already_present,,,p-p.se,info@p-p.se,https://p-p.se/om-oss,browser,no,product_cards; sampled_1,,main@https://p-p.se/:productCards(2) | main@https://p-p.se/:samplingRan(sampled=1) | sampleURL@https://p-p.se/produkter/:status=200 | contact_like@https://p-p.se/om-oss/:productCards(2) | contact_like@https://p-p.se/kontakt/:productCards(2),,,,,,,,,,,,no,,5,has_identity,
556417-7821,Dala Trädgårds Aktiebolag,Dala Trädgårds Aktiebolag,Trädgård,Entreprenörer,Entreprenörer; Byggmästare; Brytning och gruvdrift; Sten,Dalarna,Borlänge,Borlänge,781 73,Tunavägen 284,21910000,2024-12,in_band,true,10,,0243223170,,,,https://www.allabolag.se/foretag/dala-tradgards-aktiebolag/borlange/-/2K0RN31I63IFX,not_found,,hitta_orgnr:hitta_no_url_found | hitta_name:hitta_no_url_found | mojeek_failed:HTTP 403 for https://www.mojeek.com/search?q=Dala%20Tr%C3%A4dg%C3%A5rds%20Aktiebolag%20hemsida | ddg_failed:Client network socket disconnected before secure TLS connection was established,,,,,,,,,,,,,,,,,,,,,,,,
556456-5256,Trädgårds- och Idrottsanläggningsservice i Vaxholm Aktiebolag,Trädgårds- och Idrottsanläggningsservice i Vaxholm Aktiebolag,Trädgård,Parkanläggningar,Parkanläggningar,Stockholm,Vaxholm,Vaxholm,,,21879000,2025-06,in_band,true,10,,+46 70 510 35 78,,,https://www.tiavaxholm.se/,https://www.allabolag.se/foretag/tradgards-och-idrottsanlaggningsservice-i-vaxholm-aktiebolag/vaxholm/-/2K0ZY14I63IJW,hitta_orgnr,high,hitta_orgnr:hitta_detail | hitta_orgnr:https://www.hitta.se/tradgards-och-idrottsanlaggning/vaxholm/jaoxzikop | hitta_orgnr:orgnr_match | hitta_orgnr:url_in_own_segment,tiavaxholm.se,tiavaxholm@outlook.com,https://www.tiavaxholm.se/kontakta-oss,browser,no,checkout,,main@https://www.tiavaxholm.se/:hasCheckout(urlPath:/checkout) | contact_like@https://www.tiavaxholm.se/om-oss:hasCheckout(urlPath:/checkout) | contact_like@https://www.tiavaxholm.se/kontakta-oss:hasCheckout(urlPath:/checkout),,,,,,,,,,,,no,,0,not_webshop,
556673-3407,Mycke Cyklar i Stockholm AB,Mycke Cyklar i Stockholm AB,Smycken,Sport,Sport; Detaljhandel; Butikshandel,Stockholm,Stockholm,Stockholm,116 40,Södermannagatan 46,21761000,2024-12,in_band,true,7,,08360608,,,,https://www.allabolag.se/foretag/mycke-cyklar-i-stockholm-ab/stockholm/-/2K2AEZJI5YHR6,not_found,,hitta_orgnr:hitta_no_url_found | hitta_name:hitta_no_next_data | mojeek_failed:HTTP 403 for https://www.mojeek.com/search?q=Mycke%20Cyklar%20i%20Stockholm%20AB%20hemsida | ddg_failed:Client network socket disconnected before secure TLS connection was established,,,,,,,,,,,,,,,,,,,,,,,,
556800-0441,Leksakshuset i Engelbrektgalleria AB,Leksakshuset i Engelbrektgalleria AB,Leksaker,"Spel, nöjesanläggningsutrustningar","Spel, nöjesanläggningsutrustningar; Butikshandel; Detaljhandel; Detaljhandel - annat; Butikshandel -övrigt",Dalarna,Ludvika,Ludvika,771 30,Storgatan 15,21744000,2025-04,in_band,true,8,,,,,,https://www.allabolag.se/foretag/leksakshuset-i-engelbrektgalleria-ab/ludvika/-/2K31KMXI5YHPS,not_found,,hitta_orgnr:hitta_no_url_found | hitta_name:hitta_no_next_data | mojeek_failed:HTTP 403 for https://www.mojeek.com/search?q=Leksakshuset%20i%20Engelbrektgalleria%20AB%20hemsida | ddg_failed:Client network socket disconnected before secure TLS connection was established,,,,,,,,,,,,,,,,,,,,,,,,
556205-9955,Smycka AB,Smycka AB,Smycken,"Klockor, ur","Klockor, ur; Guld, silver, ädelstenar; Grossister",Värmland,Karlstad,Karlstad,652 26,Kanikenäsbanken 6,21638000,2025-04,in_band,true,7,,0547690100,,,,https://www.allabolag.se/foretag/smycka-ab/karlstad/-/2JZI8XFI5YEZ0,not_found,,hitta_orgnr:hitta_no_url_found | hitta_name:hitta_no_next_data | mojeek_failed:HTTP 403 for https://www.mojeek.com/search?q=Smycka%20AB%20hemsida | ddg_failed:Client network socket disconnected before secure TLS connection was established,,,,,,,,,,,,,,,,,,,,,,,,
556449-6551,Mickes Skog & Trädgård i Hällefors Aktiebolag,Mickes Skog & Trädgård i Hällefors Aktiebolag,Trädgård,Järnvaror,Järnvaror; Detaljhandel; Butikshandel,Örebro,Hällefors,Hällefors,712 34,Köpmannavägen 6,21369000,2025-12,in_band,true,8,,,,,,https://www.allabolag.se/foretag/mickes-skog-och-tradgard-i-hallefors-aktiebolag/hallefors/-/2K0YH0NI5YEU5,not_found,,hitta_orgnr:hitta_no_url_found | hitta_name:hitta_no_next_data | mojeek_failed:HTTP 403 for https://www.mojeek.com/search?q=Mickes%20Skog%20%26%20Tr%C3%A4dg%C3%A5rd%20i%20H%C3%A4llefors%20Aktiebolag%20hemsida | ddg_failed:Client network socket disconnected before secure TLS connection was established,,,,,,,,,,,,,,,,,,,,,,,,
556590-6798,Kavat Kosmetikutveckling Aktiebolag,Kavat Kosmetikutveckling Aktiebolag,Kosmetika,"Kosmetik, parfym och frisörartiklar","Kosmetik, parfym och frisörartiklar; Kosmetik - tillverkare och grossister; Grossister",Halland,Kungsbacka,Billdal,427 50,Kungsporten 4 e,21225000,2024-12,in_band,true,3,,031914610,,,,https://www.allabolag.se/foretag/kavat-kosmetikutveckling-aktiebolag/kungsbacka/-/2K1SP66I63IIB,not_found,,hitta_orgnr:hitta_no_url_found | hitta_name:hitta_no_next_data | mojeek_failed:HTTP 403 for https://www.mojeek.com/search?q=Kavat%20Kosmetikutveckling%20Aktiebolag%20hemsida | ddg_failed:Client network socket disconnected before secure TLS connection was established,,,,,,,,,,,,,,,,,,,,,,,,
559408-0151,Postordergruppen i Göteborg AB,Postordergruppen i Göteborg AB,Postorder,Detaljhandel - annat,Detaljhandel - annat; Detaljhandel; Postorder/e-handel,Västra Götaland,Göteborg,Torslanda,423 63,Högenvägen 156,20999000,2024-12,in_band,true,1,,,,,,https://www.allabolag.se/foretag/postordergruppen-i-goteborg-ab/goteborg/-/2KIKJVBI63ILV,not_found,,hitta_orgnr:hitta_no_url_found | hitta_name:hitta_no_next_data | mojeek_failed:HTTP 403 for https://www.mojeek.com/search?q=Postordergruppen%20i%20G%C3%B6teborg%20AB%20hemsida | ddg_failed:Client network socket disconnected before secure TLS connection was established,,,,,,,,,,,,,,,,,,,,,,,,
556841-8429,Kröns Trädgård AB,Kröns Trädgård AB,Trädgård,"Blommor, växter och tillbehör","Blommor, växter och tillbehör; Detaljhandel; Butikshandel; Jordbruk; Jordbruk - odling",Stockholm,Norrtälje,Väddö,764 91,Hammarbyvägen 1,20981000,2025-12,in_band,true,16,,+46 176 510 41,,,http://www.kronstradgard.se/,https://www.allabolag.se/foretag/krons-tradgard-ab/norrtalje/-/2K3AJ5PI63IUK,hitta_orgnr,high,hitta_orgnr:hitta_detail | hitta_orgnr:https://www.hitta.se/kr%C3%B6ns+tr%C3%A4dg%C3%A5rd+ab/v%C3%A4dd%C3%B6/hlqvvxdl | hitta_orgnr:orgnr_match | hitta_orgnr:url_in_own_segment,kronstradgard.se,kontakt@kronstradgard.se; mat@kronstradgard.se,https://kronstradgard.se,static,yes,checkout_provider; cart; product_cards; priced_cards; provider:magento,magento,static@https://kronstradgard.se:hasCart(urlPath:/cart) | static@https://kronstradgard.se:pricedCards(multiPrices) | static@https://kronstradgard.se:providers(magento) | static@https://kronstradgard.se:productCards(2) | DECISION@static@https://kronstradgard.se,,,,,,,,,,,,no,,41,"is_webshop, platform:magento, has_email, has_orgnr",dom_fallback:0_urls
556854-0073,Florim Trädgård & Service AB,Florim Trädgård & Service AB,Trädgård,Parkanläggningar,Parkanläggningar,Skåne,Båstad,Båstad,269 91,Svenstadsvägen 275,20706000,2025-12,in_band,true,16,,0704870021,,,,https://www.allabolag.se/foretag/florim-tradgard-och-service-ab/bastad/-/2K3D50PI63IJW,not_found,,hitta_orgnr:hitta_no_url_found | hitta_name:hitta_no_next_data | mojeek_failed:HTTP 403 for https://www.mojeek.com/search?q=Florim%20Tr%C3%A4dg%C3%A5rd%20%26%20Service%20AB%20hemsida | ddg_failed:Client network socket disconnected before secure TLS connection was established,,,,,,,,,,,,,,,,,,,,,,,,
556518-9379,Skigo AB,Skigo AB,Sport,Sport,"Sport; Detaljhandel; Butikshandel; Kemikalier, industrikemikalier; Kemikalier, industrikemikalier - tillverkning; Producenter; Rengöringsprodukter",Norrbotten,Kiruna,Kiruna,98141,Fasadvägen 9,20076000,2025-04,in_band,true,4,,+46 980 611 00,inger@skigo.se,https://www.skigo.se,https://www.skigo.se,https://www.allabolag.se/foretag/skigo-ab/kiruna/-/2K1DBLVI5YHR6,already_present,,,skigo.se,info@skigo.se,https://skigo.se,static,no,,,,,,,,,,,,,,,no,,5,has_identity,
556776-2736,Lilla Hults Trädgård AB,Lilla Hults Trädgård AB,Trädgård,Jordbruk,Jordbruk; Jordbruk - odling,Skåne,Ängelholm,Ängelholm,262 91,Skepparkroksvägen 73,19933000,2024-12,in_band,true,11,,,,,,https://www.allabolag.se/foretag/lilla-hults-tradgard-ab/angelholm/-/2K2WH80I63IHJ,not_found,,hitta_orgnr:hitta_no_url_found | hitta_name:hitta_no_next_data | mojeek_failed:HTTP 403 for https://www.mojeek.com/search?q=Lilla%20Hults%20Tr%C3%A4dg%C3%A5rd%20AB%20hemsida | ddg_failed:Client network socket disconnected before secure TLS connection was established,,,,,,,,,,,,,,,,,,,,,,,,
556725-2274,Göteborgs trädgård & schakt AB,Göteborgs trädgård & schakt AB,Trädgård,Entreprenörer,Entreprenörer; Byggmästare,Halland,Kungsbacka,Kungsbacka,434 98,Fogdegårdsvägen 165,19894000,2024-12,in_band,true,14,,,,,,https://www.allabolag.se/foretag/goteborgs-tradgard-och-schakt-ab/kungsbacka/-/2K2LJCII63IFX,not_found,,hitta_orgnr:hitta_no_url_found | hitta_name:hitta_no_url_found | mojeek_failed:HTTP 403 for https://www.mojeek.com/search?q=G%C3%B6teborgs%20tr%C3%A4dg%C3%A5rd%20%26%20schakt%20AB%20hemsida | ddg_failed:Client network socket disconnected before secure TLS connection was established,,,,,,,,,,,,,,,,,,,,,,,,
556321-4401,Partille Skog och Trädgård AB,Partille Skog och Trädgård AB,Trädgård,Reparatörer,Reparatörer; Maskinförnödenheter; Maskinförnödenheter - reparationer,Västra Götaland,Partille,Partille,433 30,Järnringen 1,19718000,2024-12,in_band,true,9,,0313402824,,,https://www.qctradgard.se/partille/,https://www.allabolag.se/foretag/partille-skog-och-tradgard-ab/partille/-/2K06ZPDI63IK7,hitta_orgnr,high,hitta_orgnr:hitta_detail | hitta_orgnr:https://www.hitta.se/partille+skog+och+tr%C3%A4dg%C3%A5rd+ab/partille/kngtxxjlc | hitta_orgnr:orgnr_match | hitta_orgnr:url_in_own_segment,qctradgard.se,strangnas@qctradgard.se; anders.sundqvist@qctradgard.se,https://qctradgard.se,browser,yes,checkout_provider; product_cards; priced_cards; provider:stripe; provider:woocommerce,"stripe,woocommerce","main@https://www.qctradgard.se/:pricedCards(multiPrices) | main@https://www.qctradgard.se/:providers(stripe,woocommerce) | main@https://www.qctradgard.se/:productCards(20) | DECISION@main@https://www.qctradgard.se/ | internal@https://www.qctradgard.se/artiklar/butiksinformation/vi-ar-qc-tradgardsexperten/:providers(stripe,woocommerce) | internal@https://www.qctradgard.se/artiklar/butiksinformation/vi-ar-qc-tradgardsexperten/:productCards(5) | DECISION@internal@https://www.qctradgard.se/artiklar/butiksinformation/vi-ar-qc-tradgardsexperten/",,,,,,,,,,,,no,,38,"is_webshop, platform:stripe,woocommerce, has_email",dom_fallback:0_urls
,BRIGHT TANDHÄLSA,MK Bright Tandhälsa AB,Kosmetika,Hälsotjänster,"Hälsotjänster; Tandläkare; Kosmetik, parfym och frisörartiklar; Kosmetik - tillverkare och grossister; Grossister",Östergötland,Linköping,Linköping,585 99,Norra Krängevägen 9,19650000,2025-06,in_band,true,9,,+46 13 12 39 79,,,http://www.brighttandhalsa.se,https://www.allabolag.se/foretag/mk-bright-tandhalsa-ab/linkoping/-/2KHB4NYI63IHB,hitta_orgnr,high,hitta_orgnr:hitta_detail | hitta_orgnr:https://www.hitta.se/bright-tandhalsa-ab/link%C3%B6ping/jlnppbye | hitta_orgnr:orgnr_match | hitta_orgnr:url_in_own_segment,brighttandhalsa.se,kontakt@brighttandhalsa.se,https://brighttandhalsa.se/kontakt,browser,no,,,,,,,,,,,,,,,no,,5,has_identity,
,E-commerce Recruit Nordic AB,E-commerce Recruit Nordic AB,E-handel,E-handel,Rekrytering; E-handel; Arbetskraftstjänster,,,Stockholm,,,19584000,2025-12,in_band,true,8,,+46 10 199 35 50,info@ecommercerecruit.se,https://www.ecommercerecruit.se/,https://www.ecommercerecruit.se/,https://www.allabolag.se/foretag/e-commerce-recruit-nordic-ab/-/-/2KHHTONI5YDVM,already_present,,,ecommercerecruit.se,info@ecommercerecruit.se,https://ecommercerecruit.se,static,no,product_cards,,static@https://ecommercerecruit.se:productCards(9),,,,,,,,,,,,no,,5,has_identity,
556441-4844,Stängt Org. nr. 556441-4844 Kontakt Årstad Skog & Trädgård AB,Årstad Skog & Trädgård AB,Trädgård,"Trädgårdsmaskiner, trädgårdsredskap","Trädgårdsmaskiner, trädgårdsredskap; Sport; Detaljhandel; Butikshandel; Reparatörer",Halland,Falkenberg,FALKENBERG,311 50,Blackebergsv. 2,19560000,2024-12,in_band,true,8,,+46 346 520 77; +46 8 00 17 00,info@arstad.se,http://www.arstad.se,http://www.arstad.se,https://www.allabolag.se/foretag/arstad-skog-och-tradgard-ab/falkenberg/-/2K0WPZ0I5YI5D,already_present,,,arstad.se,info@arstad.se,https://arstad.se,static,yes,checkout_provider; cart; product_cards; priced_cards; provider:woocommerce,woocommerce,static@https://arstad.se:hasCart(uiPhrase) | static@https://arstad.se:pricedCards(multiPrices) | static@https://arstad.se:providers(woocommerce) | static@https://arstad.se:productCards(200) | DECISION@static@https://arstad.se,80,5,53,428,20,20,0,50,86,0,29,no,,71,"is_webshop, platform:woocommerce, catalog_50plus, seo_gap_low, no_product_schema, has_email, has_orgnr",sitemap:80_products_from_2_sitemaps | seo_sampled:5 gap:29
556861-8754,Tandläkargruppen Sjöstaden AB,Tandläkargruppen Sjöstaden AB,Kosmetika,Hälsotjänster,"Hälsotjänster; Tandläkare; Kosmetik, parfym och frisörartiklar; Kosmetik - tillverkare och grossister; Grossister",Stockholm,Stockholm,Stockholm,120 63,Kryssargatan 3,19497000,2025-06,in_band,true,12,,,,,,https://www.allabolag.se/foretag/tandlakargruppen-sjostaden-ab/stockholm/-/2K3ETQAI63IHB,not_found,,hitta_orgnr:hitta_no_url_found | hitta_name:hitta_no_next_data | mojeek_failed:HTTP 403 for https://www.mojeek.com/search?q=Tandl%C3%A4kargruppen%20Sj%C3%B6staden%20AB%20hemsida | ddg_failed:Client network socket disconnected before secure TLS connection was established,,,,,,,,,,,,,,,,,,,,,,,,
,A OSS 0240-715 95 butiken@mackenismebacken,Macken i Smebacken AB,Smycken,Butikshandel,Butikshandel; Bensinstationer; Bilar; Bilreparationer,Dalarna,Smedjebacken,Smedjebacken,777 32,Nya Ågatan 10,19338000,2025-04,in_band,true,5,,+46 73 694 01 50; +46 240 715 95,,,https://mackenismebacken.se/,https://www.allabolag.se/foretag/macken-i-smebacken-ab/smedjebacken/-/2K1N077I63ILL,hitta_orgnr,high,hitta_orgnr:hitta_detail | hitta_orgnr:https://www.hitta.se/macken+i+smebacken+ab/smedjebacken/lpubhctfh | hitta_orgnr:orgnr_match | hitta_orgnr:url_in_own_segment,mackenismebacken.se,butiken@mackenismebacken.se,https://mackenismebacken.se/om-oss,browser,no,,,main@https://mackenismebacken.se/:samplingRan(sampled=0),,,,,,,,,,,,no,,5,has_identity,
556875-8659,Mycket Mer För Pengarna i Skutskär AB,Mycket Mer För Pengarna i Skutskär AB,Smycken,Livsmedel,Livsmedel; Detaljhandel - annat; Detaljhandel; Butikshandel,Uppsala,Älvkarleby,Skutskär,814 30,Centralgatan 7,19332000,2025-01,in_band,true,7,,,,,,https://www.allabolag.se/foretag/mycket-mer-for-pengarna-i-skutskar-ab/alvkarleby/-/2K3HTOJI5YFWD,not_found,,hitta_orgnr:hitta_no_url_found | hitta_name:hitta_no_next_data | mojeek_failed:HTTP 403 for https://www.mojeek.com/search?q=Mycket%20Mer%20F%C3%B6r%20Pengarna%20i%20Skutsk%C3%A4r%20AB%20hemsida | ddg_failed:Client network socket disconnected before secure TLS connection was established,,,,,,,,,,,,,,,,,,,,,,,,
559210-2866,Greentopia AB,Greentopia AB,Kosmetika,"Kosmetik, parfym och frisörartiklar","Kosmetik, parfym och frisörartiklar; Kosmetik - tillverkare och grossister; Grossister; Fastighetsbolag, lokaler; Frukt, bär och grönsaker - grossister; Fruktleveranser, vattenleveranser; Konfektion; Butikshandel; Detaljhandel; Kläder, skor",Skåne,Malmö,Malmö,213 64,Emilstorpsgatan 26,19181000,2024-12,in_band,true,3,,,,,,https://www.allabolag.se/foretag/greentopia-ab/malmo/-/2KHE66QI63IIB,not_found,,hitta_orgnr:hitta_no_url_found | hitta_name:hitta_no_next_data | mojeek_failed:HTTP 403 for https://www.mojeek.com/search?q=Greentopia%20AB%20hemsida | ddg_failed:Client network socket disconnected before secure TLS connection was established,,,,,,,,,,,,,,,,,,,,,,,,
559122-0909,Raza Trädgård AB,Raza Trädgård AB,Trädgård,Passagerartransporter,Passagerartransporter; Transportförmedling; Taxi; Uthyrning; Arbetskraftstjänster,Stockholm,Stockholm,,,,19134000,2022-12,in_band,true,30,,,,,,https://www.allabolag.se/foretag/raza-tradgard-ab/stockholm/-/2KGV9NXI63IJZ,not_found,,hitta_orgnr:hitta_search_failed:HTTP 404 for https://www.hitta.se/undefined/- | hitta_name:hitta_no_url_found | mojeek_failed:HTTP 403 for https://www.mojeek.com/search?q=Raza%20Tr%C3%A4dg%C3%A5rd%20AB%20hemsida | ddg_failed:Client network socket disconnected before secure TLS connection was established,,,,,,,,,,,,,,,,,,,,,,,,
559153-5280,Strand Beauty Distribution AB,Strand Beauty Distribution AB,Kosmetika,"Kosmetik, parfym och frisörartiklar","Kosmetik, parfym och frisörartiklar; Kosmetik - tillverkare och grossister; Grossister",Stockholm,Stockholm,Stockholm,114 27,Surbrunnsgatan 13 Egen Ingång,19059000,2025-12,in_band,true,4,,,,,,https://www.allabolag.se/foretag/strand-beauty-distribution-ab/stockholm/-/2KH208GI63IIB,not_found,,hitta_orgnr:hitta_no_url_found | hitta_name:hitta_no_next_data | mojeek_failed:HTTP 403 for https://www.mojeek.com/search?q=Strand%20Beauty%20Distribution%20AB%20hemsida | ddg_failed:Client network socket disconnected before secure TLS connection was established,,,,,,,,,,,,,,,,,,,,,,,,
556624-7846,Broby Trädgårdsanläggning Aktiebolag,Broby Trädgårdsanläggning Aktiebolag,Trädgård,Entreprenörer,Entreprenörer; Byggmästare,Skåne,Östra Göinge,Broby,289 42,Industrigatan 8,19038000,2024-12,in_band,true,8,,04447124,,,,https://www.allabolag.se/foretag/broby-tradgardsanlaggning-aktiebolag/ostra-goinge/-/2K200BQI63IFX,not_found,,hitta_orgnr:hitta_no_url_found | hitta_name:hitta_no_next_data | mojeek_failed:HTTP 403 for https://www.mojeek.com/search?q=Broby%20Tr%C3%A4dg%C3%A5rdsanl%C3%A4ggning%20Aktiebolag%20hemsida | ddg_failed:Client network socket disconnected before secure TLS connection was established,,,,,,,,,,,,,,,,,,,,,,,,
,Esse Skincare Privacy Policy,Out of Eden AB,Kosmetika,"Kosmetik, parfym och frisörartiklar","Kosmetik, parfym och frisörartiklar; Kosmetik - tillverkare och grossister; Grossister",Stockholm,Vallentuna,Vallentuna,186 54,Zetterlunds Väg 13,19034000,2025-02,in_band,true,7,,+46 31 309 99 60,,,http://www.esseskincare.se,https://www.allabolag.se/foretag/out-of-eden-ab/vallentuna/-/2K3P6G8I63IIB,hitta_orgnr,high,hitta_orgnr:hitta_detail | hitta_orgnr:https://www.hitta.se/out-of-eden-ab/vimmerby/hcoppyap | hitta_orgnr:orgnr_match | hitta_orgnr:url_in_own_segment,esseskincare.se,,https://esseskincare.se/contact-us,browser,yes,checkout_provider; product_cards; sampled_3; priced_cards; provider:woocommerce,woocommerce,main@https://esseskincare.se/:providers(woocommerce) | main@https://esseskincare.se/:productCards(4) | main@https://esseskincare.se/:samplingRan(sampled=3) | sampleURL@https://esseskincare.se/products/esse-core/:status=200 | sampleURL@https://esseskincare.se/products/esse-sensitive/:status=200 | sampleURL@https://esseskincare.se/products/esse-plus/:status=200 | contact_like@https://esseskincare.se/contact-us/:pricedCards(priceMicrodata) | contact_like@https://esseskincare.se/contact-us/:providers(woocommerce) | contact_like@https://esseskincare.se/contact-us/:productCards(4) | DECISION@contact_like@https://esseskincare.se/contact-us/ | contact_like@https://esseskincare.se/contact-us:pricedCards(priceMicrodata) | contact_like@https://esseskincare.se/contact-us:providers(woocommerce) | contact_like@https://esseskincare.se/contact-us:productCards(4) | DECISION@contact_like@https://esseskincare.se/contact-us,61,5,34,31,80,0,0,89,239,0,33,no,,65,"is_webshop, platform:woocommerce, catalog_50plus, seo_gap_low, missing_meta_desc, no_product_schema",sitemap:61_products_from_13_sitemaps | seo_sampled:5 gap:33
,,ST Mark & Trädgård Aktiebolag,Trädgård,Trädgårdsanläggningar,Trädgårdsanläggningar; Parkanläggningar,Västra Götaland,Göteborg,Torslanda,423 59,Smedjegårdsängen 1,18915000,2024-12,in_band,true,14,,+46 31 22 70 70; +46 76 555 58 01; +46 70 000 03 64,,http://stmark.se,http://stmark.se,https://www.allabolag.se/foretag/st-mark-och-tradgard-ab/goteborg/-/2K3QN18I5YI51,already_present,,,stmark.se,info@stmark.se; sadik@stmark.se; safet@stmark.se,https://stmark.se/om-oss,browser,no,,,,,,,,,,,,,,,no,,0,not_webshop,
556283-2906,Hallarnas Trädgård i Göteborg AB,Hallarnas Trädgård i Göteborg AB,Trädgård,Grossister,"Grossister; Växtservice, kontorsservice",Västra Götaland,Göteborg,Göteborg,411 04,Blomstergatan 2,18735000,2024-12,in_band,true,3,,,,,,https://www.allabolag.se/foretag/hallarnas-tradgard-i-goteborg-ab/goteborg/-/2JZYTCAI63IGS,not_found,,hitta_orgnr:hitta_no_url_found | hitta_name:hitta_no_next_data | mojeek_failed:HTTP 403 for https://www.mojeek.com/search?q=Hallarnas%20Tr%C3%A4dg%C3%A5rd%20i%20G%C3%B6teborg%20AB%20hemsida | ddg_failed:Client network socket disconnected before secure TLS connection was established,,,,,,,,,,,,,,,,,,,,,,,,
556881-2142,Klostra Handelsträdgård AB,Klostra Handelsträdgård AB,Trädgård,Butikshandel,"Butikshandel; Butikshandel -övrigt; Möbler, inredning, kök- och belysningsutrustning; Detaljhandel; Postorder/e-handel",,,,,,18697000,2025-12,in_band,true,6,,,,,,https://www.allabolag.se/foretag/klostra-handelstradgard-ab/-/-/2K3IYY6I63ILL,not_found,,hitta_orgnr:hitta_no_url_found | hitta_name:hitta_no_next_data | mojeek_failed:HTTP 403 for https://www.mojeek.com/search?q=Klostra%20Handelstr%C3%A4dg%C3%A5rd%20AB%20hemsida | ddg_failed:Client network socket disconnected before secure TLS connection was established,,,,,,,,,,,,,,,,,,,,,,,,
,Kolmårdskök Designed by Robin Björk,Kolmårdskök AB,Möbler,Möbler,Köksinredningar; Möbler; Virke och byggvaror; Detaljhandel; Butikshandel; Byggmästare; Snickeriarbeten,Östergötland,Norrköping,Norrköping,602 23,Lindåkersgatan 25,18696000,2024-12,in_band,true,9,,+46 11 10 71 10,info@kolmardskok.se,https://www.kolmardskok.se/index,https://www.kolmardskok.se/index,https://www.allabolag.se/foretag/kolmardskok-ab/norrkoping/-/2K26IKTI5YGJV,already_present,,,kolmardskok.se,info@kolmardskok.se,https://www.kolmardskok.se/kontakt,browser,no,,,contact_like@https://www.kolmardskok.se/kontakt:samplingRan(sampled=0),,,,,,,,,,,,no,,5,has_identity,
,,Tönnersjö Trädgård Aktiebolag,Trädgård,Jordbruk,Jordbruk; Jordbruk - odling,Halland,Halmstad,Eldsberga,305 97,Tönnersjö 466,18654000,2025-06,in_band,true,10,,,,,https://www.facebook.com/pages/T%C3%B6nnersj%C3%B6-Tr%C3%A4dg%C3%A5rd-AB/318542338274633,https://www.allabolag.se/foretag/tonnersjo-tradgard-aktiebolag/halmstad/-/2K13V7LI63IHJ,hitta_orgnr,high,hitta_orgnr:hitta_detail | hitta_orgnr:https://www.hitta.se/tonnersjo-tradgard-ab/eldsberga/nqrtykmop | hitta_orgnr:orgnr_match | hitta_orgnr:url_in_own_segment,facebook.com,dev7561@gmail.com; kundansvarig@studioexpress.se,https://www.facebook.com/customer-service,browser,yes,checkout_provider; checkout; provider:adyen,adyen,main@https://www.facebook.com/:samplingRan(sampled=0) | contact_like@https://www.meta.com/en-gb/about/?utm_source=about.facebook.com&utm_medium=redirect:hasCheckout(urlPath:/order) | contact_like@https://www.meta.com/en-gb/about/?utm_source=about.facebook.com&utm_medium=redirect:providers(adyen) | DECISION@contact_like@https://www.meta.com/en-gb/about/?utm_source=about.facebook.com&utm_medium=redirect,,,,,,,,,,,,no,,38,"is_webshop, platform:adyen, has_email",dom_fallback:0_urls
559107-9602,Tree of brands AB,Tree of brands AB,Kosmetika,"Kosmetik, parfym och frisörartiklar","Kosmetik, parfym och frisörartiklar; Kosmetik - tillverkare och grossister; Grossister",Stockholm,Stockholm,Stockholm,111 21,Drottninggatan 55,18600000,2025-12,in_band,true,5,,,,,,https://www.allabolag.se/foretag/tree-of-brands-ab/stockholm/-/2KGS8MQI63IIB,not_found,,hitta_orgnr:hitta_no_url_found | hitta_name:hitta_no_next_data | mojeek_failed:HTTP 403 for https://www.mojeek.com/search?q=Tree%20of%20brands%20AB%20hemsida | ddg_failed:Client network socket disconnected before secure TLS connection was established,,,,,,,,,,,,,,,,,,,,,,,,
559176-0417,YV Business AB,YV Business AB,Kosmetika,"Kosmetik, parfym och frisörartiklar","Kosmetik, parfym och frisörartiklar; Kosmetik - tillverkare och grossister; Grossister",Stockholm,Lidingö,,,,18543000,2022-12,in_band,true,2,,,,,,https://www.allabolag.se/foretag/yv-business-ab/lidingo/-/2KH6TY9I63IIB,not_found,,hitta_orgnr:hitta_no_url_found | hitta_name:hitta_no_next_data | mojeek_failed:HTTP 403 for https://www.mojeek.com/search?q=YV%20Business%20AB%20hemsida | ddg_failed:Client network socket disconnected before secure TLS connection was established,,,,,,,,,,,,,,,,,,,,,,,,
,Mandel Cykel och Trädgård AB,Mandel Cykel & Trädgård AB,Trädgård,Sport,Sport; Detaljhandel; Butikshandel; Reparatörer,Örebro,Karlskoga,Karlskoga,691 47,Skogsbovägen 4 a,18543000,2024-12,in_band,true,8,,+46 586 530 30,,,http://www.mandels.se/,https://www.allabolag.se/foretag/mandel-cykel-och-tradgard-ab/karlskoga/-/2K2ZSOHI5YHR6,hitta_orgnr,high,hitta_orgnr:hitta_detail | hitta_orgnr:https://www.hitta.se/mandel-cykel-och-tradgard-ab/karlskoga/hcopxyfk | hitta_orgnr:orgnr_match | hitta_orgnr:url_in_own_segment,mandels.se,verkstad@mandels.se,https://mandels.se,static,yes,checkout_provider; cart; product_cards; priced_cards; provider:woocommerce,woocommerce,static@https://mandels.se:hasCart(uiPhrase) | static@https://mandels.se:pricedCards(multiPrices) | static@https://mandels.se:providers(woocommerce) | static@https://mandels.se:productCards(10) | DECISION@static@https://mandels.se,80,5,32,90,20,0,0,15,0,0,34,no,,70,"is_webshop, platform:woocommerce, catalog_50plus, seo_gap_low, thin_product_copy, no_product_schema, has_email",sitemap:80_products_from_2_sitemaps | seo_sampled:5 gap:34
559476-0836,Skog & Trädgård,Ängelholm Skog & Trädgård AB,Trädgård,Bilar,Bilar; Detaljhandel; Bilreservdelar,Skåne,Ängelholm,Ängelholm,262 71,Midgårdsgatan 7,18522000,2025-12,in_band,true,2,,+46 431 44 11 44; +46 900 1730,,,https://www.skogotrad.se/,https://www.allabolag.se/foretag/angelholm-skog-och-tradgard-ab/angelholm/-/2KIZ538I5YCZW,hitta_orgnr,high,hitta_orgnr:hitta_detail | hitta_orgnr:https://www.hitta.se/%C3%A4ngelholm+skog+och+tr%C3%A4dg%C3%A5rd+ab/%C3%A4ngelholm/hicseaoqr | hitta_orgnr:orgnr_match | hitta_orgnr:url_in_own_segment,skogotrad.se,info@skogotrad.se,https://skogotrad.se,static,yes,checkout_provider; product_cards; priced_cards; provider:klarna; provider:woocommerce,"klarna,woocommerce","static@https://skogotrad.se:pricedCards(multiPrices) | static@https://skogotrad.se:providers(klarna,woocommerce) | static@https://skogotrad.se:productCards(149) | DECISION@static@https://skogotrad.se",80,5,50,114,20,0,0,81,50,0,19,no,,66,"is_webshop, platform:klarna,woocommerce, catalog_50plus, seo_gap_low, no_product_schema, has_email, has_orgnr",sitemap:80_products_from_2_sitemaps | seo_sampled:5 gap:19
559180-3423,Djupdahls Skog & Trädgård AB,Djupdahls Skog & Trädgård AB,Trädgård,Parkanläggningar,Parkanläggningar; Skogstjänster; Fastighetsförvaltning,Halland,Varberg,Varberg,432 47,Trönninge 1,18514000,2024-12,in_band,true,14,,,,,,https://www.allabolag.se/foretag/djupdahls-skog-och-tradgard-ab/varberg/-/2KH7R4VI63IJW,not_found,,hitta_orgnr:hitta_no_url_found | hitta_name:hitta_no_next_data | mojeek_failed:HTTP 403 for https://www.mojeek.com/search?q=Djupdahls%20Skog%20%26%20Tr%C3%A4dg%C3%A5rd%20AB%20hemsida | ddg_failed:Client network socket disconnected before secure TLS connection was established,,,,,,,,,,,,,,,,,,,,,,,,
556376-7895,Headsup AB,Headsup AB,Kosmetika,"Kosmetik, parfym och frisörartiklar","Kosmetik, parfym och frisörartiklar; Kosmetik - tillverkare och grossister; Grossister",Jönköping,Vaggeryd,Skillingaryd,568 32,Storgatan 90,18498000,2024-12,in_band,true,10,,036167350,,,,https://www.allabolag.se/foretag/headsup-ab/vaggeryd/-/2K0IUS7I63IIB,not_found,,hitta_orgnr:hitta_no_url_found | hitta_name:hitta_no_next_data | mojeek_failed:HTTP 403 for https://www.mojeek.com/search?q=Headsup%20AB%20hemsida | ddg_failed:Client network socket disconnected before secure TLS connection was established,,,,,,,,,,,,,,,,,,,,,,,,
556278-3554,Häggströms Modehus Aktiebolag,Häggströms Modehus Aktiebolag,Mode,Konfektion,"Konfektion; Butikshandel; Detaljhandel; Kläder, skor",Västerbotten,Nordmaling,Lögdeå,914 92,Movägen 7,18399000,2024-12,in_band,true,9,,,,,,https://www.allabolag.se/foretag/haggstroms-modehus-aktiebolag/nordmaling/-/2JZXR9EI63II4,not_found,,hitta_orgnr:hitta_no_url_found | hitta_name:hitta_no_next_data | mojeek_failed:HTTP 403 for https://www.mojeek.com/search?q=H%C3%A4ggstr%C3%B6ms%20Modehus%20Aktiebolag%20hemsida | ddg_failed:Client network socket disconnected before secure TLS connection was established,,,,,,,,,,,,,,,,,,,,,,,,
556254-9393,Hikmet Leksaker och Fritid Aktiebolag,Hikmet Leksaker och Fritid Aktiebolag,Leksaker,"Spel, nöjesanläggningsutrustningar","Spel, nöjesanläggningsutrustningar; Butikshandel; Detaljhandel; Finansbolag, finansiella tjänster; Värdepappershandel",Jönköping,Jönköping,Jönköping,554 75,Hedenstorpsvägen 11,18309000,2025-12,in_band,true,3,,036715148,,,,https://www.allabolag.se/foretag/hikmet-leksaker-och-fritid-aktiebolag/jonkoping/-/2JZSQKXI5YHPS,not_found,,hitta_orgnr:hitta_no_url_found | hitta_name:hitta_no_next_data | mojeek_failed:HTTP 403 for https://www.mojeek.com/search?q=Hikmet%20Leksaker%20och%20Fritid%20Aktiebolag%20hemsida | ddg_failed:Client network socket disconnected before secure TLS connection was established,,,,,,,,,,,,,,,,,,,,,,,,
556827-8906,Piteå Leksaker AB,Piteå Leksaker AB,Leksaker,"Spel, nöjesanläggningsutrustningar","Spel, nöjesanläggningsutrustningar; Butikshandel; Detaljhandel",Norrbotten,Piteå,Piteå,941 32,Storgatan 48 c,18203000,2024-12,in_band,true,5,,,,,,https://www.allabolag.se/foretag/pitea-leksaker-ab/pitea/-/2K37JI2I5YHPS,not_found,,hitta_orgnr:hitta_no_url_found | hitta_name:hitta_no_next_data | mojeek_failed:HTTP 403 for https://www.mojeek.com/search?q=Pite%C3%A5%20Leksaker%20AB%20hemsida | ddg_failed:Client network socket disconnected before secure TLS connection was established,,,,,,,,,,,,,,,,,,,,,,,,
559313-1476,Common Clouds AB,Common Clouds AB,Kosmetika,"Kosmetik, parfym och frisörartiklar","Kosmetik, parfym och frisörartiklar; Detaljhandel; Postorder/e-handel; Kosmetik - tillverkare och grossister; Grossister",Stockholm,Stockholm,Stockholm,111 61,Tegnergatan 37 a,18127000,2025-03,in_band,true,3,,,,,,https://www.allabolag.se/foretag/common-clouds-ab/stockholm/-/2KI07V8I63IIB,not_found,,hitta_orgnr:hitta_no_url_found | hitta_name:hitta_no_next_data | mojeek_failed:HTTP 403 for https://www.mojeek.com/search?q=Common%20Clouds%20AB%20hemsida | ddg_failed:Client network socket disconnected before secure TLS connection was established,,,,,,,,,,,,,,,,,,,,,,,,
,Mikael Hulting AB,Hultings Mark & Trädgård AB,Trädgård,Parkanläggningar,Parkanläggningar; Städservice; Byggmästare; Snickeriarbeten,Jönköping,Jönköping,Jönköping,553 12,Björnebergsvägen 1,17875000,2025-12,in_band,true,19,,+46 36 860 21 10,,,https://www.hultings.se/,https://www.allabolag.se/foretag/hultings-mark-och-tradgard-ab/jonkoping/-/2KGL37PI63IJW,hitta_orgnr,high,hitta_orgnr:hitta_detail | hitta_orgnr:https://www.hitta.se/hultings/j%C3%B6nk%C3%B6ping/jootyzdfh | hitta_orgnr:orgnr_match | hitta_orgnr:url_in_own_segment,hultings.se,info@hultings.se,https://hultings.se,static,no,,,,,,,,,,,,,,,no,,5,has_identity,
556663-9968,Tunareds Helentreprenad AB,Tunareds Helentreprenad AB,Leksaker,Byggmästare,"Byggmästare; Fastighetsbolag, lokaler",Halland,Kungsbacka,Fjärås,439 73,Hörlyckan 52,17862000,2025-08,in_band,true,10,,,,,,https://www.allabolag.se/foretag/tunareds-helentreprenad-ab/kungsbacka/-/2K28EW0I5YDDT,not_found,,hitta_orgnr:hitta_no_url_found | hitta_name:hitta_no_next_data | mojeek_failed:HTTP 403 for https://www.mojeek.com/search?q=Tunareds%20Helentreprenad%20AB%20hemsida | ddg_failed:Client network socket disconnected before secure TLS connection was established,,,,,,,,,,,,,,,,,,,,,,,,
556309-6469,Moheda Trade AB,Moheda Trade AB,Skor,Skor,Skor; Skor och tillbehör - produktion; Producenter; Konfektion; Kläder; Grossister,Kronoberg,Alvesta,Moheda,342 60,Toffelvägen 4,17656000,2024-12,in_band,true,8,,,,,https://moheda.com/,https://www.allabolag.se/foretag/moheda-trade-ab/alvesta/-/2K04GPHI5YHGY,hitta_orgnr,high,hitta_orgnr:hitta_detail | hitta_orgnr:https://www.hitta.se/moheda+toffeln+reinholdson+sko+ab/moheda/nuxejcqt | hitta_orgnr:orgnr_match | hitta_orgnr:url_in_own_segment,moheda.com,,https://moheda.com,static,yes,checkout_provider; cart; checkout; product_cards; priced_cards; provider:magento,magento,static@https://moheda.com:hasCheckout(urlPath:/checkout) | static@https://moheda.com:hasCart(urlPath:/cart) | static@https://moheda.com:pricedCards(multiPrices) | static@https://moheda.com:providers(magento) | static@https://moheda.com:productCards(46) | DECISION@static@https://moheda.com,,,,,,,,,,,,no,,36,"is_webshop, platform:magento, has_orgnr",dom_fallback:0_urls
559164-7739,We are Ono Sweden AB,We are Ono Sweden AB,Kosmetika,"Kosmetik, parfym och frisörartiklar","Kosmetik, parfym och frisörartiklar; Kosmetik - tillverkare och grossister; Grossister",Stockholm,Stockholm,Stockholm,,,17590000,2025-12,in_band,true,1,,,,,,https://www.allabolag.se/foretag/we-are-ono-sweden-ab/stockholm/-/2KH4F0BI63IIB,not_found,,hitta_orgnr:hitta_no_url_found | hitta_name:hitta_no_next_data | mojeek_failed:HTTP 403 for https://www.mojeek.com/search?q=We%20are%20Ono%20Sweden%20AB%20hemsida | ddg_failed:Client network socket disconnected before secure TLS connection was established,,,,,,,,,,,,,,,,,,,,,,,,
556841-3586,Brunnby Skog & Trädgård AB,Brunnby Skog & Trädgård AB,Trädgård,"Lantbruksmaskiner, förnödenheter - grossist","Lantbruksmaskiner, förnödenheter - grossist; Lantbruksmaskiner, förnödenheter; Grossister",Västmanland,Västerås,Västerås,725 97,Brunnby,17576000,2024-12,in_band,true,5,,0708955470,,,,https://www.allabolag.se/foretag/brunnby-skog-och-tradgard-ab/vasteras/-/2K3AFF6I63IIH,not_found,,hitta_orgnr:hitta_no_url_found | hitta_name:hitta_no_url_found | mojeek_failed:HTTP 403 for https://www.mojeek.com/search?q=Brunnby%20Skog%20%26%20Tr%C3%A4dg%C3%A5rd%20AB%20hemsida | ddg_failed:Client network socket disconnected before secure TLS connection was established,,,,,,,,,,,,,,,,,,,,,,,,
559021-8425,19-69 Group AB,19-69 Group AB,Kosmetika,"Kosmetik, parfym och frisörartiklar","Kosmetik, parfym och frisörartiklar; Kosmetik - tillverkare och grossister; Grossister",Skåne,Vellinge,Vellinge,235 39,Modemgatan 10,17514000,2024-12,in_band,true,0,,,,,,https://www.allabolag.se/foretag/19-69-group-ab/vellinge/-/2KG9S55I63IIB,not_found,,hitta_orgnr:hitta_no_url_found | hitta_name:hitta_no_next_data | mojeek_failed:HTTP 403 for https://www.mojeek.com/search?q=19-69%20Group%20AB%20hemsida | ddg_failed:Client network socket disconnected before secure TLS connection was established,,,,,,,,,,,,,,,,,,,,,,,,
559169-2594,Team Roslund AB,Team Roslund AB,Kosmetika,Hälsotjänster,"Hälsotjänster; Tandläkare; Kosmetik, parfym och frisörartiklar; Kosmetik - tillverkare och grossister; Grossister",Norrbotten,Luleå,Luleå,972 35,Bangårdsgatan 2,17514000,2025-12,in_band,true,11,,,,,,https://www.allabolag.se/foretag/team-roslund-ab/lulea/-/2KH5DMAI63IHB,not_found,,hitta_orgnr:hitta_no_url_found | hitta_name:hitta_no_next_data | mojeek_failed:HTTP 403 for https://www.mojeek.com/search?q=Team%20Roslund%20AB%20hemsida | ddg_failed:Client network socket disconnected before secure TLS connection was established,,,,,,,,,,,,,,,,,,,,,,,,
556654-6213,Säffle och Åmål Hemelektronik AB,Säffle och Åmål Hemelektronik AB,Hemelektronik,"Radio TV, video","Radio TV, video; Detaljhandel",Västra Götaland,Åmål,Åmål,662 31,Kungsgatan 11,17393000,2024-12,in_band,true,19,,+46 10 220 43 00,,,https://www.elonljudbild.se/,https://www.allabolag.se/foretag/saffle-och-amal-hemelektronik-ab/amal/-/2K3O788I5YH3M,hitta_orgnr,high,hitta_orgnr:hitta_detail | hitta_orgnr:https://www.hitta.se/elon-ljud-och-bild-kristinehamn/kristinehamn/apqvilqr | hitta_orgnr:orgnr_match | hitta_orgnr:url_in_own_segment,elonljudbild.se,undefined; kundservice@elon.se,https://www.elon.se/om-oss,browser,yes,checkout_provider; cart; checkout; product_cards; provider:magento,magento,main@https://www.elon.se/:hasCheckout(urlPath:/checkout) | main@https://www.elon.se/:hasCart(urlPath:/cart) | main@https://www.elon.se/:providers(magento) | main@https://www.elon.se/:productCards(188) | DECISION@main@https://www.elon.se/ | contact_like@https://www.elon.se/kundtjanst:hasCheckout(urlPath:/checkout) | contact_like@https://www.elon.se/kundtjanst:hasCart(urlPath:/cart) | contact_like@https://www.elon.se/kundtjanst:providers(magento) | DECISION@contact_like@https://www.elon.se/kundtjanst | contact_like@https://www.elon.se/om-oss:hasCheckout(urlPath:/checkout) | contact_like@https://www.elon.se/om-oss:hasCart(urlPath:/cart) | contact_like@https://www.elon.se/om-oss:providers(magento) | DECISION@contact_like@https://www.elon.se/om-oss,,,,,,,,,,,,no,,41,"is_webshop, platform:magento, has_email, has_orgnr",dom_fallback:0_urls
,Joäng Mark & Trädgård AB,Joäng Mark & Trädgård AB,Trädgård,Parkanläggningar,Parkanläggningar; Byggmästare; Arkitekter,Skåne,Trelleborg,Trelleborg,231 62,Godsvägen 8,17200000,2025-08,in_band,true,20,,+46 410 127 57,,,http://joang.se/,https://www.allabolag.se/foretag/joang-mark-och-tradgard-ab/trelleborg/-/2K3CU53I63IJW,hitta_orgnr,high,hitta_orgnr:hitta_detail | hitta_orgnr:https://www.hitta.se/jo%C3%A4ng+mark+och+tr%C3%A4dg%C3%A5rd/trelleborg/akosxzjkl | hitta_orgnr:orgnr_match | hitta_orgnr:url_in_own_segment,joang.se,info@joang.se; alexandra@joang.se; pontus@joang.se,https://joang.se,static,yes,checkout_provider; cart; product_cards; provider:magento,magento,static@https://joang.se:hasCart(urlPath:/cart) | static@https://joang.se:providers(magento) | static@https://joang.se:productCards(2) | DECISION@static@https://joang.se,,,,,,,,,,,,no,,38,"is_webshop, platform:magento, has_email",dom_fallback:0_urls
559200-7818,Green View Trädgård AB,Green View Trädgård AB,Trädgård,Parkanläggningar,Parkanläggningar,Stockholm,Stockholm,Bandhagen,124 67,Hardemogatan 15,17105000,2024-12,in_band,true,14,,,,,,https://www.allabolag.se/foretag/green-view-tradgard-ab/stockholm/-/2KHC4UII63IJW,not_found,,hitta_orgnr:hitta_no_url_found | hitta_name:hitta_no_next_data | mojeek_failed:HTTP 403 for https://www.mojeek.com/search?q=Green%20View%20Tr%C3%A4dg%C3%A5rd%20AB%20hemsida | ddg_failed:Client network socket disconnected before secure TLS connection was established,,,,,,,,,,,,,,,,,,,,,,,,
556223-9292,Trädgårdsgöran AB,Trädgårds-Göran Aktiebolag,Trädgård,Parkanläggningar,Parkanläggningar,Östergötland,Norrköping,Norrköping,602 28,Sjötullsgatan 1,17089000,2024-12,in_band,true,12,,+46 11 10 70 75,,,http://www.tradgardsgoran.se/,https://www.allabolag.se/foretag/tradgards-goran-aktiebolag/norrkoping/-/2JZM3B0I63IJW,hitta_orgnr,high,hitta_orgnr:hitta_detail | hitta_orgnr:https://www.hitta.se/tr%C3%A4dg%C3%A5rds+g%C3%B6ran+ab/norrk%C3%B6ping/nnggrrbj | hitta_orgnr:orgnr_match | hitta_orgnr:url_in_own_segment,tradgardsgoran.se,linus.carlsson@tradgardsgoran.se,https://tradgardsgoran.se/Om-oss,browser,no,,,,,,,,,,,,,,,no,,5,has_identity,
556484-0709,BJ Leksaker i Gällivare Aktiebolag,BJ Leksaker i Gällivare Aktiebolag,Leksaker,"Spel, nöjesanläggningsutrustningar","Spel, nöjesanläggningsutrustningar; Butikshandel; Detaljhandel",Norrbotten,Gällivare,Gällivare,982 38,Metallvägen 14,17066000,2024-12,in_band,true,6,,,,,,https://www.allabolag.se/foretag/bj-leksaker-i-gallivare-aktiebolag/gallivare/-/2K15UKLI5YHPS,not_found,,hitta_orgnr:hitta_no_url_found | hitta_name:hitta_no_next_data | mojeek_failed:HTTP 403 for https://www.mojeek.com/search?q=BJ%20Leksaker%20i%20G%C3%A4llivare%20Aktiebolag%20hemsida | ddg_failed:Client network socket disconnected before secure TLS connection was established,,,,,,,,,,,,,,,,,,,,,,,,
559190-6457,Macken Luhrpasset AB,Macken Luhrpasset AB,Smycken,Livsmedel,Livsmedel; Butikshandel; Bilar; Detaljhandel; Bilreservdelar,Kronoberg,Markaryd,Strömsnäsbruk,287 34,Hinnerydsvägen 45,17005000,2024-12,in_band,true,7,,,,,,https://www.allabolag.se/foretag/macken-luhrpasset-ab/markaryd/-/2KH9YMXI5YFWD,not_found,,hitta_orgnr:hitta_no_url_found | hitta_name:hitta_no_next_data | mojeek_failed:HTTP 403 for https://www.mojeek.com/search?q=Macken%20Luhrpasset%20AB%20hemsida | ddg_failed:Client network socket disconnected before secure TLS connection was established,,,,,,,,,,,,,,,,,,,,,,,,
556659-7844,Henrik Falk Skog & Trädgård AB,Henrik Falk Skog & Trädgård AB,Trädgård,Parkanläggningar,Parkanläggningar; Jordbruk; Jordbruk - andra tjänster,Stockholm,Ekerö,Munsö,178 91,Landholmsvägen 40,17000000,2024-12,in_band,true,7,,0705736373,,,,https://www.allabolag.se/foretag/henrik-falk-skog-och-tradgard-ab/ekero/-/2K27IDWI63IJW,not_found,,hitta_orgnr:hitta_no_url_found | hitta_name:hitta_no_next_data | mojeek_failed:HTTP 403 for https://www.mojeek.com/search?q=Henrik%20Falk%20Skog%20%26%20Tr%C3%A4dg%C3%A5rd%20AB%20hemsida | ddg_failed:Client network socket disconnected before secure TLS connection was established,,,,,,,,,,,,,,,,,,,,,,,,
556909-8568,Troentorp Clogs AB,Troentorp Clogs AB,Skor,Skor,Skor; Skor och tillbehör - produktion; Producenter,Västra Götaland,Skövde,Skövde,549 37,Stallsiksvägen 1,16997000,2024-12,in_band,true,6,,0760153545,,,,https://www.allabolag.se/foretag/troentorp-clogs-ab/skovde/-/2K3P3YGI5YHGY,not_found,,hitta_orgnr:hitta_no_url_found | hitta_name:hitta_no_url_found | mojeek_failed:HTTP 403 for https://www.mojeek.com/search?q=Troentorp%20Clogs%20AB%20hemsida | ddg_failed:Client network socket disconnected before secure TLS connection was established,,,,,,,,,,,,,,,,,,,,,,,,
556754-3243,LB Anderssons Trädgård AB,LB Anderssons Trädgård AB,Trädgård,Parkanläggningar,Parkanläggningar; Jordbruk; Jordbruk - andra tjänster,Dalarna,Ludvika,Ludvika,771 94,Björnmossevägen 3 c,16981000,2025-12,in_band,true,18,,0240592300,,,,https://www.allabolag.se/foretag/lb-anderssons-tradgard-ab/ludvika/-/2K2RRUZI63IJW,not_found,,hitta_orgnr:hitta_no_url_found | hitta_name:hitta_no_url_found | mojeek_failed:HTTP 403 for https://www.mojeek.com/search?q=LB%20Anderssons%20Tr%C3%A4dg%C3%A5rd%20AB%20hemsida | ddg_failed:Client network socket disconnected before secure TLS connection was established,,,,,,,,,,,,,,,,,,,,,,,,
559195-4952,Lindhagen Macken AB,Lindhagen Macken AB,Smycken,Livsmedel,Livsmedel; Butikshandel; Bilar; Detaljhandel; Bilreservdelar,Stockholm,Stockholm,Stockholm,112 43,Lindhagensplan 60,16952000,2025-12,in_band,true,8,,,,,,https://www.allabolag.se/foretag/lindhagen-macken-ab/stockholm/-/2KHB020I5YFWD,not_found,,hitta_orgnr:hitta_no_url_found | hitta_name:hitta_no_next_data | mojeek_failed:HTTP 403 for https://www.mojeek.com/search?q=Lindhagen%20Macken%20AB%20hemsida | ddg_failed:Client network socket disconnected before secure TLS connection was established,,,,,,,,,,,,,,,,,,,,,,,,
,,LEXIMA AB,Kosmetika,"Kosmetik, parfym och frisörartiklar","Kosmetik, parfym och frisörartiklar; Kosmetik - tillverkare och grossister; Grossister; Livsmedel; Livsmedel - agenturer och grossister; Evenemangsproduktioner; Konfektion; Kläder; Catering",Stockholm,Stockholm,Stockholm,112 26,Kungsbro Strand 29,16882000,2025-04,in_band,true,0,,,,,http://www.lexima.se/,https://www.allabolag.se/foretag/lexima-ab/stockholm/-/2K37C39I63IIB,hitta_orgnr,high,hitta_orgnr:hitta_detail | hitta_orgnr:https://www.hitta.se/lexima+ab/stockholm/cnnquyeak | hitta_orgnr:orgnr_match | hitta_orgnr:url_in_own_segment,lexima.se,,https://lexima.se,browser,no,,,,,,,,,,,,,,,no,,0,unreachable_or_parked,net::ERR_CONNECTION_CLOSED at https://lexima.se | method:browser
,Bäckmans Skoservice AB,Bäckmans Skoservice Aktiebolag,Skor,Skor,Skor; Läder och lädervaror; Reparatörer,Stockholm,Stockholm,Stockholm,114 39,Nybrogatan 23,16682000,2025-04,in_band,true,9,,+46 8 660 00 79,,,https://www.backmansskoservice.se/,https://www.allabolag.se/foretag/backmans-skoservice-aktiebolag/stockholm/-/2JYNEQOI5YHGY,hitta_orgnr,high,hitta_orgnr:hitta_detail | hitta_orgnr:https://www.hitta.se/b%C3%A4ckmans+skoservice+ab/stockholm/covdhggtu | hitta_orgnr:orgnr_match | hitta_orgnr:url_in_own_segment,backmansskoservice.se,info@backmansskoservice.se,https://backmansskoservice.se,static,yes,checkout_provider; cart; product_cards; priced_cards; provider:woocommerce,woocommerce,static@https://backmansskoservice.se:hasCart(urlPath:/varukorg) | static@https://backmansskoservice.se:pricedCards(multiPrices) | static@https://backmansskoservice.se:providers(woocommerce) | static@https://backmansskoservice.se:productCards(65) | DECISION@static@https://backmansskoservice.se,80,5,37,0,100,20,0,87,68,60,43,no,,75,"is_webshop, platform:woocommerce, catalog_50plus, seo_gap_low, missing_meta_desc, has_email",sitemap:80_products_from_2_sitemaps | seo_sampled:5 gap:43
556798-1203,Gastro Sweden Tech AB,Gastro Sweden Tech AB,Trädgård,"Restaurangutrustningar, storköksutrustningar","Restaurangutrustningar, storköksutrustningar; Grossister; Reparatörer; Maskinförnödenheter; Maskinförnödenheter - reparationer; Byggmästare; Elinstallationer",Skåne,Kristianstad,Kristianstad,291 36,Industrigatan 24,16343000,2024-12,in_band,true,3,,+46 44 10 92 00,,,https://www.gastrobutiken.se,https://www.allabolag.se/foretag/gastro-sweden-tech-ab/kristianstad/-/2K315SJI5YH9R,hitta_orgnr,high,hitta_orgnr:hitta_detail | hitta_orgnr:https://www.hitta.se/gastro+sweden+tech+ab/kristianstad/fnszanqzd | hitta_orgnr:orgnr_match | hitta_orgnr:url_in_own_segment,gastrobutiken.se,info@gastrobutiken.se,https://gastrobutiken.se,static,yes,cart; checkout; product_cards,,static@https://gastrobutiken.se:hasCheckout(urlPath:/checkout) | static@https://gastrobutiken.se:hasCart(uiPhrase) | static@https://gastrobutiken.se:productCards(15) | DECISION@static@https://gastrobutiken.se,80,5,52,72,40,0,20,97,93,0,33,no,,65,"is_webshop, catalog_50plus, seo_gap_low, no_product_schema, has_email, has_orgnr",sitemap:80_products_from_1_sitemaps | seo_sampled:5 gap:33
559049-5668,Pronito AB,Pronito AB,Kosmetika,Detaljhandel - annat,"Detaljhandel - annat; Detaljhandel; Postorder/e-handel; Kosmetik, parfym och frisörartiklar; Kosmetik - tillverkare och grossister; Grossister; Skolor och utbildning; Butikshandel",Halland,Falkenberg,Älvsered,311 63,Falkenbersvägen 10,16189000,2025-01,in_band,true,2,,,,,,https://www.allabolag.se/foretag/pronito-ab/falkenberg/-/2KGFQ2CI63ILV,not_found,,hitta_orgnr:hitta_no_url_found | hitta_name:hitta_no_next_data | mojeek_failed:HTTP 403 for https://www.mojeek.com/search?q=Pronito%20AB%20hemsida | ddg_failed:Client network socket disconnected before secure TLS connection was established,,,,,,,,,,,,,,,,,,,,,,,,
559097-3086,,Leksakscity Sverige AB,Leksaker,"Spel, nöjesanläggningsutrustningar","Spel, nöjesanläggningsutrustningar; Detaljhandel; Postorder/e-handel",Gävleborg,Gävle,Gävle,802 93,Johannesbergsvägen 27,16188000,2025-03,in_band,true,2,,+46 245 88 49,,,http://www.leksakscity.se,https://www.allabolag.se/foretag/leksakscity-sverige-ab/gavle/-/2KGPYFYI5YHPS,hitta_orgnr,high,hitta_orgnr:hitta_detail | hitta_orgnr:https://www.hitta.se/leksakscity+sverige+ab/anderstorp/ctuuxfmgo | hitta_orgnr:orgnr_match | hitta_orgnr:url_in_own_segment,leksakscity.se,hej@leksakscity.se,https://www.leksakscity.se/kontakta-var-kundtjanst-pa-leksakscity,browser,yes,checkout_provider; cart; checkout; product_cards; priced_cards; provider:svea; provider:prestashop,"svea,prestashop","main@https://www.leksakscity.se/:hasCheckout(urlPath:/kassa) | main@https://www.leksakscity.se/:hasCart(uiPhrase) | main@https://www.leksakscity.se/:pricedCards(multiPrices) | main@https://www.leksakscity.se/:providers(svea,prestashop) | main@https://www.leksakscity.se/:productCards(70) | DECISION@main@https://www.leksakscity.se/ | contact_like@https://www.leksakscity.se/kontakta-var-kundtjanst-pa-leksakscity:hasCheckout(urlPath:/kassa) | contact_like@https://www.leksakscity.se/kontakta-var-kundtjanst-pa-leksakscity:hasCart(uiPhrase) | contact_like@https://www.leksakscity.se/kontakta-var-kundtjanst-pa-leksakscity:pricedCards(multiPrices) | contact_like@https://www.leksakscity.se/kontakta-var-kundtjanst-pa-leksakscity:providers(svea,prestashop) | contact_like@https://www.leksakscity.se/kontakta-var-kundtjanst-pa-leksakscity:productCards(12) | DECISION@contact_like@https://www.leksakscity.se/kontakta-var-kundtjanst-pa-leksakscity",,,,,,,,,,,,no,,41,"is_webshop, platform:svea,prestashop, has_email, has_orgnr",dom_fallback:0_urls
556197-3958,L. Olsén Mode Aktiebolag,L. Olsén Mode Aktiebolag,Mode,Konfektion,"Konfektion; Butikshandel; Detaljhandel; Kläder, skor",Skåne,Malmö,Malmö,211 34,Södergatan 21,16079000,2025-04,in_band,true,9,,040232050,,,,https://www.allabolag.se/foretag/l-ols-n-mode-aktiebolag/malmo/-/2JZGEKMI63II4,not_found,,hitta_orgnr:hitta_no_url_found | hitta_name:hitta_no_next_data | mojeek_failed:HTTP 403 for https://www.mojeek.com/search?q=L.%20Ols%C3%A9n%20Mode%20Aktiebolag%20hemsida | ddg_failed:Client network socket disconnected before secure TLS connection was established,,,,,,,,,,,,,,,,,,,,,,,,
,,Tandhuset Crown AB,Kosmetika,Hälsotjänster,"Hälsotjänster; Tandläkare; Kosmetik, parfym och frisörartiklar; Kosmetik - tillverkare och grossister; Grossister",Norrbotten,Älvsbyn,Älvsbyn,942 33,Fluxenvägen 16,16039000,2025-12,in_band,true,11,,+46 929 104 00,,,http://tandhusetkronan.se,https://www.allabolag.se/foretag/tandhuset-crown-ab/alvsbyn/-/2KIGOYOI63IHB,hitta_orgnr,high,hitta_orgnr:hitta_detail | hitta_orgnr:https://www.hitta.se/tandhuset+kronan/%C3%A4lvsbyn/npuuzijcm | hitta_orgnr:orgnr_match | hitta_orgnr:url_in_own_segment,tandhusetkronan.se,info@tandhusetkronan.se; faktura@tandhusetkronan.se,https://www.tandhusetkronan.se/customer-service,browser,no,,,,,,,,,,,,,,,no,,0,not_webshop,
,,Gnosjö Trädgård & Handel AB,Trädgård,Järnvaror,"Järnvaror; Detaljhandel; Butikshandel; Reparatörer; Lantbruksmaskiner, förnödenheter - grossist; Lantbruksmaskiner, förnödenheter; Grossister; Maskinförnödenheter; Maskinförnödenheter - reparationer; MC, mopeder, skotrar",Jönköping,Gnosjö,Gnosjö,335 33,Idrottsvägen 3,15976000,2025-12,in_band,true,4,,,,,http://www.tradgardhandel.se/,https://www.allabolag.se/foretag/gnosjo-tradgard-och-handel-ab/gnosjo/-/2K1EA09I5YEU5,hitta_orgnr,high,hitta_orgnr:hitta_detail | hitta_orgnr:https://www.hitta.se/gnosj%C3%B6+tr%C3%A4dg%C3%A5rd+och+handel+ab/gnosj%C3%B6/mpbxzfmrs | hitta_orgnr:orgnr_match | hitta_orgnr:url_in_own_segment,tradgardhandel.se,,https://tradgardhandel.se,browser,no,,,,,,,,,,,,,,,no,,0,unreachable_or_parked,net::ERR_SSL_UNRECOGNIZED_NAME_ALERT at https://tradgardhandel.se | method:browser
559169-1836,O Sweitech AB,SweITech AB,E-handel,E-handel,"E-handel; Datorer - Kringutrustningar; Detaljhandel; Postorder/e-handel; Hushållsutrustningar, vitvaror; Hushållsutrustningar, vitvaror - grossister; Grossister",Stockholm,Stockholm,Skärholmen,127 39,Stensätravägen 5,15928000,2024-12,in_band,true,4,,,Support@techhuset.se,https://techhuset.se,https://techhuset.se,https://www.allabolag.se/foretag/sweitech-ab/stockholm/-/2KH5D18I5YDVM,already_present,,,techhuset.se,,https://techhuset.se,static,yes,cart; checkout; product_cards; priced_cards,,static@https://techhuset.se:hasCheckout(urlPath:/checkout) | static@https://techhuset.se:hasCart(uiPhrase) | static@https://techhuset.se:pricedCards(multiPrices) | static@https://techhuset.se:productCards(77) | DECISION@static@https://techhuset.se,,,,,,,,,,,,no,,28,"is_webshop, has_orgnr",dom_fallback:0_urls
556515-9448,LTM Liermann Trädgård & Markanläggning AB,LTM Liermann Trädgård & Markanläggning AB,Trädgård,Byggmästare,Byggmästare,Stockholm,Täby,Täby,187 38,Åkerbyvägen 374,15875000,2025-04,in_band,true,15,,0705687656,,,,https://www.allabolag.se/foretag/ltm-liermann-tradgard-och-markanlaggning-ab/taby/-/2K1COIGI5YDDT,not_found,,hitta_orgnr:hitta_no_url_found | hitta_name:hitta_no_url_found | mojeek_failed:HTTP 403 for https://www.mojeek.com/search?q=LTM%20Liermann%20Tr%C3%A4dg%C3%A5rd%20%26%20Markanl%C3%A4ggning%20AB%20hemsida | ddg_failed:Client network socket disconnected before secure TLS connection was established,,,,,,,,,,,,,,,,,,,,,,,,
,Fogel Mark & Trädgård AB,Fogel Mark & Trädgård AB,Trädgård,Parkanläggningar,Parkanläggningar,Stockholm,Vallentuna,Brottby,186 97,Brollsta By 27,15875000,2024-12,in_band,true,18,,+46 70 811 33 00,,,http://www.fogelmarkochtradgard.com,https://www.allabolag.se/foretag/fogel-mark-och-tradgard-ab/vallentuna/-/2KI0C4CI63IJW,hitta_orgnr,high,hitta_orgnr:hitta_detail | hitta_orgnr:https://www.hitta.se/fogel+mark+och+tr%C3%A4dg%C3%A5rd+ab/brottby/jknnvin | hitta_orgnr:orgnr_match | hitta_orgnr:url_in_own_segment,fogelmarkochtradgard.com,info@jennyfogel.se,https://fogelmarkochtradgard.com,static,no,,,,,,,,,,,,,,,no,,5,has_identity,
556586-8998,Elman Skog & Trädgård Aktiebolag,Elman Skog & Trädgård Aktiebolag,Trädgård,Maskinförnödenheter,Maskinförnödenheter; Grossister,Västmanland,Västerås,Västerås,721 35,Fältmätargatan 2,15865000,2025-08,in_band,true,4,,021149330,,,https://www.qctradgard.se/vasteras/,https://www.allabolag.se/foretag/elman-skog-och-tradgard-aktiebolag/vasteras/-/2K1RW06I5YG68,hitta_orgnr,high,hitta_orgnr:hitta_detail | hitta_orgnr:https://www.hitta.se/elman+skog+och+tr%C3%A4dg%C3%A5rd+ab/v%C3%A4ster%C3%A5s/ccpttuyj | hitta_orgnr:orgnr_match | hitta_orgnr:url_in_own_segment,qctradgard.se,strangnas@qctradgard.se; anders.sundqvist@qctradgard.se,https://qctradgard.se,browser,yes,checkout_provider; product_cards; priced_cards; provider:stripe; provider:woocommerce,"stripe,woocommerce","main@https://www.qctradgard.se/:pricedCards(multiPrices) | main@https://www.qctradgard.se/:providers(stripe,woocommerce) | main@https://www.qctradgard.se/:productCards(20) | DECISION@main@https://www.qctradgard.se/ | internal@https://www.qctradgard.se/artiklar/butiksinformation/vi-ar-qc-tradgardsexperten/:providers(stripe,woocommerce) | internal@https://www.qctradgard.se/artiklar/butiksinformation/vi-ar-qc-tradgardsexperten/:productCards(5) | DECISION@internal@https://www.qctradgard.se/artiklar/butiksinformation/vi-ar-qc-tradgardsexperten/",,,,,,,,,,,,no,,38,"is_webshop, platform:stripe,woocommerce, has_email",dom_fallback:0_urls
559096-7773,Grevie bygg & trädgård AB,Grevie bygg & trädgård AB,Trädgård,Byggmästare,Byggmästare; Rivningsarbeten; Jordbruk; Jordbruk - andra tjänster; Städservice,Skåne,Båstad,Grevie,269 62,Järnvägsgatan 21,15851000,2024-12,in_band,true,13,,,,,,https://www.allabolag.se/foretag/grevie-bygg-och-tradgard-ab/bastad/-/2KGPUCDI5YDDT,not_found,,hitta_orgnr:hitta_no_url_found | hitta_name:hitta_no_next_data | mojeek_failed:HTTP 403 for https://www.mojeek.com/search?q=Grevie%20bygg%20%26%20tr%C3%A4dg%C3%A5rd%20AB%20hemsida | ddg_failed:Client network socket disconnected before secure TLS connection was established,,,,,,,,,,,,,,,,,,,,,,,,
556977-0893,JL Comfort Group AB,JL Comfort Group AB,Kosmetika,Köksinredningar - agentur och grossist,"Köksinredningar - agentur och grossist; Köksinredningar; Grossister; Kosmetik, parfym och frisörartiklar; Kosmetik - tillverkare och grossister",Stockholm,Lidingö,,,,15787000,2022-12,in_band,true,12,,0850930960,,,,https://www.allabolag.se/foretag/jl-comfort-group-ab/lidingo/-/2K43IQ5I63IIE,not_found,,hitta_orgnr:hitta_search_failed:HTTP 404 for https://www.hitta.se/undefined/- | hitta_name:hitta_no_next_data | mojeek_failed:HTTP 403 for https://www.mojeek.com/search?q=JL%20Comfort%20Group%20AB%20hemsida | ddg_failed:Client network socket disconnected before secure TLS connection was established,,,,,,,,,,,,,,,,,,,,,,,,
,Bertil Norrby AB,Bertil Norrby Aktiebolag,Sport,Sport,"Sport; Detaljhandel; Butikshandel; Grossister; Livsmedel; Spannmål, råtobak, utsäde och djurfoder - grossister; Järnvaror",Gotland,Gotland,Burgsvik,623 35,Hoburgsvägen 42,15029000,2024-12,in_band,true,6,,,norrbys@swipnet.se,https://bertilnorrbyab.wordpress.com/,https://bertilnorrbyab.wordpress.com/,https://www.allabolag.se/foretag/bertil-norrby-ab/gotland/-/2JZ4GZOI5YHR6,already_present,,,bertilnorrbyab.wordpress.com,blog@wordpress.com; website@wordpress.com,https://bertilnorrbyab.wordpress.com,static,no,,,,,,,,,,,,,,,no,,5,has_identity,
556855-2698,Modebutiken i Mora AB,Modebutiken i Mora AB,Mode,Konfektion,"Konfektion; Butikshandel; Detaljhandel; Kläder, skor",Dalarna,Mora,Mora,792 30,Köpmannagatan 1,4993000,2025-08,in_band,true,2,,,,,,https://www.allabolag.se/foretag/modebutiken-i-mora-ab/mora/-/2K3DEREI63II4,not_found,,hitta_orgnr:hitta_no_url_found | hitta_name:hitta_no_next_data | mojeek_failed:HTTP 403 for https://www.mojeek.com/search?q=Modebutiken%20i%20Mora%20AB%20hemsida | ddg_failed:Client network socket disconnected before secure TLS connection was established,,,,,,,,,,,,,,,,,,,,,,,,
559288-1964,THY AB,THY AB,Hälsokost,Skolor och utbildning,"Skolor och utbildning; Livsmedel; Hälsokost, naturläkemedel; Detaljhandel; Butikshandel; Sport; Restauranger",Södermanland,Trosa,Trosa,619 33,Bråtagatan 8 a,4979000,2024-12,in_band,true,2,,,,,,https://www.allabolag.se/foretag/thy-ab/trosa/-/2KHUVCCI63IKI,not_found,,hitta_orgnr:hitta_no_url_found | hitta_name:hitta_no_next_data | mojeek_failed:HTTP 403 for https://www.mojeek.com/search?q=THY%20AB%20hemsida | ddg_failed:Client network socket disconnected before secure TLS connection was established,,,,,,,,,,,,,,,,,,,,,,,,
556635-7397,Anette & Maries Hudvård AB,Anette & Maries Hudvård AB,Hudvård,Hälsotjänster,Hälsotjänster,Halland,Halmstad,Halmstad,302 43,Klostergatan 10,4978000,2025-04,in_band,true,5,,035124041,,,,https://www.allabolag.se/foretag/anette-och-maries-hudvard-ab/halmstad/-/2K22CUTI63IHB,not_found,,hitta_orgnr:hitta_no_url_found | hitta_name:hitta_no_next_data | mojeek_failed:HTTP 403 for https://www.mojeek.com/search?q=Anette%20%26%20Maries%20Hudv%C3%A5rd%20AB%20hemsida | ddg_failed:Client network socket disconnected before secure TLS connection was established,,,,,,,,,,,,,,,,,,,,,,,,
556962-5436,Robeva Mode AB,Robeva Mode AB,Mode,Konfektion,"Konfektion; Butikshandel; Detaljhandel; Kläder, skor",Örebro,Örebro,Örebro,702 11,Stortorget 2,4970000,2024-12,in_band,true,4,,,,,,https://www.allabolag.se/foretag/robeva-mode-ab/orebro/-/2K40EHOI63II4,not_found,,hitta_orgnr:hitta_no_url_found | hitta_name:hitta_no_next_data | mojeek_failed:HTTP 403 for https://www.mojeek.com/search?q=Robeva%20Mode%20AB%20hemsida | ddg_failed:Client network socket disconnected before secure TLS connection was established,,,,,,,,,,,,,,,,,,,,,,,,
,,Hans Mikael Johansson AB,Trädgård,Entreprenadmaskinsarbeten,"Entreprenadmaskinsarbeten; Markentreprenörer, anläggningsentreprenörer; Konsulter; Teknikkonsulter; Entreprenörer; Byggmästare; Färger, lacker, tapeter; Detaljhandel; Butikshandel",Västra Götaland,Tibro,Tibro,54335,Västra Långgatan 167,4944000,2024-12,in_band,true,4,,+46 504 50 41 10,kontakt@xn--minigrvarn-v5a.se,https://xn--minigrvarn-v5a.se/,https://xn--minigrvarn-v5a.se/,https://www.allabolag.se/foretag/hans-mikael-johansson-ab/tibro/-/2K2EQWPI5YE2J,already_present,,,xn--minigrvarn-v5a.se,kontakt@minigr%c3%a4varn.se,https://xn--minigrvarn-v5a.se,browser,no,,,main@https://xn--minigrvarn-v5a.se/:samplingRan(sampled=0),,,,,,,,,,,,no,,0,not_webshop,
556613-4655,Eken Mode AB,Eken Mode AB,Mode,Konfektion,"Konfektion; Butikshandel; Detaljhandel; Kläder, skor",Västra Götaland,Göteborg,,,,4921000,2024-12,in_band,true,3,,031940395,,,,https://www.allabolag.se/foretag/eken-mode-ab/goteborg/-/2K1XKZJI63II4,not_found,,hitta_orgnr:hitta_no_url_found | hitta_name:hitta_no_next_data | mojeek_failed:HTTP 403 for https://www.mojeek.com/search?q=Eken%20Mode%20AB%20hemsida | ddg_failed:Client network socket disconnected before secure TLS connection was established,,,,,,,,,,,,,,,,,,,,,,,,
556687-4417,Kode Stängsel AB,Kode Stängsel AB,Mode,"Stängsel, stängselnät","Stängsel, stängselnät; Byggmästare",Västra Götaland,Kungälv,Kode,442 60,Kodev. 19,4866000,2025-08,in_band,true,2,,070 8363230,kodestangsel@telia.com,,,https://www.allabolag.se/foretag/kode-stangsel-ab/kungalv/-/2K2DFSHI5YH7Y,not_found,,hitta_orgnr:hitta_no_url_found | hitta_name:hitta_no_next_data | mojeek_failed:HTTP 403 for https://www.mojeek.com/search?q=Kode%20St%C3%A4ngsel%20AB%20hemsida | ddg_failed:Client network socket disconnected before secure TLS connection was established,,,,,,,,,,,,,,,,,,,,,,,,
559401-6783,Mode Agency Scandinavia AB,Mode Agency Scandinavia AB,Mode,Agenturer,Agenturer; Textilier - Agentur,Stockholm,Stockholm,Stockholm,114 24,Karlavägen 3,4830000,2025-12,in_band,true,1,,,,,,https://www.allabolag.se/foretag/mode-agency-scandinavia-ab/stockholm/-/2KIJ6Z3I5YCRG,not_found,,hitta_orgnr:hitta_no_url_found | hitta_name:hitta_no_next_data | mojeek_failed:HTTP 403 for https://www.mojeek.com/search?q=Mode%20Agency%20Scandinavia%20AB%20hemsida | ddg_failed:Client network socket disconnected before secure TLS connection was established,,,,,,,,,,,,,,,,,,,,,,,,
,Adress Följ oss 0410-42900 rozzie@telia,Robert Sandqvist Mode AB,Mode,Konfektion,"Konfektion; Butikshandel; Detaljhandel; Kläder, skor",Skåne,Skurup,Skurup,274 35,Bruksgatan 4,4786000,2024-12,in_band,true,3,,+46 410 429 00,,,https://rozzie.se/,https://www.allabolag.se/foretag/robert-sandqvist-mode-ab/skurup/-/2K1RP7DI63II4,hitta_orgnr,high,hitta_orgnr:hitta_detail | hitta_orgnr:https://www.hitta.se/rozzie/trelleborg/jjpyzhlmn | hitta_orgnr:orgnr_match | hitta_orgnr:url_in_own_segment,rozzie.se,rozzie@telia.com,https://rozzie.se/kontakt,browser,no,,,main@https://rozzie.se/:samplingRan(sampled=0),,,,,,,,,,,,no,,5,has_identity,
,,Signum Modehus Aktiebolag,Mode,Konfektion,"Konfektion; Butikshandel; Detaljhandel; Kläder, skor",Skåne,Trelleborg,Trelleborg,231 42,Algatan 56,4760000,2025-04,in_band,true,3,,+46 410 526 50; +46 70 630 80 07,,,http://www.signum.nu,https://www.allabolag.se/foretag/signum-modehus-aktiebolag/trelleborg/-/2JZBFGZI63II4,hitta_orgnr,high,hitta_orgnr:hitta_detail | hitta_orgnr:https://www.hitta.se/signum+modehus+ab/trelleborg/knortvef | hitta_orgnr:orgnr_match | hitta_orgnr:url_in_own_segment,signum.nu,butiken@signum.nu; ola@signum.nu,https://signum.nu/om-oss,browser,yes,checkout_provider; checkout; provider:magento,magento,main@https://signum.nu/:hasCheckout(uiPhrase) | main@https://signum.nu/:providers(magento) | DECISION@main@https://signum.nu/ | contact_like@https://signum.nu/om-oss/:hasCheckout(uiPhrase) | contact_like@https://signum.nu/om-oss/:providers(magento) | DECISION@contact_like@https://signum.nu/om-oss/,8,5,9,246,0,100,80,86,38,0,54,no,,69,"is_webshop, platform:magento, catalog_small, seo_gap_moderate, duplicate_titles, no_product_schema, has_email",dom_fallback:8_urls | seo_sampled:5 gap:54
,,Gilla Fox modehus i Vadstena AB,Mode,Damkläder,"Damkläder; Konfektion; Butikshandel; Detaljhandel; Kläder, skor",Östergötland,Vadstena,Vadstena,592 30,St. Torget 1,4756000,2024-12,in_band,true,1,,+46 143 100 14; +46 70 671 27 81,,,http://strandbergsmode.se/,https://www.allabolag.se/foretag/gilla-fox-modehus-i-vadstena-ab/vadstena/-/2KGFAGFI5YDJS,hitta_orgnr,high,hitta_orgnr:hitta_detail | hitta_orgnr:https://www.hitta.se/gilla+fox+modehus+i+vadstena+ab/vadstena/jagbilobx | hitta_orgnr:orgnr_match | hitta_orgnr:url_in_own_segment,strandbergsmode.se,,https://www.strandbergsmode.se/contact,browser,no,product_cards; sampled_2,,main@https://www.strandbergsmode.se/:productCards(3) | main@https://www.strandbergsmode.se/:samplingRan(sampled=2) | sampleURL@https://strandbergsmode.se/vra-mrken:status=200 | sampleURL@https://strandbergsmode.se/about:status=200 | contact_like@https://www.strandbergsmode.se/about:productCards(2) | contact_like@https://www.strandbergsmode.se/kontakta:productCards(3) | contact_like@https://www.strandbergsmode.se/contact:productCards(2),,,,,,,,,,,,no,,0,not_webshop,
556103-4181,TEKO - Sveriges Textil och Modeföretag Service AB,TEKO - Sveriges Textil och Modeföretag Service AB,Mode,Föreningar,Föreningar,Stockholm,Stockholm,Stockholm,114 44,Storgatan 5,4666000,2024-12,in_band,true,0,,,,,,https://www.allabolag.se/foretag/teko-sveriges-textil-och-modeforetag-service-ab/stockholm/-/2JYW9FPI63IGG,not_found,,hitta_orgnr:hitta_no_url_found | hitta_name:hitta_no_next_data | mojeek_failed:HTTP 403 for https://www.mojeek.com/search?q=TEKO%20-%20Sveriges%20Textil%20och%20Modef%C3%B6retag%20Service%20AB%20hemsida | ddg_failed:Client network socket disconnected before secure TLS connection was established,,,,,,,,,,,,,,,,,,,,,,,,
556730-2350,MiJes Mode AB,MiJes Mode AB,Mode,Konfektion,"Konfektion; Butikshandel; Detaljhandel; Kläder, skor; Postorder/e-handel",Östergötland,Linköping,Linköping,581 28,Västrasvedengatan I-Huset,4640000,2025-08,in_band,true,2,,013151511,,,,https://www.allabolag.se/foretag/mijes-mode-ab/linkoping/-/2K2MLZII63II4,not_found,,hitta_orgnr:hitta_no_url_found | hitta_name:hitta_no_next_data | mojeek_failed:HTTP 403 for https://www.mojeek.com/search?q=MiJes%20Mode%20AB%20hemsida | ddg_failed:Client network socket disconnected before secure TLS connection was established,,,,,,,,,,,,,,,,,,,,,,,,
556503-1613,Borlänge Hälsokost AB,Borlänge Hälsokost AB,Hälsokost,Livsmedel,"Livsmedel; Hälsokost, naturläkemedel; Detaljhandel; Butikshandel",Dalarna,Borlänge,Borlänge,784 33,Borganäsvägen 26,4599000,2025-04,in_band,true,3,,,,,,https://www.allabolag.se/foretag/borlange-halsokost-ab/borlange/-/2K19XVHI5YFWD,not_found,,hitta_orgnr:hitta_no_url_found | hitta_name:hitta_no_next_data | mojeek_failed:HTTP 403 for https://www.mojeek.com/search?q=Borl%C3%A4nge%20H%C3%A4lsokost%20AB%20hemsida | ddg_failed:Client network socket disconnected before secure TLS connection was established,,,,,,,,,,,,,,,,,,,,,,,,
,,Hayssam i Sandviken AB,Skor,Skor,Skor; Läder och lädervaror; Reparatörer; Tvätterier,Gävleborg,Sandviken,Sandviken,811 39,Köpmangatan 9,4580000,2024-12,in_band,true,1-4,,,,,https://xn--gvlekemtvtt-l8ai.se/,https://www.allabolag.se/foretag/hayssam-i-sandviken-ab/sandviken/-/2K2E2TRI5YHGY,hitta_orgnr,high,hitta_orgnr:hitta_detail | hitta_orgnr:https://www.hitta.se/g%C3%A4vle+tv%C3%A4tten+klackbaren+tv%C3%A4tt%C3%A5get/g%C3%A4vle/mnnubfaqr | hitta_orgnr:orgnr_match | hitta_orgnr:url_in_own_segment,xn--gvlekemtvtt-l8ai.se,,https://xn--gvlekemtvtt-l8ai.se,browser,no,,,,,,,,,,,,,,,no,,0,unreachable_or_parked,net::ERR_CONNECTION_CLOSED at https://xn--gvlekemtvtt-l8ai.se | method:browser
556926-3048,Harry Christiansson Mode AB,Harry Christiansson Mode AB,Mode,Konfektion,"Konfektion; Butikshandel; Detaljhandel; Kläder, skor",Västra Götaland,Borås,Borås,503 37,Österlånggatan 44,4572000,2025-08,in_band,true,2,,,,,,https://www.allabolag.se/foretag/harry-christiansson-mode-ab/boras/-/2K3SMVCI63II4,not_found,,hitta_orgnr:hitta_no_url_found | hitta_name:hitta_no_next_data | mojeek_failed:HTTP 403 for https://www.mojeek.com/search?q=Harry%20Christiansson%20Mode%20AB%20hemsida | ddg_failed:Client network socket disconnected before secure TLS connection was established,,,,,,,,,,,,,,,,,,,,,,,,
556301-8646,Look & like Mode Aktiebolag,Look & like Mode Aktiebolag,Mode,Konfektion,"Konfektion; Butikshandel; Detaljhandel; Kläder, skor",Västra Götaland,Uddevalla,Uddevalla,451 30,Kungsgatan 17,4563000,2025-02,in_band,true,2,,,,,,https://www.allabolag.se/foretag/look-och-like-mode-aktiebolag/uddevalla/-/2K02SNQI63II4,not_found,,hitta_orgnr:hitta_no_url_found | hitta_name:hitta_no_next_data | mojeek_failed:HTTP 403 for https://www.mojeek.com/search?q=Look%20%26%20like%20Mode%20Aktiebolag%20hemsida | ddg_failed:Client network socket disconnected before secure TLS connection was established,,,,,,,,,,,,,,,,,,,,,,,,
556295-2308,Modebutiken Jon & Jonna Aktiebolag,Modebutiken Jon & Jonna Aktiebolag,Mode,Konfektion,"Konfektion; Butikshandel; Detaljhandel; Kläder, skor",Örebro,Karlskoga,Karlskoga,691 31,Kilgatan 5,4551000,2025-08,in_band,true,3,,,,,,https://www.allabolag.se/foretag/modebutiken-jon-och-jonna-aktiebolag/karlskoga/-/2K01DH0I63II4,not_found,,hitta_orgnr:hitta_no_url_found | hitta_name:hitta_no_next_data | mojeek_failed:HTTP 403 for https://www.mojeek.com/search?q=Modebutiken%20Jon%20%26%20Jonna%20Aktiebolag%20hemsida | ddg_failed:Client network socket disconnected before secure TLS connection was established,,,,,,,,,,,,,,,,,,,,,,,,
556977-0695,H.A Smycken AB,H.A Smycken AB,Smycken,Urmakare,"Urmakare; Klockor, ur; Guld, silver, ädelstenar; Butikshandel",Stockholm,Upplands Väsby,Upplands Väsby,194 70,Dragonvägen 86,4537000,2024-12,in_band,true,3,,,,,,https://www.allabolag.se/foretag/h-a-smycken-ab/upplands-vasby/-/2K43IKNI63IL5,not_found,,hitta_orgnr:hitta_no_url_found | hitta_name:hitta_no_url_found | mojeek_failed:HTTP 403 for https://www.mojeek.com/search?q=H.A%20Smycken%20AB%20hemsida | ddg_failed:Client network socket disconnected before secure TLS connection was established,,,,,,,,,,,,,,,,,,,,,,,,
,Påryd Toffeln Drivs av Webador,Sandgrens - Toffeln AB,Skor,Skor,Skor; Skor och tillbehör - produktion; Producenter,Kalmar,Kalmar,Påryd,388 99,Ugglebo 611,4536000,2024-12,in_band,true,3,,+46 70 819 30 39,,,http://www.parydtoffeln.se,https://www.allabolag.se/foretag/sandgrens-toffeln-ab/kalmar/-/2K34K24I5YHGY,hitta_orgnr,high,hitta_orgnr:hitta_detail | hitta_orgnr:https://www.hitta.se/sandgrens+toffeln+ab/p%C3%A5ryd/msydlqvef | hitta_orgnr:orgnr_match | hitta_orgnr:url_in_own_segment,parydtoffeln.se,support@webador.com,https://www.parydtoffeln.se/customer-service,browser,yes,cart; product_cards; priced_cards,,main@https://www.parydtoffeln.se/:hasCart(urlPath:/cart) | main@https://www.parydtoffeln.se/:pricedCards(multiPrices) | main@https://www.parydtoffeln.se/:productCards(200) | DECISION@main@https://www.parydtoffeln.se/ | contact_like@https://www.parydtoffeln.se/om-oss:hasCart(urlPath:/cart) | contact_like@https://www.parydtoffeln.se/om-oss:samplingRan(sampled=0) | contact_like@https://www.parydtoffeln.se/kontakt-oeppettider:hasCart(urlPath:/cart) | contact_like@https://www.parydtoffeln.se/:hasCart(urlPath:/cart) | contact_like@https://www.parydtoffeln.se/:pricedCards(multiPrices) | contact_like@https://www.parydtoffeln.se/:productCards(200) | DECISION@contact_like@https://www.parydtoffeln.se/ | internal@https://www.parydtoffeln.se/:hasCart(urlPath:/cart) | internal@https://www.parydtoffeln.se/:pricedCards(multiPrices) | internal@https://www.parydtoffeln.se/:productCards(200) | DECISION@internal@https://www.parydtoffeln.se/,48,5,44,172,0,0,0,68,0,0,33,no,,57,"is_webshop, catalog_20plus, seo_gap_low, thin_product_copy, no_product_schema, has_email",sitemap:48_products_from_5_sitemaps | seo_sampled:5 gap:33
559450-3319,Smycka butiksbolaget i Sundsvall AB,Smycka butiksbolaget i Sundsvall AB,Smycken,Urmakare,"Urmakare; Klockor, ur; Guld, silver, ädelstenar; Butikshandel",Västernorrland,Sundsvall,Sundsvall,856 30,Medborgargatan 31 d,4506000,2025-04,in_band,true,2,,,,,,https://www.allabolag.se/foretag/smycka-butiksbolaget-i-sundsvall-ab/sundsvall/-/2KITMDZI63IL5,not_found,,hitta_orgnr:hitta_no_url_found | hitta_name:hitta_no_next_data | mojeek_failed:HTTP 403 for https://www.mojeek.com/search?q=Smycka%20butiksbolaget%20i%20Sundsvall%20AB%20hemsida | ddg_failed:Client network socket disconnected before secure TLS connection was established,,,,,,,,,,,,,,,,,,,,,,,,
,GymPartner Träningsutrustning i Mölndal AB,GymPartner Träningsutrustning i Mölndal AB,Sport,Sport,Sport; Sport - grossist; Grossister,Västra Götaland,Mölndal,Mölndal,431 33,Nämndemansgatan 17,4494000,2025-09,in_band,true,2,,+46 300 280 80; +46 76 393 30 57; +46 900 1600,maximus@gympartner.nu,https://gympartner.nu/,https://gympartner.nu/,https://www.allabolag.se/foretag/gympartner-traningsutrustning/molndal/-/2KGEQD4I5YHR6,already_present,,,gympartner.nu,maximus@gympartner.nu; hej@gympartner.nu,https://gympartner.nu,static,yes,checkout_provider; cart; checkout; provider:woocommerce,woocommerce,static@https://gympartner.nu:hasCheckout(urlPath:/checkout) | static@https://gympartner.nu:hasCart(urlPath:/cart) | static@https://gympartner.nu:providers(woocommerce) | DECISION@static@https://gympartner.nu,80,5,54,139,0,0,0,97,857,100,0,no,,53,"is_webshop, platform:woocommerce, catalog_50plus, seo_gap_low, has_email",sitemap:80_products_from_2_sitemaps | seo_sampled:5 gap:0
,,Modins Takreparationer AB,Mode,Takbeläggningar,Takbeläggningar; Byggmästare; Takarbeten,,,Filipstad,682 91,Kalhyttev. 16,4447000,2024-12,in_band,true,1,,,info@modinstak.se,http://www.modinstak.se,http://www.modinstak.se,https://www.allabolag.se/foretag/modins-takreparationer-ab/-/-/2K1KMY7I5YHVS,already_present,,,modinstak.se,,https://modinstak.se,browser,no,,,,,,,,,,,,,,,no,,0,unreachable_or_parked,net::ERR_CONNECTION_CLOSED at https://modinstak.se | method:browser
556362-3189,Leklust AB,Elons Leksaker AB,Leksaker,"Spel, nöjesanläggningsutrustningar","Spel, nöjesanläggningsutrustningar; Butikshandel; Detaljhandel",Västmanland,Sala,Sala,733 30,Rådhusgatan 8 c,4446000,2024-12,in_band,true,3,,,,,http://www.leklust.se/butiker/sala/,https://www.allabolag.se/foretag/elons-leksaker-ab/sala/-/2K0FR4LI5YHPS,hitta_orgnr,high,hitta_orgnr:hitta_detail | hitta_orgnr:https://www.hitta.se/elons+leksaker+ab/sala/lnsuvbjl | hitta_orgnr:orgnr_match | hitta_orgnr:url_in_own_segment,leklust.se,,https://leklust.se,static,no,product_cards,,static@https://leklust.se:productCards(19),,,,,,,,,,,,no,,5,has_identity,
556732-3174,Klock o smyckesbutiken i Falkenberg AB,Klock o smyckesbutiken i Falkenberg AB,Smycken,Urmakare,"Urmakare; Klockor, ur; Guld, silver, ädelstenar; Butikshandel",Halland,Falkenberg,Falkenberg,311 31,Nygatan 38,4426000,2025-08,in_band,true,2,,034610582,,,,https://www.allabolag.se/foretag/klock-o-smyckesbutiken-i-falkenberg-ab/falkenberg/-/2K2N21YI63IL5,not_found,,hitta_orgnr:hitta_no_url_found | hitta_name:hitta_no_next_data | mojeek_failed:HTTP 403 for https://www.mojeek.com/search?q=Klock%20o%20smyckesbutiken%20i%20Falkenberg%20AB%20hemsida | ddg_failed:Client network socket disconnected before secure TLS connection was established,,,,,,,,,,,,,,,,,,,,,,,,
556988-5287,AB Visby Hälsokost,AB Visby Hälsokost,Hälsokost,Livsmedel,"Livsmedel; Hälsokost, naturläkemedel; Detaljhandel; Butikshandel; Hälsotjänster",Gotland,Gotland,Visby,621 58,Söderväg 6,4425000,2025-02,in_band,true,3,,+46 498 24 00 83,,,https://visbyhalsokost.se/,https://www.allabolag.se/foretag/ab-visby-halsokost/gotland/-/2K45YZRI5YFWD,hitta_orgnr,high,hitta_orgnr:hitta_detail | hitta_orgnr:https://www.hitta.se/visby+h%C3%A4lsokost+ab/visby/aoseamtuv | hitta_orgnr:orgnr_match | hitta_orgnr:url_in_own_segment,visbyhalsokost.se,info@visbyhalsokost.se,https://visbyhalsokost.se,static,yes,checkout_provider; cart; checkout; product_cards; priced_cards; provider:woocommerce,woocommerce,static@https://visbyhalsokost.se:hasCheckout(uiPhrase) | static@https://visbyhalsokost.se:hasCart(urlPath:/varukorg) | static@https://visbyhalsokost.se:pricedCards(multiPrices) | static@https://visbyhalsokost.se:providers(woocommerce) | static@https://visbyhalsokost.se:productCards(54) | DECISION@static@https://visbyhalsokost.se,9,4,14,494,0,100,50,90,0,0,55,no,,73,"is_webshop, platform:woocommerce, catalog_small, seo_gap_moderate, duplicate_titles, thin_product_copy, no_product_schema, has_email, has_orgnr",dom_fallback:9_urls | seo_sampled:4 gap:55
559099-0262,Fadi & Milad Skomakeri AB,Fadi & Milad Skomakeri AB,Skor,Skor,Skor; Läder och lädervaror; Reparatörer,Stockholm,Stockholm,Stockholm,115 20,Karlaplan 13,4422000,2025-04,in_band,true,6,,,,,,https://www.allabolag.se/foretag/fadi-och-milad-skomakeri-ab/stockholm/-/2KGQBP2I5YHGY,not_found,,hitta_orgnr:hitta_no_url_found | hitta_name:hitta_no_next_data | mojeek_failed:HTTP 403 for https://www.mojeek.com/search?q=Fadi%20%26%20Milad%20Skomakeri%20AB%20hemsida | ddg_failed:Client network socket disconnected before secure TLS connection was established,,,,,,,,,,,,,,,,,,,,,,,,
,,ColorGlo International Sweden AB,Skor,Skor,Möbler; Reparatörer; Producenter; Läder och lädervaror - tillverkning; Läder och lädervaror; Bilar; Bilreparationer; Möbler - Produktion; Skor,Skåne,Helsingborg,Helsingborg,254 67,Karbingatan 12,4412000,2025-04,in_band,true,4,,,,,https://www.colorglo.se/,https://www.allabolag.se/foretag/colorglo-international-sweden-ab/helsingborg/-/2K2RNH3I5YHGY,hitta_orgnr,high,hitta_orgnr:hitta_detail | hitta_orgnr:https://www.hitta.se/colorglo-international-sweden-ab/helsingborg/koovhmrb | hitta_orgnr:orgnr_match | hitta_orgnr:url_in_own_segment,colorglo.se,,https://colorglo.se,static,no,,,,,,,,,,,,,,,no,,0,parked_domain,parked_domain_detected
559112-2204,Vapenation AB,Vapenation AB,E-handel,E-handel,Tobak; E-handel; Detaljhandel; Butikshandel,Uppsala,Enköping,Enköping,749 40,Annelundsgatan 17 c,4386000,2025-06,in_band,true,2,,,info@vapenation.se,,,https://www.allabolag.se/foretag/vapenation-ab/enkoping/-/2KGT5I4I5YDVM,not_found,,hitta_orgnr:hitta_no_url_found | hitta_name:hitta_no_next_data | mojeek_failed:HTTP 403 for https://www.mojeek.com/search?q=Vapenation%20AB%20hemsida | ddg_failed:Client network socket disconnected before secure TLS connection was established,,,,,,,,,,,,,,,,,,,,,,,,
556934-1133,CITYLEKSAKER I LANDSKRONA AB,CITYLEKSAKER I LANDSKRONA AB,Leksaker,"Spel, nöjesanläggningsutrustningar","Spel, nöjesanläggningsutrustningar; Butikshandel; Detaljhandel",Skåne,Landskrona,Landskrona,261 33,Eriksgatan 4,4385000,2024-12,in_band,true,3,,,,,,https://www.allabolag.se/foretag/cityleksaker-i-landskrona-ab/landskrona/-/2K3UB4DI5YHPS,not_found,,hitta_orgnr:hitta_no_url_found | hitta_name:hitta_no_next_data | mojeek_failed:HTTP 403 for https://www.mojeek.com/search?q=CITYLEKSAKER%20I%20LANDSKRONA%20AB%20hemsida | ddg_failed:Client network socket disconnected before secure TLS connection was established,,,,,,,,,,,,,,,,,,,,,,,,
556663-9943,Soeasy Hudvård AB,Soeasy Hudvård AB,Hudvård,Hudvårdsprodukter,Hudvårdsprodukter,Värmland,Hammarö,Skoghall,663 30,Badhusgatan 2,4306000,2024-12,in_band,true,4,,,,,,https://www.allabolag.se/foretag/soeasy-hudvard-ab/hammaro/-/2K28EVBI63IH6,not_found,,hitta_orgnr:hitta_no_url_found | hitta_name:hitta_no_next_data | mojeek_failed:HTTP 403 for https://www.mojeek.com/search?q=Soeasy%20Hudv%C3%A5rd%20AB%20hemsida | ddg_failed:Client network socket disconnected before secure TLS connection was established,,,,,,,,,,,,,,,,,,,,,,,,
559023-6369,Klockan & Smycket Triangeln AB,Klockan & Smycket Triangeln AB,Smycken,Urmakare,"Urmakare; Klockor, ur; Guld, silver, ädelstenar; Butikshandel",Skåne,Malmö,Malmö,211 46,S:T Johannesgatan 1 e,4296000,2025-12,in_band,true,3,,,,,,https://www.allabolag.se/foretag/klockan-och-smycket-triangeln-ab/malmo/-/2KGA5ZLI63IL5,not_found,,hitta_orgnr:hitta_no_url_found | hitta_name:hitta_no_next_data | mojeek_failed:HTTP 403 for https://www.mojeek.com/search?q=Klockan%20%26%20Smycket%20Triangeln%20AB%20hemsida | ddg_failed:Client network socket disconnected before secure TLS connection was established,,,,,,,,,,,,,,,,,,,,,,,,
559338-4653,AT Hantverk AB,AT Hantverk AB,Skor,Skor,"Reparatörer; Privat tjänsteutövning; Läder och lädervaror; Läder, skor, inredning, reseeffekter och textilier; Detaljhandel; Butikshandel; Skor",Stockholm,Lidingö,Lidingö,181 32,Stockholmsvägen 54,4236000,2024-12,in_band,true,2,,,,,,https://www.allabolag.se/foretag/at-hantverk-ab/lidingo/-/2KI5N7XI5YHGY,not_found,,hitta_orgnr:hitta_no_url_found | hitta_name:hitta_no_next_data | mojeek_failed:HTTP 403 for https://www.mojeek.com/search?q=AT%20Hantverk%20AB%20hemsida | ddg_failed:Client network socket disconnected before secure TLS connection was established,,,,,,,,,,,,,,,,,,,,,,,,
556459-0254,Nyqvist Hälsokost AB,Nyqvist Hälsokost AB,Hälsokost,Livsmedel,"Livsmedel; Hälsokost, naturläkemedel; Detaljhandel; Butikshandel",Västra Götaland,Alingsås,Alingsås,441 30,Kungsgatan 29,4215000,2025-04,in_band,true,4,,032216690,,,,https://www.allabolag.se/foretag/nyqvist-halsokost-ab/alingsas/-/2K10HBII5YFWD,not_found,,hitta_orgnr:hitta_no_url_found | hitta_name:hitta_no_next_data | mojeek_failed:HTTP 403 for https://www.mojeek.com/search?q=Nyqvist%20H%C3%A4lsokost%20AB%20hemsida | ddg_failed:Client network socket disconnected before secure TLS connection was established,,,,,,,,,,,,,,,,,,,,,,,,
556911-7665,Mörby Sko & Nyckel Service AB,Mörby Sko & Nyckel Service AB,Skor,Skor,Skor; Läder och lädervaror; Reparatörer,Stockholm,Danderyd,Danderyd,182 31,Mörby Centrum 4,4199000,2025-12,in_band,true,3,,,,,,https://www.allabolag.se/foretag/morby-sko-och-nyckel-service-ab/danderyd/-/2K3PIOXI5YHGY,not_found,,hitta_orgnr:hitta_no_url_found | hitta_name:hitta_no_next_data | mojeek_failed:HTTP 403 for https://www.mojeek.com/search?q=M%C3%B6rby%20Sko%20%26%20Nyckel%20Service%20AB%20hemsida | ddg_failed:Client network socket disconnected before secure TLS connection was established,,,,,,,,,,,,,,,,,,,,,,,,
556226-8747,Leksakshuset Backabo Fastighetsförvaltning AB,Leksakshuset Backabo Fastighetsförvaltning AB,Leksaker,"Spel, nöjesanläggningsutrustningar","Spel, nöjesanläggningsutrustningar; Butikshandel; Detaljhandel; Fastighetsbolag, lokaler",Blekinge,Karlskrona,Karlskrona,371 54,Lallerstedts Gata 5,4195000,2024-12,in_band,true,0,,045524210,,,,https://www.allabolag.se/foretag/leksakshuset-backabo-fastighetsforvaltning-ab/karlskrona/-/2JZMQ17I5YHPS,not_found,,hitta_orgnr:hitta_no_url_found | hitta_name:hitta_no_next_data | mojeek_failed:HTTP 403 for https://www.mojeek.com/search?q=Leksakshuset%20Backabo%20Fastighetsf%C3%B6rvaltning%20AB%20hemsida | ddg_failed:Client network socket disconnected before secure TLS connection was established,,,,,,,,,,,,,,,,,,,,,,,,
556461-2173,Tengblads Mode Aktiebolag,Tengblads Mode Aktiebolag,Mode,Konfektion,"Konfektion; Butikshandel; Detaljhandel; Kläder, skor",Jönköping,Jönköping,Huskvarna,561 32,Tegnérgatan 2 b,4169000,2025-06,in_band,true,3,,036130337,,,,https://www.allabolag.se/foretag/tengblads-mode-aktiebolag/jonkoping/-/2K10Y8DI63II4,not_found,,hitta_orgnr:hitta_no_url_found | hitta_name:hitta_no_next_data | mojeek_failed:HTTP 403 for https://www.mojeek.com/search?q=Tengblads%20Mode%20Aktiebolag%20hemsida | ddg_failed:Client network socket disconnected before secure TLS connection was established,,,,,,,,,,,,,,,,,,,,,,,,
559016-7465,Karrar Hår- och Hudvård AB,Karrar Hår- och Hudvård AB,Hudvård,"Kosmetik, parfym och frisörartiklar","Kosmetik, parfym och frisörartiklar; Detaljhandel; Butikshandel",Västmanland,Västerås,Västerås,721 38,Krankroksgatan 17,4105000,2025-08,in_band,true,2,,,,,,https://www.allabolag.se/foretag/karrar-har-och-hudvard-ab/vasteras/-/2KG8OTLI63IIB,not_found,,hitta_orgnr:hitta_no_url_found | hitta_name:hitta_no_next_data | mojeek_failed:HTTP 403 for https://www.mojeek.com/search?q=Karrar%20H%C3%A5r-%20och%20Hudv%C3%A5rd%20AB%20hemsida | ddg_failed:Client network socket disconnected before secure TLS connection was established,,,,,,,,,,,,,,,,,,,,,,,,
,,Torsten Pettersson Båt & Heminredning Aktiebolag,Heminredning,Textilier,Textilier; Textilier - Partihandel; Grossister; Textilier - Produktion; Producenter,Västra Götaland,Mölndal,Lindome,437 22,Annestorpsvägen 22,4105000,2025-12,in_band,true,3,,,,,https://m.facebook.com/Petterssoninredning/,https://www.allabolag.se/foretag/torsten-pettersson-bat-och-heminredning-aktiebolag/molndal/-/2JZA8UYI5YI1F,hitta_orgnr,high,hitta_orgnr:hitta_detail | hitta_orgnr:https://www.hitta.se/torsten+pettersson+b%C3%A5t+och+heminredning+ab/lindome/ilrsxxim | hitta_orgnr:orgnr_match | hitta_orgnr:url_in_own_segment,m.facebook.com,dev7561@gmail.com; kundansvarig@studioexpress.se,https://www.facebook.com/customer-service,browser,yes,checkout_provider; provider:adyen,adyen,main@https://www.facebook.com/?_rdr:samplingRan(sampled=0) | contact_like@https://www.meta.com/en-gb/about/?utm_source=about.facebook.com&utm_medium=redirect:providers(adyen) | DECISION@contact_like@https://www.meta.com/en-gb/about/?utm_source=about.facebook.com&utm_medium=redirect,,,,,,,,,,,,no,,38,"is_webshop, platform:adyen, has_email",dom_fallback:0_urls
556863-4322,Lilla Mode Sweden AB,Lilla Mode Sweden AB,Mode,Konfektion,"Konfektion; Detaljhandel; Postorder/e-handel; Kläder, skor",Västmanland,Västerås,Västerås,723 49,Spinnfiskargatan 41,4077000,2024-12,in_band,true,1,,,,,,https://www.allabolag.se/foretag/lilla-mode-sweden-ab/vasteras/-/2K3F5QQI63II4,not_found,,hitta_orgnr:hitta_no_url_found | hitta_name:hitta_no_next_data | mojeek_failed:HTTP 403 for https://www.mojeek.com/search?q=Lilla%20Mode%20Sweden%20AB%20hemsida | ddg_failed:Client network socket disconnected before secure TLS connection was established,,,,,,,,,,,,,,,,,,,,,,,,
,Instagram from Meta,Mode & Service i Borlänge AB,Mode,Konfektion,"Konfektion; Butikshandel; Detaljhandel; Kläder, skor",Dalarna,Borlänge,Borlänge,784 33,Målaregatan 4,4051000,2025-08,in_band,true,3,,,,,https://www.instagram.com/modeeva_borlange/,https://www.allabolag.se/foretag/mode-och-service-i-borlange-ab/borlange/-/2K34PGXI63II4,hitta_orgnr,high,hitta_orgnr:hitta_detail | hitta_orgnr:https://www.hitta.se/mode+eva/borl%C3%A4nge/algrbfam | hitta_orgnr:orgnr_match | hitta_orgnr:url_in_own_segment,instagram.com,,https://www.instagram.com/support,browser,yes,checkout_provider; provider:adyen,adyen,contact_like@https://help.instagram.com/:providers(adyen) | DECISION@contact_like@https://help.instagram.com/,,,,,,,,,,,,no,,33,"is_webshop, platform:adyen",dom_fallback:0_urls
556752-9929,Jenny Martinsson Hälsokost AB,Jenny Martinsson Hälsokost AB,Hälsokost,Livsmedel,"Livsmedel; Hälsokost, naturläkemedel; Detaljhandel; Butikshandel",Jönköping,Jönköping,Jönköping,553 21,Östra Storgatan 23,4012000,2025-08,in_band,true,2,,,,,,https://www.allabolag.se/foretag/jenny-martinsson-halsokost-ab/jonkoping/-/2K2RHL5I5YFWD,not_found,,hitta_orgnr:hitta_no_url_found | hitta_name:hitta_no_next_data | mojeek_failed:HTTP 403 for https://www.mojeek.com/search?q=Jenny%20Martinsson%20H%C3%A4lsokost%20AB%20hemsida | ddg_failed:Client network socket disconnected before secure TLS connection was established,,,,,,,,,,,,,,,,,,,,,,,,
556858-6977,Hudvården i Mjölby AB,Hudvården i Mjölby AB,Hudvård,Hudvårdsprodukter,Hudvårdsprodukter,Östergötland,Mjölby,Mjölby,595 30,Kungsvägen 52,3984000,2025-08,in_band,true,2,,,,,,https://www.allabolag.se/foretag/hudvarden-i-mjolby-ab/mjolby/-/2K3E57LI63IH6,not_found,,hitta_orgnr:hitta_no_url_found | hitta_name:hitta_no_next_data | mojeek_failed:HTTP 403 for https://www.mojeek.com/search?q=Hudv%C3%A5rden%20i%20Mj%C3%B6lby%20AB%20hemsida | ddg_failed:Client network socket disconnected before secure TLS connection was established,,,,,,,,,,,,,,,,,,,,,,,,
556564-9711,Jörnkängan AB,Jörnkängan AB,Skor,Skor,Skor; Skor och tillbehör - produktion; Producenter,Västerbotten,Skellefteå,Jörn,936 51,Badstugatan 2,3971000,2025-04,in_band,true,2,,,,,,https://www.allabolag.se/foretag/jornkangan-ab/skelleftea/-/2K1N6SVI5YHGY,not_found,,hitta_orgnr:hitta_no_url_found | hitta_name:hitta_no_next_data | mojeek_failed:HTTP 403 for https://www.mojeek.com/search?q=J%C3%B6rnk%C3%A4ngan%20AB%20hemsida | ddg_failed:Client network socket disconnected before secure TLS connection was established,,,,,,,,,,,,,,,,,,,,,,,,
556998-8651,Lyckes Smycke & Present AB,Lyckes Smycke & Present AB,Smycken,Urmakare,"Urmakare; Klockor, ur; Guld, silver, ädelstenar; Butikshandel; Reparatörer",Västra Götaland,Lysekil,Lysekil,453 33,Kungsgatan 37,3969000,2024-12,in_band,true,2,,,,,,https://www.allabolag.se/foretag/lyckes-smycke-och-present-ab/lysekil/-/2K486QZI63IL5,not_found,,hitta_orgnr:hitta_no_url_found | hitta_name:hitta_no_next_data | mojeek_failed:HTTP 403 for https://www.mojeek.com/search?q=Lyckes%20Smycke%20%26%20Present%20AB%20hemsida | ddg_failed:Client network socket disconnected before secure TLS connection was established,,,,,,,,,,,,,,,,,,,,,,,,
559027-5987,Alain Skoservice AB,Alain Skoservice AB,Skor,Skor,Skor; Läder och lädervaror; Reparatörer,Stockholm,Solna,Solna,169 79,Råsta Strandväg 13 c,3958000,2024-12,in_band,true,3,,0868428383,,,,https://www.allabolag.se/foretag/alain-skoservice-ab/solna/-/2KGB0K3I5YHGY,not_found,,hitta_orgnr:hitta_no_url_found | hitta_name:hitta_no_next_data | mojeek_failed:HTTP 403 for https://www.mojeek.com/search?q=Alain%20Skoservice%20AB%20hemsida | ddg_failed:Client network socket disconnected before secure TLS connection was established,,,,,,,,,,,,,,,,,,,,,,,,
556937-0744,Smycket Ur & Guld i Laholm AB,Smycket Ur & Guld i Laholm AB,Smycken,Urmakare,"Urmakare; Klockor, ur; Guld, silver, ädelstenar; Butikshandel",Halland,Laholm,Laholm,312 30,Stortorget 13,3957000,2024-12,in_band,true,2,,0733814380,,,,https://www.allabolag.se/foretag/smycket-ur-och-guld-i-laholm-ab/laholm/-/2K3UXYWI63IL5,not_found,,hitta_orgnr:hitta_no_url_found | hitta_name:hitta_no_next_data | mojeek_failed:HTTP 403 for https://www.mojeek.com/search?q=Smycket%20Ur%20%26%20Guld%20i%20Laholm%20AB%20hemsida | ddg_failed:Client network socket disconnected before secure TLS connection was established,,,,,,,,,,,,,,,,,,,,,,,,
,,Visage Hudvård & Makeup Aktiebolag,Hudvård,"Kosmetik, parfym och frisörartiklar","Kosmetik, parfym och frisörartiklar; Kosmetik - tillverkare och grossister; Grossister; Fastighetsbolag, lokaler; Hudvårdsprodukter",Stockholm,Stockholm,Stockholm,111 44,Lästmakargatan 6,3886000,2024-12,in_band,true,5,,+46 8 10 66 01,,,http://www.visage.se/,https://www.allabolag.se/foretag/visage-hudvard-och-makeup-aktiebolag/stockholm/-/2K1XICEI63IIB,hitta_orgnr,high,hitta_orgnr:hitta_detail | hitta_orgnr:https://www.hitta.se/visage+hudv%C3%A5rd+och+makeup+ab/stockholm/lnrxzecmn | hitta_orgnr:orgnr_match | hitta_orgnr:url_in_own_segment,visage.se,,https://www.visage.se/kontakt,browser,no,product_cards; sampled_3; sample_price_1,,main@https://www.visage.se/:productCards(2) | main@https://www.visage.se/:samplingRan(sampled=3) | sampleURL@https://visage.se/ansiktsbehandlingar:status=200 | sampleURL@https://visage.se/new-page:status=200:PRICE | sampleURL@https://visage.se/injektionsbehandlingar:status=200 | contact_like@https://www.visage.se/kontakt:productCards(2),,,,,,,,,,,,no,,0,not_webshop,
556290-9340,Zap Model Management AB,Zap Model Management AB,Mode,Reklambyråer,Reklambyråer,Stockholm,Stockholm,Stockholm,115 26,Karlavägen 100,3878000,2024-12,in_band,true,2,,,,,,https://www.allabolag.se/foretag/zap-model-management-ab/stockholm/-/2K00GBGI5YGSK,not_found,,hitta_orgnr:hitta_no_url_found | hitta_name:hitta_no_next_data | mojeek_failed:HTTP 403 for https://www.mojeek.com/search?q=Zap%20Model%20Management%20AB%20hemsida | ddg_failed:Client network socket disconnected before secure TLS connection was established,,,,,,,,,,,,,,,,,,,,,,,,
559168-8741,Hudvårdsinstitutet i Borås AB,Hudvårdsinstitutet i Borås AB,Hudvård,Hudvårdsprodukter,"Hudvårdsprodukter; Kosmetik, parfym och frisörartiklar; Detaljhandel; Butikshandel",Västra Götaland,Borås,Borås,503 37,Allégatan 66,3875000,2025-12,in_band,true,4,,,,,,https://www.allabolag.se/foretag/hudvardsinstitutet-i-boras-ab/boras/-/2KH5AN9I63IH6,not_found,,hitta_orgnr:hitta_no_url_found | hitta_name:hitta_no_next_data | mojeek_failed:HTTP 403 for https://www.mojeek.com/search?q=Hudv%C3%A5rdsinstitutet%20i%20Bor%C3%A5s%20AB%20hemsida | ddg_failed:Client network socket disconnected before secure TLS connection was established,,,,,,,,,,,,,,,,,,,,,,,,
556995-0891,Skråmheden AB,Skråmheden AB,Skor,Skor,"Skor - detaljister; Detaljhandel; Butikshandel; Kläder, skor; Läder, skor, inredning, reseeffekter och textilier; Postorder/e-handel; Skor; Skor och tillbehör - produktion; Producenter; Restauranger; Konfektion",Västerbotten,Skellefteå,Skellefteå,931 96,Skråmträsk 56,3844000,2024-12,in_band,true,4,,+46 72 403 20 07,,,https://skramtrask.se,https://www.allabolag.se/foretag/skramheden-ab/skelleftea/-/2K47DM3I5YHGY,hitta_orgnr,high,hitta_orgnr:hitta_detail | hitta_orgnr:https://www.hitta.se/skr%C3%A5mtr%C3%A4sk+sko/skellefte%C3%A5/lggstfkrs | hitta_orgnr:orgnr_match | hitta_orgnr:url_in_own_segment,skramtrask.se,info@skramtrask.se,https://skramtrask.se,static,yes,cart; product_cards; priced_cards,,static@https://skramtrask.se:hasCart(urlPath:/varukorg) | static@https://skramtrask.se:pricedCards(multiPrices) | static@https://skramtrask.se:productCards(24) | DECISION@static@https://skramtrask.se,,,,,,,,,,,,no,,33,"is_webshop, has_email, has_orgnr",dom_fallback:0_urls
559192-8949,PN Smyckesbutik Sala AB,PN Smyckesbutik Sala AB,Smycken,Detaljhandel,Detaljhandel; Detaljhandel - annat; Butikshandel,Västmanland,Sala,Sala,733 30,Stora Torget 5 c,3786000,2025-04,in_band,true,2,,022414503,,,,https://www.allabolag.se/foretag/pn-smyckesbutik-sala-ab/sala/-/2KHAFZPI63ILU,not_found,,hitta_orgnr:hitta_no_url_found | hitta_name:hitta_no_next_data | mojeek_failed:HTTP 403 for https://www.mojeek.com/search?q=PN%20Smyckesbutik%20Sala%20AB%20hemsida | ddg_failed:Client network socket disconnected before secure TLS connection was established,,,,,,,,,,,,,,,,,,,,,,,,
556423-7641,Modern Yachts F R AB,Modern Yachts F R Aktiebolag,Mode,Bilreparationer,"Bilreparationer; Bilar; Båtvarv, båtbyggare; Producenter",Stockholm,Lidingö,Lidingö,181 41,FÖRRÅDSVÄGEN 2,3767000,2025-08,in_band,true,2,,087670700,,,,https://www.allabolag.se/foretag/modern-yachts-f-r-ab/lidingo/-/2K0SX8PI5YD2A,not_found,,hitta_orgnr:hitta_no_url_found | hitta_name:hitta_no_next_data | mojeek_failed:HTTP 403 for https://www.mojeek.com/search?q=Modern%20Yachts%20F%20R%20AB%20hemsida | ddg_failed:Client network socket disconnected before secure TLS connection was established,,,,,,,,,,,,,,,,,,,,,,,,
556478-0442,JA Toffeln i Kristianstad Aktiebolag,JA Toffeln i Kristianstad Aktiebolag,Skor,Skor,Skor; Skor och tillbehör - produktion; Producenter,Skåne,Hässleholm,Vinslöv,288 31,Edvin Widéns Väg 38,3740000,2025-04,in_band,true,1,,04485180,,,,https://www.allabolag.se/foretag/ja-toffeln-i-kristianstad-aktiebolag/hassleholm/-/2K14K2II5YHGY,not_found,,hitta_orgnr:hitta_no_url_found | hitta_name:hitta_no_next_data | mojeek_failed:HTTP 403 for https://www.mojeek.com/search?q=JA%20Toffeln%20i%20Kristianstad%20Aktiebolag%20hemsida | ddg_failed:Client network socket disconnected before secure TLS connection was established,,,,,,,,,,,,,,,,,,,,,,,,
559429-7839,Backaplan Hälsokost AB,Backaplan Hälsokost AB,Hälsokost,Livsmedel,"Livsmedel; Hälsokost, naturläkemedel; Detaljhandel; Butikshandel",Västra Götaland,Alingsås,Alingsås,441 30,Kungsgatan 29,3714000,2025-04,in_band,true,2,,,,,,https://www.allabolag.se/foretag/backaplan-halsokost-ab/alingsas/-/2KIP7U7I5YFWD,not_found,,hitta_orgnr:hitta_no_url_found | hitta_name:hitta_no_next_data | mojeek_failed:HTTP 403 for https://www.mojeek.com/search?q=Backaplan%20H%C3%A4lsokost%20AB%20hemsida | ddg_failed:Client network socket disconnected before secure TLS connection was established,,,,,,,,,,,,,,,,,,,,,,,,
,,Trygga träd AB,Trädgård,Parkanläggningar,Parkanläggningar,,,,,,3680000,2024-12,in_band,true,4,,+46 8 36 20 08; +46 8 00 20 00; +46 72 322 94 42,info@tryggatrad.se,https://www.tryggatrad.se,https://www.tryggatrad.se,https://www.allabolag.se/foretag/trygga-trad-ab/-/-/2KHJO0BI63IJW,already_present,,,tryggatrad.se,info@tryggatrad.se,https://www.tryggatrad.se/om-oss,browser,no,checkout_provider; product_cards; provider:magento,magento,main@https://www.tryggatrad.se/:providers(magento) | main@https://www.tryggatrad.se/:productCards(6) | main@https://www.tryggatrad.se/:samplingRan(sampled=0) | contact_like@https://www.tryggatrad.se/om-oss/:providers(magento) | contact_like@https://www.tryggatrad.se/om-oss/:productCards(6) | contact_like@https://www.tryggatrad.se/kontakt/:providers(magento) | contact_like@https://www.tryggatrad.se/kontakt/:productCards(6),,,,,,,,,,,,no,,0,not_webshop,
559013-6494,miksi mode AB,miksi mode AB,Mode,Konfektion,"Konfektion; Butikshandel; Detaljhandel; Kläder, skor",Östergötland,Mjölby,Mjölby,595 30,Kungsvägen 60,3633000,2025-08,in_band,true,3,,,,,,https://www.allabolag.se/foretag/miksi-mode-ab/mjolby/-/2KG80XAI63II4,not_found,,hitta_orgnr:hitta_no_url_found | hitta_name:hitta_no_next_data | mojeek_failed:HTTP 403 for https://www.mojeek.com/search?q=miksi%20mode%20AB%20hemsida | ddg_failed:Client network socket disconnected before secure TLS connection was established,,,,,,,,,,,,,,,,,,,,,,,,
559116-3059,MG:s Mode i Piteå AB,MG:s Mode i Piteå AB,Mode,Konfektion,"Konfektion; Butikshandel; Detaljhandel; Kläder, skor",Norrbotten,Piteå,Piteå,941 32,Uddmansgatan 6,3631000,2025-08,in_band,true,1,,0911211353,,,,https://www.allabolag.se/foretag/mg-s-mode-i-pitea-ab/pitea/-/2KGU10ZI63II4,not_found,,hitta_orgnr:hitta_no_url_found | hitta_name:hitta_no_next_data | mojeek_failed:HTTP 403 for https://www.mojeek.com/search?q=MG%3As%20Mode%20i%20Pite%C3%A5%20AB%20hemsida | ddg_failed:Client network socket disconnected before secure TLS connection was established,,,,,,,,,,,,,,,,,,,,,,,,
559053-3351,Moon Mode AB,Moon Mode AB,Mode,Elektronik - Legotillverkning,Elektronik - Legotillverkning; Elektronik - Produktionsutrustningar; Producenter,Stockholm,Huddinge,Segeltorp,141 72,Tranvägen 37,3628000,2024-12,in_band,true,2,,,,,,https://www.allabolag.se/foretag/moon-mode-ab/huddinge/-/2KGGJ53I5YDXQ,not_found,,hitta_orgnr:hitta_no_url_found | hitta_name:hitta_no_next_data | mojeek_failed:HTTP 403 for https://www.mojeek.com/search?q=Moon%20Mode%20AB%20hemsida | ddg_failed:Client network socket disconnected before secure TLS connection was established,,,,,,,,,,,,,,,,,,,,,,,,
559010-0706,Rakel och Lea,Rakel och Lea Smycken & Klockor AB,Smycken,Urmakare,"Urmakare; Klockor, ur; Guld, silver, ädelstenar; Butikshandel",Stockholm,Nynäshamn,Nynäshamn,149 32,Centralgatan 6,3627000,2025-04,in_band,true,3,,+46 8 520 103 51,,,http://rakelochlea.se/,https://www.allabolag.se/foretag/rakel-och-lea-smycken-och-klockor-ab/nynashamn/-/2KG79B6I63IL5,hitta_orgnr,high,hitta_orgnr:hitta_detail | hitta_orgnr:https://www.hitta.se/rakel+och+lea+smycken+och+klockor+ab/nyn%C3%A4shamn/jcnrvhlr | hitta_orgnr:orgnr_match | hitta_orgnr:url_in_own_segment,rakelochlea.se,info@rakelochlea.se,https://rakelochlea.se/contact,browser,yes,checkout_provider; cart; product_cards; priced_cards; provider:klarna,klarna,main@https://rakelochlea.se/:hasCart(urlPath:/cart) | main@https://rakelochlea.se/:pricedCards(multiPrices) | main@https://rakelochlea.se/:providers(klarna) | main@https://rakelochlea.se/:productCards(200) | DECISION@main@https://rakelochlea.se/ | contact_like@https://rakelochlea.se/contact:hasCart(urlPath:/cart) | contact_like@https://rakelochlea.se/contact:providers(klarna) | contact_like@https://rakelochlea.se/contact:productCards(8) | DECISION@contact_like@https://rakelochlea.se/contact,1,1,13,152,0,0,0,44,0,0,41,no,,62,"is_webshop, platform:klarna, seo_gap_low, thin_product_copy, no_product_schema, has_email, has_orgnr",dom_fallback:1_urls | seo_sampled:1 gap:41
559280-4693,Saltis Hälsokost AB,Saltis Hälsokost AB,Hälsokost,Livsmedel,"Livsmedel; Hälsokost, naturläkemedel; Detaljhandel; Butikshandel; Hudvårdsprodukter",Stockholm,Nacka,Saltsjöbaden,133 31,Saltsjö Torg 2-8,3601000,2024-12,in_band,true,2,,,,,,https://www.allabolag.se/foretag/saltis-halsokost-ab/nacka/-/2KHT7PXI5YFWD,not_found,,hitta_orgnr:hitta_no_url_found | hitta_name:hitta_no_next_data | mojeek_failed:HTTP 403 for https://www.mojeek.com/search?q=Saltis%20H%C3%A4lsokost%20AB%20hemsida | ddg_failed:Client network socket disconnected before secure TLS connection was established,,,,,,,,,,,,,,,,,,,,,,,,
556484-2234,Kulturjern AB,Kulturjern Aktiebolag,Trädgård,Belysningsarmatur - Komponenter,"Belysningsarmatur - Komponenter; Ljudanläggningar, ljusanläggningar, bildanläggningar; Grossister",Stockholm,Värmdö,Värmdö,139 34,Fruviksvägen 40,3582000,2024-12,in_band,true,1,,+46 8 26 79 30; +46 623 71 70; +46 44 776 75,info@kulturjern.se,http://www.kulturjern.se,http://www.kulturjern.se,https://www.allabolag.se/foretag/kulturjern-ab/varmdo/-/2K15VQYI5YCO4,already_present,,,kulturjern.se,info@kulturjern.se,https://kulturjern.se,static,yes,cart; checkout; product_cards; priced_cards,,static@https://kulturjern.se:hasCheckout(uiPhrase) | static@https://kulturjern.se:hasCart(urlPath:/cart) | static@https://kulturjern.se:pricedCards(multiPrices) | static@https://kulturjern.se:productCards(200) | DECISION@static@https://kulturjern.se,,,,,,,,,,,,no,,33,"is_webshop, has_email, has_orgnr",dom_fallback:0_urls
559110-9854,Rättviks Hälsokost AB,Rättviks Hälsokost AB,Hälsokost,Livsmedel,"Livsmedel; Hälsokost, naturläkemedel; Detaljhandel; Butikshandel",Dalarna,Rättvik,Rättvik,795 30,Storgatan 12,3548000,2025-04,in_band,true,2,,,,,,https://www.allabolag.se/foretag/rattviks-halsokost-ab/rattvik/-/2KGSVZ2I5YFWD,not_found,,hitta_orgnr:hitta_no_url_found | hitta_name:hitta_no_next_data | mojeek_failed:HTTP 403 for https://www.mojeek.com/search?q=R%C3%A4ttviks%20H%C3%A4lsokost%20AB%20hemsida | ddg_failed:Client network socket disconnected before secure TLS connection was established,,,,,,,,,,,,,,,,,,,,,,,,
,DM Bygg & Städ AB,DM Bygg & Städ AB,Trädgård,Entreprenörer,Entreprenörer; Städservice; Byggmästare; Kontor- och teletjänster,Stockholm,Botkyrka,Uttran,147 60,Tant Gröns Väg 3,3535000,2024-12,in_band,true,6,,+46 72 235 32 27,info@dmbyggstadab.se,https://dmbyggstadab.se/,https://dmbyggstadab.se/,https://www.allabolag.se/foretag/dm-bygg-och-stad-ab/botkyrka/-/2KIVSMXI63IFX,already_present,,,dmbyggstadab.se,info@dmbyggstadab.se,https://dmbyggstadab.se,static,no,product_cards,,static@https://dmbyggstadab.se:productCards(10),,,,,,,,,,,,no,,5,has_identity,
559174-4965,Moda Skrädderi AB,Moda Skrädderi AB,Skor,Skor,Reparatörer; Konfektion; Producenter; Kläder - produktion; Kläder; Grossister; Skor; Läder och lädervaror,Stockholm,Järfälla,Järfälla,175 61,Rimfaxegränd 45,3507000,2024-12,in_band,true,4,,,,,,https://www.allabolag.se/foretag/moda-skradderi-ab/jarfalla/-/2KH6I11I5YHGY,not_found,,hitta_orgnr:hitta_no_url_found | hitta_name:hitta_no_next_data | mojeek_failed:HTTP 403 for https://www.mojeek.com/search?q=Moda%20Skr%C3%A4dderi%20AB%20hemsida | ddg_failed:Client network socket disconnected before secure TLS connection was established,,,,,,,,,,,,,,,,,,,,,,,,
,,Avorda Aktiebolag,Skor,Skor,Tvätterier; Skor; Läder och lädervaror; Reparatörer,Halland,Halmstad,Halmstad,302 41,Lars Montins Väg 29,3497000,2024-12,in_band,true,3,,,,,http://halmstadskomakeri.se/,https://www.allabolag.se/foretag/avorda-aktiebolag/halmstad/-/2KGXAQYI5YHGY,hitta_orgnr,high,hitta_orgnr:hitta_detail | hitta_orgnr:https://www.hitta.se/halmstad-sko-och-nyckelservice/halmstad/mqbzzagq | hitta_orgnr:orgnr_match | hitta_orgnr:url_in_own_segment,halmstadskomakeri.se,,https://halmstadskomakeri.se,browser,no,,,,,,,,,,,,,,,no,,0,unreachable_or_parked,net::ERR_NAME_NOT_RESOLVED at https://halmstadskomakeri.se | method:browser
556886-1206,NaturligtVis Hälsokost i Sandviken AB,NaturligtVis Hälsokost i Sandviken AB,Hälsokost,Livsmedel,"Livsmedel; Hälsokost, naturläkemedel; Detaljhandel; Butikshandel",Gävleborg,Sandviken,Sandviken,811 39,Hyttgatan 31,3396000,2025-08,in_band,true,3,,026271944,,,,https://www.allabolag.se/foretag/naturligtvis-halsokost-i-sandviken-ab/sandviken/-/2K3K0T2I5YFWD,not_found,,hitta_orgnr:hitta_no_url_found | hitta_name:hitta_no_next_data | mojeek_failed:HTTP 403 for https://www.mojeek.com/search?q=NaturligtVis%20H%C3%A4lsokost%20i%20Sandviken%20AB%20hemsida | ddg_failed:Client network socket disconnected before secure TLS connection was established,,,,,,,,,,,,,,,,,,,,,,,,
556833-3834,Edvardson Sweden,Edvardson Sweden AB,Skor,Skor,Skor; Skor och tillbehör - produktion; Producenter; Sport; Sport - grossist; Grossister; Skogstjänster; Detaljhandel - annat; Detaljhandel; Butikshandel -övrigt,Dalarna,Malung-Sälen,Malungsfors,782 75,Skinnargränd 2,3389000,2025-04,in_band,true,2,,+46 70 315 85 36,,,https://www.edvardson.se/sv/,https://www.allabolag.se/foretag/edvardson-sweden-ab/malung-salen/-/2K38PVUI5YHGY,hitta_orgnr,high,hitta_orgnr:hitta_detail | hitta_orgnr:https://www.hitta.se/edvardson+sweden+ab/malungsfors/lnpbzdkr | hitta_orgnr:orgnr_match | hitta_orgnr:url_in_own_segment,edvardson.se,info@edvardson.se,https://edvardson.se,static,yes,checkout_provider; cart; checkout; product_cards; priced_cards; provider:shopify,shopify,static@https://edvardson.se:hasCheckout(uiPhrase) | static@https://edvardson.se:hasCart(urlPath:/cart) | static@https://edvardson.se:pricedCards(multiPrices) | static@https://edvardson.se:providers(shopify) | static@https://edvardson.se:productCards(200) | DECISION@static@https://edvardson.se,80,5,54,251,0,0,0,99,346,100,6,no,,59,"is_webshop, platform:shopify, catalog_50plus, seo_gap_low, has_email, has_orgnr",sitemap:80_products_from_2_sitemaps | seo_sampled:5 gap:6
559390-4450,Lepax AB,Lepax AB,Skor,Skor,Skor; Läder och lädervaror; Reparatörer; Möbler; Producenter; Läder och lädervaror - tillverkning; Detaljhandel; Möbler - Produktion,Örebro,Örebro,Örebro,703 44,Stubbengatan 2,3379000,2025-07,in_band,true,2,,,,,,https://www.allabolag.se/foretag/lepax-ab/orebro/-/2KIGSAQI5YHGY,not_found,,hitta_orgnr:hitta_no_url_found | hitta_name:hitta_no_next_data | mojeek_failed:HTTP 403 for https://www.mojeek.com/search?q=Lepax%20AB%20hemsida | ddg_failed:Client network socket disconnected before secure TLS connection was established,,,,,,,,,,,,,,,,,,,,,,,,
556473-2641,Modeco Aktiebolag,Modeco Aktiebolag,Mode,"Metaller, legeringar","Metaller, legeringar; Metaller, legeringar - Produktion; Producenter",Västra Götaland,Lerum,Stenkullen,443 61,Färgvägen 1,3370000,2025-06,in_band,true,2,,030222470,,,,https://www.allabolag.se/foretag/modeco-aktiebolag/lerum/-/2K13J6PI5YGAN,not_found,,hitta_orgnr:hitta_no_url_found | hitta_name:hitta_no_url_found | mojeek_failed:HTTP 403 for https://www.mojeek.com/search?q=Modeco%20Aktiebolag%20hemsida | ddg_failed:Client network socket disconnected before secure TLS connection was established,,,,,,,,,,,,,,,,,,,,,,,,
556956-1326,Milanius mode AB,Milanius mode AB,Mode,Konfektion,"Konfektion; Butikshandel; Detaljhandel; Kläder, skor",Stockholm,Stockholm,Sköndal,128 69,Tårtvägen 26,3358000,2024-12,in_band,true,1,,,,,,https://www.allabolag.se/foretag/milanius-mode-ab/stockholm/-/2K3Z10UI63II4,not_found,,hitta_orgnr:hitta_no_url_found | hitta_name:hitta_no_next_data | mojeek_failed:HTTP 403 for https://www.mojeek.com/search?q=Milanius%20mode%20AB%20hemsida | ddg_failed:Client network socket disconnected before secure TLS connection was established,,,,,,,,,,,,,,,,,,,,,,,,
556075-4599,Aktiebolaget Nymans Toffelfabrik,Aktiebolaget Nymans Toffelfabrik,Skor,Skor,"Skor - detaljister; Detaljhandel; Butikshandel; Kläder, skor; Skor; Skor och tillbehör - produktion; Producenter",Jönköping,Vetlanda,Vetlanda,574 38,Magasinsgatan 33,3339000,2024-12,in_band,true,3,,038310412,,,,https://www.allabolag.se/foretag/aktiebolaget-nymans-toffelfabrik/vetlanda/-/2JYQ9PJI5YHGY,not_found,,hitta_orgnr:hitta_no_url_found | hitta_name:hitta_no_url_found | mojeek_failed:HTTP 403 for https://www.mojeek.com/search?q=Aktiebolaget%20Nymans%20Toffelfabrik%20hemsida | ddg_failed:Client network socket disconnected before secure TLS connection was established,,,,,,,,,,,,,,,,,,,,,,,,
559119-8360,Mys Mode i Kristinehamn AB,Mys Mode i Kristinehamn AB,Mode,Konfektion,"Konfektion; Butikshandel; Detaljhandel; Kläder, skor; Redovisning, bokföring; Skatterådgivning; Uthyrning; Arbetskraftstjänster",Värmland,Kristinehamn,Kristinehamn,681 31,Kungsgatan 42,3302000,2025-12,in_band,true,2,,,,,,https://www.allabolag.se/foretag/mys-mode-i-kristinehamn-ab/kristinehamn/-/2KGUS9KI63II4,not_found,,hitta_orgnr:hitta_no_url_found | hitta_name:hitta_no_next_data | mojeek_failed:HTTP 403 for https://www.mojeek.com/search?q=Mys%20Mode%20i%20Kristinehamn%20AB%20hemsida | ddg_failed:Client network socket disconnected before secure TLS connection was established,,,,,,,,,,,,,,,,,,,,,,,,
559106-9314,Ystad Smycken & Klockor AB,Ystad Smycken & Klockor AB,Smycken,Urmakare,"Urmakare; Klockor, ur; Guld, silver, ädelstenar; Butikshandel; Reparatörer",Skåne,Ystad,Ystad,271 34,Stora Östergatan 29,3293000,2025-02,in_band,true,3,,,,,,https://www.allabolag.se/foretag/ystad-smycken-och-klockor-ab/ystad/-/2KGS0OYI63IL5,not_found,,hitta_orgnr:hitta_no_url_found | hitta_name:hitta_no_next_data | mojeek_failed:HTTP 403 for https://www.mojeek.com/search?q=Ystad%20Smycken%20%26%20Klockor%20AB%20hemsida | ddg_failed:Client network socket disconnected before secure TLS connection was established,,,,,,,,,,,,,,,,,,,,,,,,
556466-1915,Leksakslagret E-Produkter Aktiebolag,Leksakslagret E-Produkter Aktiebolag,Leksaker,Detaljhandel - annat,Detaljhandel - annat; Detaljhandel; Postorder/e-handel,Västra Götaland,Tibro,Tibro,543 35,Mariestadsvägen 25,3291000,2025-04,in_band,true,1,,,,,,https://www.allabolag.se/foretag/leksakslagret-e-produkter-aktiebolag/tibro/-/2K120M3I63ILV,not_found,,hitta_orgnr:hitta_no_url_found | hitta_name:hitta_no_next_data | mojeek_failed:HTTP 403 for https://www.mojeek.com/search?q=Leksakslagret%20E-Produkter%20Aktiebolag%20hemsida | ddg_failed:Client network socket disconnected before secure TLS connection was established,,,,,,,,,,,,,,,,,,,,,,,,
559199-2440,Robert Eriksson Service AB,Robert Eriksson Service AB,Skor,Skor,Skor; Läder och lädervaror; Reparatörer,Stockholm,Huddinge,Skogås,142 52,Rökslingan 22 a,3256000,2025-04,in_band,true,3,,,,,,https://www.allabolag.se/foretag/robert-eriksson-service-ab/huddinge/-/2KHBSZCI5YHGY,not_found,,hitta_orgnr:hitta_no_url_found | hitta_name:hitta_no_next_data | mojeek_failed:HTTP 403 for https://www.mojeek.com/search?q=Robert%20Eriksson%20Service%20AB%20hemsida | ddg_failed:Client network socket disconnected before secure TLS connection was established,,,,,,,,,,,,,,,,,,,,,,,,
559475-1769,Hudvårdscenter Ystad AB,Hudvårdscenter Ystad AB,Hudvård,Hudvårdsprodukter,"Hudvårdsprodukter; Kosmetik, parfym och frisörartiklar; Detaljhandel; Butikshandel; Postorder/e-handel; Hälsotjänster",Skåne,Ystad,Ystad,271 41,Jennygatan 3,3256000,2025-08,in_band,true,2,,,,,,https://www.allabolag.se/foretag/hudvardscenter-ystad-ab/ystad/-/2KIYY3DI63IH6,not_found,,hitta_orgnr:hitta_no_url_found | hitta_name:hitta_no_next_data | mojeek_failed:HTTP 403 for https://www.mojeek.com/search?q=Hudv%C3%A5rdscenter%20Ystad%20AB%20hemsida | ddg_failed:Client network socket disconnected before secure TLS connection was established,,,,,,,,,,,,,,,,,,,,,,,,
556418-4157,Ranungers El- och Trädgårdsservice AB,Ranungers El- och Trädgårdsservice AB,Trädgård,Trädgårdsanläggningar,Trädgårdsanläggningar; Parkanläggningar,Värmland,Sunne,ROTTNEROS,68694,Tonerud 172,3251000,2024-12,in_band,true,4,,0703-374717,johan.ranunger@telia.com,,,https://www.allabolag.se/foretag/ranungers-el-och-tradgardsservice-ab/sunne/-/2K0RRZ1I5YI51,not_found,,hitta_orgnr:hitta_no_url_found | hitta_name:hitta_no_next_data | mojeek_failed:HTTP 403 for https://www.mojeek.com/search?q=Ranungers%20El-%20och%20Tr%C3%A4dg%C3%A5rdsservice%20AB%20hemsida | ddg_failed:Client network socket disconnected before secure TLS connection was established,,,,,,,,,,,,,,,,,,,,,,,,
559480-0616,Arboga skor och mode AB,Arboga skor och mode AB,Mode,Skor - detaljister,"Skor - detaljister; Detaljhandel; Butikshandel; Kläder, skor; Konfektion",Västmanland,Arboga,Arboga,732 30,Ahllöfsgatan 17,3239000,2025-08,in_band,true,2,,,,,,https://www.allabolag.se/foretag/arboga-skor-och-mode-ab/arboga/-/2KIZZS8I63IKK,not_found,,hitta_orgnr:hitta_no_url_found | hitta_name:hitta_no_next_data | mojeek_failed:HTTP 403 for https://www.mojeek.com/search?q=Arboga%20skor%20och%20mode%20AB%20hemsida | ddg_failed:Client network socket disconnected before secure TLS connection was established,,,,,,,,,,,,,,,,,,,,,,,,
556726-8932,Arvika Hälsokost AB,Arvika Hälsokost AB,Hälsokost,Livsmedel,"Livsmedel; Hälsokost, naturläkemedel; Detaljhandel; Butikshandel",Värmland,Arvika,Arvika,671 31,Storgatan 33,3191000,2025-04,in_band,true,1-4,,057013635,,,,https://www.allabolag.se/foretag/arvika-halsokost-ab/arvika/-/2K2LW78I5YFWD,not_found,,hitta_orgnr:hitta_no_url_found | hitta_name:hitta_no_next_data | mojeek_failed:HTTP 403 for https://www.mojeek.com/search?q=Arvika%20H%C3%A4lsokost%20AB%20hemsida | ddg_failed:Client network socket disconnected before secure TLS connection was established,,,,,,,,,,,,,,,,,,,,,,,,
,Rosenlag AB,Rosenlag AB,Mode | Trädgård,Byggmästare,"Byggmästare; Swimming-, bubbelpooler, SPA-utrustning; Virke och byggvaror; Detaljhandel; Butikshandel; Grossister; Växtservice, kontorsservice",Stockholm,Södertälje,Södertälje,151 60,Getingstigen 3,3173000,2024-12,in_band,true,1-4,,+46 73 951 23 96,info@rosenlag.se,https://www.rosenlag.se/,https://www.rosenlag.se/,https://www.allabolag.se/foretag/rosenlag-ab/sodertalje/-/2KIWP58I5YDDT,already_present,,,rosenlag.se,info@rosenlag.se,https://rosenlag.se,static,no,,,,,,,,,,,,,,,no,,5,has_identity,
559423-0285,Hansson Brothers AB,Hansson Brothers AB,Skor,Skor,"Konfektion; Kläder; Grossister; Detaljhandel; Postorder/e-handel; Kläder, skor; Sport; Skolor och utbildning; Skor; Läder och lädervaror; Reparatörer",Skåne,Malmö,Malmö,211 34,Södergatan 9,3152000,2025-12,in_band,true,2,,,,,,https://www.allabolag.se/foretag/hansson-brothers-ab/malmo/-/2KINRPPI5YHGY,not_found,,hitta_orgnr:hitta_no_url_found | hitta_name:hitta_no_next_data | mojeek_failed:HTTP 403 for https://www.mojeek.com/search?q=Hansson%20Brothers%20AB%20hemsida | ddg_failed:Client network socket disconnected before secure TLS connection was established,,,,,,,,,,,,,,,,,,,,,,,,
559197-3564,S.A.Norberg Mode AB,S.A.Norberg Mode AB,Mode,Konfektion,"Konfektion; Butikshandel; Detaljhandel; Kläder, skor",Stockholm,Stockholm,Hässelby,165 63,Persikogatan 10,3151000,2025-06,in_band,true,1,,,,,,https://www.allabolag.se/foretag/s-a-norberg-mode-ab/stockholm/-/2KHBEF0I63II4,not_found,,hitta_orgnr:hitta_no_url_found | hitta_name:hitta_no_next_data | mojeek_failed:HTTP 403 for https://www.mojeek.com/search?q=S.A.Norberg%20Mode%20AB%20hemsida | ddg_failed:Client network socket disconnected before secure TLS connection was established,,,,,,,,,,,,,,,,,,,,,,,,
,MG HUDVÅRD,MG Hudvård AB,Hudvård,Hudvårdsprodukter,Hudvårdsprodukter,Norrbotten,Luleå,Luleå,972 31,Kungsgatan 25 b,3129000,2025-08,in_band,true,2,,+46 70 396 13 89,,,http://www.mghudvard.se/,https://www.allabolag.se/foretag/mg-hudvard-ab/lulea/-/2KGXMXLI63IH6,hitta_orgnr,high,hitta_orgnr:hitta_detail | hitta_orgnr:https://www.hitta.se/mg+hudv%C3%A5rd+ab/lule%C3%A5/flqqbzhlc | hitta_orgnr:orgnr_match | hitta_orgnr:url_in_own_segment,mghudvard.se,info@mghudvard.se,https://www.mghudvard.se/kontakt,browser,no,,,main@https://www.mghudvard.se/:samplingRan(sampled=0),,,,,,,,,,,,no,,5,has_identity,
559063-0157,Vinsas Mode AB,Vinsas Mode AB,Mode,Konfektion,"Konfektion; Butikshandel; Detaljhandel; Kläder, skor",Norrbotten,Överkalix,Överkalix,956 31,Tvärgatan 4,3081000,2024-12,in_band,true,2,,,,,,https://www.allabolag.se/foretag/vinsas-mode-ab/overkalix/-/2KGILU5I63II4,not_found,,hitta_orgnr:hitta_no_url_found | hitta_name:hitta_no_next_data | mojeek_failed:HTTP 403 for https://www.mojeek.com/search?q=Vinsas%20Mode%20AB%20hemsida | ddg_failed:Client network socket disconnected before secure TLS connection was established,,,,,,,,,,,,,,,,,,,,,,,,
556453-4260,Pikant Mode i Arvika Aktiebolag,Pikant Mode i Arvika Aktiebolag,Mode,Konfektion,"Konfektion; Butikshandel; Detaljhandel; Kläder, skor",Värmland,Arvika,Arvika,671 31,Torggatan 6 Bv,3080000,2025-08,in_band,true,1,,057013040,,,,https://www.allabolag.se/foretag/pikant-mode-i-arvika-aktiebolag/arvika/-/2K0ZA44I63II4,not_found,,hitta_orgnr:hitta_no_url_found | hitta_name:hitta_no_next_data | mojeek_failed:HTTP 403 for https://www.mojeek.com/search?q=Pikant%20Mode%20i%20Arvika%20Aktiebolag%20hemsida | ddg_failed:Client network socket disconnected before secure TLS connection was established,,,,,,,,,,,,,,,,,,,,,,,,
,,Åsas Konsult och Hudvård AB,Hudvård,"Kosmetik, parfym och frisörartiklar","Kosmetik, parfym och frisörartiklar; Detaljhandel; Butikshandel",Norrbotten,Piteå,Piteå,941 37,Kolmilavägen 17,3071000,2025-12,in_band,true,1-4,,+46 70 315 60 98,,,https://www.asashudvard.com/,https://www.allabolag.se/foretag/asas-konsult-och-hudvard-ab/pitea/-/2KJ159PI63IIB,hitta_orgnr,high,hitta_orgnr:hitta_detail | hitta_orgnr:https://www.hitta.se/%C3%A5sas+hudv%C3%A5rd+ab/pite%C3%A5/acrsxdcp | hitta_orgnr:orgnr_match | hitta_orgnr:url_in_own_segment,asashudvard.com,asashudvard@gmail.com,https://asashudvard.com/support,browser,no,product_cards; sampled_3,,main@https://asashudvard.com/:productCards(12) | main@https://asashudvard.com/:samplingRan(sampled=3) | sampleURL@https://asashudvard.com/tidigare-resultat/kund-1:status=200 | sampleURL@https://asashudvard.com/tidigare-resultat/kund-2:status=200 | sampleURL@https://asashudvard.com/tidigare-resultat/kund-3:status=200,,,,,,,,,,,,no,,0,not_webshop,
556048-0096,Klockan & Smycket Lexholms AB,Klockan & Smycket Lexholms AB,Smycken,Urmakare,"Urmakare; Klockor, ur; Guld, silver, ädelstenar; Butikshandel",Skåne,Burlöv,Arlöv,232 37,Kronetorpsvägen 2,3066000,2025-12,in_band,true,3,,,,,,https://www.allabolag.se/foretag/klockan-och-smycket-lexholms-ab/burlov/-/2JYKDWGI63IL5,not_found,,hitta_orgnr:hitta_no_url_found | hitta_name:hitta_no_next_data | mojeek_failed:HTTP 403 for https://www.mojeek.com/search?q=Klockan%20%26%20Smycket%20Lexholms%20AB%20hemsida | ddg_failed:Client network socket disconnected before secure TLS connection was established,,,,,,,,,,,,,,,,,,,,,,,,
556217-3152,UVX Smycken & Piercing AB,UVX Smycken & Piercing AB,Smycken,Detaljhandel - annat,Detaljhandel - annat; Detaljhandel; Butikshandel -övrigt,Västra Götaland,Göteborg,Göteborg,417 30,Krokegårdsgatan 5,3049000,2025-12,in_band,true,1-4,,033417300,,,,https://www.allabolag.se/foretag/uvx-smycken-och-piercing-ab/goteborg/-/2JZKO9SI63ILV,not_found,,hitta_orgnr:hitta_no_url_found | hitta_name:hitta_no_next_data | mojeek_failed:HTTP 403 for https://www.mojeek.com/search?q=UVX%20Smycken%20%26%20Piercing%20AB%20hemsida | ddg_failed:Client network socket disconnected before secure TLS connection was established,,,,,,,,,,,,,,,,,,,,,,,,
556255-4146,Micelle Mode Aktiebolag,Micelle Mode Aktiebolag,Mode,Konfektion,"Konfektion; Butikshandel; Detaljhandel; Kläder, skor",Stockholm,Nacka,Saltsjö-Boo,132 30,Ormingeplan 1-3,3042000,2025-04,in_band,true,2,,087154030,,,,https://www.allabolag.se/foretag/micelle-mode-aktiebolag/nacka/-/2JZSU8YI63II4,not_found,,hitta_orgnr:hitta_no_url_found | hitta_name:hitta_no_next_data | mojeek_failed:HTTP 403 for https://www.mojeek.com/search?q=Micelle%20Mode%20Aktiebolag%20hemsida | ddg_failed:Client network socket disconnected before secure TLS connection was established,,,,,,,,,,,,,,,,,,,,,,,,
559202-8111,Heimarks Mode AB,Heimarks Mode AB,Mode,Konfektion,"Konfektion; Butikshandel; Detaljhandel; Kläder, skor",Kalmar,Nybro,Nybro,382 40,Hornsgatan 8,3030000,2025-08,in_band,true,1,,,,,,https://www.allabolag.se/foretag/heimarks-mode-ab/nybro/-/2KHCKI7I63II4,not_found,,hitta_orgnr:hitta_no_url_found | hitta_name:hitta_no_next_data | mojeek_failed:HTTP 403 for https://www.mojeek.com/search?q=Heimarks%20Mode%20AB%20hemsida | ddg_failed:Client network socket disconnected before secure TLS connection was established,,,,,,,,,,,,,,,,,,,,,,,,
559148-6906,Högdalens Leksaker AB,Högdalens Leksaker AB,Leksaker,"Spel, nöjesanläggningsutrustningar","Spel, nöjesanläggningsutrustningar; Butikshandel; Detaljhandel",Stockholm,Stockholm,Bandhagen,124 54,Högdalsgången 13,3026000,2025-04,in_band,true,2,,,,,,https://www.allabolag.se/foretag/hogdalens-leksaker-ab/stockholm/-/2KH0YWQI5YHPS,not_found,,hitta_orgnr:hitta_no_url_found | hitta_name:hitta_no_next_data | mojeek_failed:HTTP 403 for https://www.mojeek.com/search?q=H%C3%B6gdalens%20Leksaker%20AB%20hemsida | ddg_failed:Client network socket disconnected before secure TLS connection was established,,,,,,,,,,,,,,,,,,,,,,,,
556509-0262,CSR LeKsaKer i Malmö AB,CSR LeKsaKer i Malmö AB,Leksaker,"Spel, nöjesanläggningsutrustningar","Spel, nöjesanläggningsutrustningar; Butikshandel; Detaljhandel",Skåne,Malmö,Bunkeflostrand,218 38,Buskmätaregatan 5,3014000,2025-06,in_band,true,1-4,,,,,,https://www.allabolag.se/foretag/csr-leksaker-i-malmo-ab/malmo/-/2K1B74MI5YHPS,not_found,,hitta_orgnr:hitta_no_url_found | hitta_name:hitta_no_next_data | mojeek_failed:HTTP 403 for https://www.mojeek.com/search?q=CSR%20LeKsaKer%20i%20Malm%C3%B6%20AB%20hemsida | ddg_failed:Client network socket disconnected before secure TLS connection was established,,,,,,,,,,,,,,,,,,,,,,,,
556590-2219,Mastex Heminredning AB,Mastex Heminredning AB,Heminredning,"Möbler, inredning, kök- och belysningsutrustning","Möbler, inredning, kök- och belysningsutrustning; Textilier; Detaljhandel; Butikshandel",Gävleborg,Ockelbo,Ockelbo,816 30,Rabovägen 16,3009000,2025-04,in_band,true,2,,065010000,,,,https://www.allabolag.se/foretag/mastex-heminredning-ab/ockelbo/-/2K1SLMZI63IJH,not_found,,hitta_orgnr:hitta_no_url_found | hitta_name:hitta_no_next_data | mojeek_failed:HTTP 403 for https://www.mojeek.com/search?q=Mastex%20Heminredning%20AB%20hemsida | ddg_failed:Client network socket disconnected before secure TLS connection was established,,,,,,,,,,,,,,,,,,,,,,,,
559126-9872,Klockor & Smycken vid Vänern AB,Klockor & Smycken vid Vänern AB,Smycken,Urmakare,"Urmakare; Klockor, ur; Guld, silver, ädelstenar; Butikshandel; Reparatörer",Västra Götaland,Mariestad,Mariestad,542 37,Kungsgatan 7,2992000,2025-09,in_band,true,2,,,,,,https://www.allabolag.se/foretag/klockor-och-smycken-vid-vanern-ab/mariestad/-/2KGWBG0I63IL5,not_found,,hitta_orgnr:hitta_no_url_found | hitta_name:hitta_no_next_data | mojeek_failed:HTTP 403 for https://www.mojeek.com/search?q=Klockor%20%26%20Smycken%20vid%20V%C3%A4nern%20AB%20hemsida | ddg_failed:Client network socket disconnected before secure TLS connection was established,,,,,,,,,,,,,,,,,,,,,,,,
559011-7759,DAVID's Bygg och Heminredning AB,DAVID's Bygg och Heminredning AB,Heminredning,Möbler,Möbler; Möbler - Produktion; Producenter; Konsulter; Teknikkonsulter; Byggentreprenader-Infrastruktur; Reparatörer,Stockholm,Huddinge,Huddinge,141 30,Videvägen 27,2987000,2024-12,in_band,true,3,,,,,,https://www.allabolag.se/foretag/david-s-bygg-och-heminredning-ab/huddinge/-/2KG7MGVI5YGJV,not_found,,hitta_orgnr:hitta_no_url_found | hitta_name:hitta_no_next_data | mojeek_failed:HTTP 403 for https://www.mojeek.com/search?q=DAVID's%20Bygg%20och%20Heminredning%20AB%20hemsida | ddg_failed:Client network socket disconnected before secure TLS connection was established,,,,,,,,,,,,,,,,,,,,,,,,
556736-4947,Charmant Mode & Accessoarer AB,Charmant Mode & Accessoarer AB,Mode,Belysningsarmatur - Komponenter,Belysningsarmatur - Komponenter; Grossister,Stockholm,Stockholm,Stockholm,113 67,Alfhild Tamms Gata 6 Lgh 1502,2981000,2024-12,in_band,true,0,,08211888,,,,https://www.allabolag.se/foretag/charmant-mode-och-accessoarer-ab/stockholm/-/2K2NYABI5YCO4,not_found,,hitta_orgnr:hitta_no_url_found | hitta_name:hitta_no_url_found | mojeek_failed:HTTP 403 for https://www.mojeek.com/search?q=Charmant%20Mode%20%26%20Accessoarer%20AB%20hemsida | ddg_failed:Client network socket disconnected before secure TLS connection was established,,,,,,,,,,,,,,,,,,,,,,,,
556868-8443,Ljung Hudvård AB,Ljung Hudvård AB,Hudvård,"Kemikalier, industrikemikalier - tillverkning","Kemikalier, industrikemikalier - tillverkning; Kemikalier, industrikemikalier; Producenter; Livsmedel; Hälsokost, naturläkemedel; Detaljhandel; Butikshandel; Hälsotjänster",Västerbotten,Sorsele,Sorsele,924 32,Strandvägen 26,2960000,2024-12,in_band,true,3,,,,,,https://www.allabolag.se/foretag/ljung-hudvard-ab/sorsele/-/2K3GBI3I63IHZ,not_found,,hitta_orgnr:hitta_no_url_found | hitta_name:hitta_no_next_data | mojeek_failed:HTTP 403 for https://www.mojeek.com/search?q=Ljung%20Hudv%C3%A5rd%20AB%20hemsida | ddg_failed:Client network socket disconnected before secure TLS connection was established,,,,,,,,,,,,,,,,,,,,,,,,
559344-4093,Olivia of Sweden AB,Olivia of Sweden AB,Skor,Skor,"Skor - detaljister; Detaljhandel; Butikshandel; Kläder, skor; Läder, skor, inredning, reseeffekter och textilier; Postorder/e-handel; Skor; Skor och tillbehör - produktion; Producenter",Stockholm,Stockholm,Stockholm,,,2957000,2024-12,in_band,true,1-4,,,,,,https://www.allabolag.se/foretag/olivia-of-sweden-ab/stockholm/-/2KI6X31I5YHGY,not_found,,hitta_orgnr:hitta_no_url_found | hitta_name:hitta_no_next_data | mojeek_failed:HTTP 403 for https://www.mojeek.com/search?q=Olivia%20of%20Sweden%20AB%20hemsida | ddg_failed:Client network socket disconnected before secure TLS connection was established,,,,,,,,,,,,,,,,,,,,,,,,
556106-2810,Aktiebolaget Karlskoga Trätoffelfabrik,Aktiebolaget Karlskoga Trätoffelfabrik,Skor,Skor,Skor; Skor och tillbehör - produktion; Producenter,Örebro,Karlskoga,Karlskoga,691 38,Ekebyvägen 1,2950000,2024-12,in_band,true,2,,,,,,https://www.allabolag.se/foretag/aktiebolaget-karlskoga-tratoffelfabrik/karlskoga/-/2JYWVIYI5YHGY,not_found,,hitta_orgnr:hitta_no_url_found | hitta_name:hitta_no_url_found | mojeek_failed:HTTP 403 for https://www.mojeek.com/search?q=Aktiebolaget%20Karlskoga%20Tr%C3%A4toffelfabrik%20hemsida | ddg_failed:Client network socket disconnected before secure TLS connection was established,,,,,,,,,,,,,,,,,,,,,,,,
559272-6052,Filip Sko & Nyckelservice AB,Filip Sko & Nyckelservice AB,Skor,Skor,Skor; Läder och lädervaror; Reparatörer,Skåne,Helsingborg,Ödåkra,254 69,Marknadsvägen 9,2931000,2025-08,in_band,true,3,,,,,,https://www.allabolag.se/foretag/filip-sko-och-nyckelservice-ab/helsingborg/-/2KHRJ1GI5YHGY,not_found,,hitta_orgnr:hitta_no_url_found | hitta_name:hitta_no_next_data | mojeek_failed:HTTP 403 for https://www.mojeek.com/search?q=Filip%20Sko%20%26%20Nyckelservice%20AB%20hemsida | ddg_failed:Client network socket disconnected before secure TLS connection was established,,,,,,,,,,,,,,,,,,,,,,,,
556823-2028,Lise J Mode & Present AB,Lise J Mode & Present AB,Mode,Konfektion,"Konfektion; Butikshandel; Detaljhandel; Kläder, skor; Finansbolag, finansiella tjänster; Värdepappershandel",Västra Götaland,Vara,Vedum,534 60,Vedum Måsagården 2,2930000,2025-08,in_band,true,2,,0735298742,,,,https://www.allabolag.se/foretag/lise-j-mode-och-present-ab/vara/-/2K36JBWI63II4,not_found,,hitta_orgnr:hitta_no_url_found | hitta_name:hitta_no_next_data | mojeek_failed:HTTP 403 for https://www.mojeek.com/search?q=Lise%20J%20Mode%20%26%20Present%20AB%20hemsida | ddg_failed:Client network socket disconnected before secure TLS connection was established,,,,,,,,,,,,,,,,,,,,,,,,
556716-1962,Cissi & Lotta Mode AB,Cissi & Lotta Mode AB,Mode,Konfektion,"Konfektion; Butikshandel; Detaljhandel; Kläder, skor",Kronoberg,Ljungby,Ljungby,341 36,Drottninggatan 36,2921000,2025-04,in_band,true,2,,,,,,https://www.allabolag.se/foretag/cissi-och-lotta-mode-ab/ljungby/-/2K2JLNUI63II4,not_found,,hitta_orgnr:hitta_no_url_found | hitta_name:hitta_no_next_data | mojeek_failed:HTTP 403 for https://www.mojeek.com/search?q=Cissi%20%26%20Lotta%20Mode%20AB%20hemsida | ddg_failed:Client network socket disconnected before secure TLS connection was established,,,,,,,,,,,,,,,,,,,,,,,,
,,Ekonominavigation i Karlskrona AB,Mode,"Redovisning, bokföring","Redovisning, bokföring; Företagsutveckling; Skatterådgivning",Blekinge,Karlskrona,Karlskrona,371 33,Norra Smedjegatan 2,2914000,2024-12,in_band,true,3,,+46 455 69 49 80; +46 70 935 28 52; +46 70 877 85 10,info@ekonominavigation.se,https://www.ekonominavigation.se/,https://www.ekonominavigation.se/,https://www.allabolag.se/foretag/ekonominavigation-i-karlskrona-ab/karlskrona/-/2K1R5FCI5YGRY,already_present,,,ekonominavigation.se,info@ekonominavigation.se; filip.issal@ekonominavigation.se; maria@ekonominavigation.se,https://www.ekonominavigation.se/kontakt,browser,no,product_cards,,main@https://www.ekonominavigation.se/:productCards(4) | main@https://www.ekonominavigation.se/:samplingRan(sampled=0),,,,,,,,,,,,no,,0,not_webshop,
,,Täby Vallentuna Hudvårdssalong AB,Hudvård,Hälsotjänster,Hälsotjänster,Stockholm,Vallentuna,Vallentuna,186 31,Centralvägen 12,2902000,2025-06,in_band,true,4,,+46 8 511 742 80,,,http://www.vallentunahudvardssalong.se,https://www.allabolag.se/foretag/taby-vallentuna-hudvardssalong-ab/vallentuna/-/2KG8NSXI63IHB,hitta_orgnr,high,hitta_orgnr:hitta_detail | hitta_orgnr:https://www.hitta.se/t%C3%A4by+vallentuna+hudv%C3%A5rdssalong/t%C3%A4by/invyammtu | hitta_orgnr:orgnr_match | hitta_orgnr:url_in_own_segment,vallentunahudvardssalong.se,info@vallentunahudvardssalong.se,https://vallentunahudvardssalong.se/kontakt,browser,no,,,,,,,,,,,,,,,no,,0,not_webshop,
,Aktiv Hudvård,Aktiv Hudvård I Stockholm AB,Hudvård,"Kosmetik, parfym och frisörartiklar","Kosmetik, parfym och frisörartiklar; Detaljhandel; Butikshandel; Hudvårdsprodukter",Stockholm,Stockholm,Stockholm,111 57,Mäster Samuelsgatan 49,2896000,2025-06,in_band,true,3,,+46 8 10 39 81,,,https://www.aktivhudvard.se/,https://www.allabolag.se/foretag/aktiv-hudvard-i-stockholm-ab/stockholm/-/2K2SXCXI63IIB,hitta_orgnr,high,hitta_orgnr:hitta_detail | hitta_orgnr:https://www.hitta.se/aktiv+hudv%C3%A5rd/stockholm/nnsydioq | hitta_orgnr:orgnr_match | hitta_orgnr:url_in_own_segment,aktivhudvard.se,%20salong@aktivhudvard.se; salong@aktivhudvard.se,https://aktivhudvard.se/kontakt,browser,no,,,main@https://aktivhudvard.se/:samplingRan(sampled=0),,,,,,,,,,,,no,,5,has_identity,
,Instagram from Meta,Säkra Forum i Nacka AB,Skor,Skor,Skor; Läder och lädervaror; Reparatörer,Stockholm,Botkyrka,Tullinge,146 52,Vintervägen 1 a,2853000,2025-12,in_band,true,4,,,,,https://www.instagram.com/sakraforum,https://www.allabolag.se/foretag/sakra-forum-i-nacka-ab/botkyrka/-/2K1U7K6I5YHGY,hitta_orgnr,high,hitta_orgnr:hitta_detail | hitta_orgnr:https://www.hitta.se/s%C3%A4kra+forum+i+nacka+ab/nacka/ikggtyfkl | hitta_orgnr:orgnr_match | hitta_orgnr:url_in_own_segment,instagram.com,,https://www.instagram.com/support,browser,yes,checkout_provider; provider:adyen,adyen,contact_like@https://help.instagram.com/:providers(adyen) | DECISION@contact_like@https://help.instagram.com/,,,,,,,,,,,,no,,33,"is_webshop, platform:adyen",dom_fallback:0_urls
559048-9646,Frölunda Skomakeri AB,Frölunda Skomakeri AB,Skor,Skor,Skor; Läder och lädervaror; Reparatörer,Västra Götaland,Göteborg,Västra Frölunda,421 42,Lilla Marconigatan 35,2847000,2025-02,in_band,true,1-4,,031455212,,,,https://www.allabolag.se/foretag/frolunda-skomakeri-ab/goteborg/-/2KGFLF2I5YHGY,not_found,,hitta_orgnr:hitta_no_url_found | hitta_name:hitta_no_next_data | mojeek_failed:HTTP 403 for https://www.mojeek.com/search?q=Fr%C3%B6lunda%20Skomakeri%20AB%20hemsida | ddg_failed:Client network socket disconnected before secure TLS connection was established,,,,,,,,,,,,,,,,,,,,,,,,
,,Mr Mint R & R AB,Skor,Skor,Skor; Läder och lädervaror; Reparatörer; Möbler; Bilar; Bilreparationer,Stockholm,Järfälla,Järfälla,175 43,Kassavägen 2,2780000,2025-04,in_band,true,2,,,,,http://www.colorglo.se,https://www.allabolag.se/foretag/mr-mint-r-och-r-ab/jarfalla/-/2K45CENI5YHGY,hitta_orgnr,high,hitta_orgnr:hitta_detail | hitta_orgnr:https://www.hitta.se/colorglo+j%C3%A4rf%C3%A4lla/j%C3%A4rf%C3%A4lla/jgpyfccmn | hitta_orgnr:orgnr_match | hitta_orgnr:url_in_own_segment,colorglo.se,,https://colorglo.se,static,no,,,,,,,,,,,,,,,no,,0,parked_domain,parked_domain_detected
,,Södermalms sko o nyckelservice AB,Skor,Skor,Skor; Läder och lädervaror; Reparatörer,Stockholm,Stockholm,Stockholm,116 30,Folkungagatan 102,2744000,2024-12,in_band,true,3,,+46 8 643 10 19; +46 930 18 00,,,http://www.sodermalmskonyckel.se/,https://www.allabolag.se/foretag/sodermalms-sko-o-nyckelservice-ab/stockholm/-/2KGMYMZI5YHGY,hitta_orgnr,high,hitta_orgnr:hitta_detail | hitta_orgnr:https://www.hitta.se/s%C3%B6dermalms+sko+o+nyckelservice+ab/stockholm/npyknuecm | hitta_orgnr:orgnr_match | hitta_orgnr:url_in_own_segment,sodermalmskonyckel.se,sodermalmskonyckel@hotmail.se,https://sodermalmskonyckel.se/s%C3%B6dermalms-sko-och-nyckelservice-ab,browser,no,sampled_3,,main@https://sodermalmskonyckel.se/:samplingRan(sampled=3) | sampleURL@https://sodermalmskonyckel.se/vi-utf%C3%B6r-9823659:status=200 | sampleURL@https://sodermalmskonyckel.se/skor-9823551:status=200 | sampleURL@https://sodermalmskonyckel.se/produkter-9823661:status=200,,,,,,,,,,,,no,,0,not_webshop,
,,Svärdsjö Data & Hemelektronik AB,Hemelektronik,"Radio TV, video","Radio TV, video; Detaljhandel",Dalarna,Falun,Svärdsjö,790 23,Borgärdesvägen 27,2722000,2025-08,in_band,true,1,,,,,http://www.svardsjodata.se,https://www.allabolag.se/foretag/svardsjo-data-och-hemelektronik-ab/falun/-/2K3MYIEI5YH3M,hitta_orgnr,high,hitta_orgnr:hitta_detail | hitta_orgnr:https://www.hitta.se/svardsjo-data-och-hemelektronik-ab/sv%C3%A4rdsj%C3%B6/acrdcops | hitta_orgnr:orgnr_match | hitta_orgnr:url_in_own_segment,svardsjodata.se,,https://svardsjodata.se,browser,no,,,,,,,,,,,,,,,no,,0,unreachable_or_parked,net::ERR_NAME_NOT_RESOLVED at https://svardsjodata.se | method:browser
556873-3231,Mode City i Gnesta AB,Mode City i Gnesta AB,Mode,Konfektion,"Konfektion; Butikshandel; Detaljhandel; Kläder, skor",Södermanland,Gnesta,Gnesta,646 31,Stora Torget 1,2721000,2024-12,in_band,true,2,,,,,,https://www.allabolag.se/foretag/mode-city-i-gnesta-ab/gnesta/-/2K3HA27I63II4,not_found,,hitta_orgnr:hitta_no_url_found | hitta_name:hitta_no_next_data | mojeek_failed:HTTP 403 for https://www.mojeek.com/search?q=Mode%20City%20i%20Gnesta%20AB%20hemsida | ddg_failed:Client network socket disconnected before secure TLS connection was established,,,,,,,,,,,,,,,,,,,,,,,,
556749-0882,Moderna Smycken i Ulricehamn AB,Moderna Smycken i Ulricehamn AB,Smycken,"Klockor, ur","Klockor, ur; Guld, silver, ädelstenar; Grossister",Västra Götaland,Ulricehamn,Hökerum,523 98,Ekeslunda 204,2713000,2024-12,in_band,true,2,,,,,,https://www.allabolag.se/foretag/moderna-smycken-i-ulricehamn-ab/ulricehamn/-/2K2QNGII5YEZ0,not_found,,hitta_orgnr:hitta_no_url_found | hitta_name:hitta_no_url_found | mojeek_failed:HTTP 403 for https://www.mojeek.com/search?q=Moderna%20Smycken%20i%20Ulricehamn%20AB%20hemsida | ddg_failed:Client network socket disconnected before secure TLS connection was established,,,,,,,,,,,,,,,,,,,,,,,,
559462-2226,Inez & Ivar - mode å sånt AB,Inez & Ivar - mode å sånt AB,Mode,Konfektion,"Konfektion; Butikshandel; Detaljhandel; Kläder, skor; Skor - detaljister; Läder och lädervaror; Läder, skor, inredning, reseeffekter och textilier",Dalarna,Älvdalen,Älvdalen,796 30,Dalgatan 71 a,2706000,2025-12,in_band,true,1,,,,,,https://www.allabolag.se/foretag/inez-och-ivar-mode-a-sant-ab/alvdalen/-/2KIW64YI63II4,not_found,,hitta_orgnr:hitta_no_url_found | hitta_name:hitta_no_next_data | mojeek_failed:HTTP 403 for https://www.mojeek.com/search?q=Inez%20%26%20Ivar%20-%20mode%20%C3%A5%20s%C3%A5nt%20AB%20hemsida | ddg_failed:Client network socket disconnected before secure TLS connection was established,,,,,,,,,,,,,,,,,,,,,,,,
559303-5412,Dahls Sko & Mode Aktiebolag,Dahls Sko & Mode Aktiebolag,Mode,Konfektion,Konfektion; Kläder; Grossister,Västra Götaland,Vänersborg,Vänersborg,462 33,Edsgatan 19,2704000,2024-12,in_band,true,2,,,,,,https://www.allabolag.se/foretag/dahls-sko-och-mode-aktiebolag/vanersborg/-/2KHY5QSI63II4,not_found,,hitta_orgnr:hitta_no_url_found | hitta_name:hitta_no_next_data | mojeek_failed:HTTP 403 for https://www.mojeek.com/search?q=Dahls%20Sko%20%26%20Mode%20Aktiebolag%20hemsida | ddg_failed:Client network socket disconnected before secure TLS connection was established,,,,,,,,,,,,,,,,,,,,,,,,
,Fotteknik Väst AB,FOTTEKNIK VÄST AB,Skor,Skor,Skor; Skor och tillbehör - produktion; Producenter,Halland,Kungsbacka,Kungsbacka,434 37,Energigatan 12 Bv,2704000,2025-12,in_band,true,2,,+46 70 950 34 70; +46 70 888 88 13,,,http://www.fotteknik.se,https://www.allabolag.se/foretag/fotteknik-vast-ab/kungsbacka/-/2K35I4HI5YHGY,hitta_orgnr,high,hitta_orgnr:hitta_detail | hitta_orgnr:https://www.hitta.se/fotteknik+v%C3%A4st+ab/kungsbacka/hmgtfjnng | hitta_orgnr:orgnr_match | hitta_orgnr:url_in_own_segment,fotteknik.se,info@fotteknik.se,https://fotteknik.se,static,no,,,,,,,,,,,,,,,no,,5,has_identity,
556824-4791,Marcus Davidsons Skomakeri AB,Marcus Davidsons Skomakeri AB,Skor,Skor,"Skor - detaljister; Detaljhandel; Butikshandel; Kläder, skor; Skor; Läder och lädervaror; Reparatörer",Uppsala,Uppsala,Uppsala,753 20,Vaksalagatan 14 Bv,2701000,2025-12,in_band,true,1,,,,,,https://www.allabolag.se/foretag/marcus-davidsons-skomakeri-ab/uppsala/-/2K36T6FI5YHGY,not_found,,hitta_orgnr:hitta_no_url_found | hitta_name:hitta_no_url_found | mojeek_failed:HTTP 403 for https://www.mojeek.com/search?q=Marcus%20Davidsons%20Skomakeri%20AB%20hemsida | ddg_failed:Client network socket disconnected before secure TLS connection was established,,,,,,,,,,,,,,,,,,,,,,,,
556652-5696,M & J Mode AB,M & J Mode AB,Mode,Konfektion,"Konfektion; Butikshandel; Detaljhandel; Kläder, skor",Östergötland,Motala,Motala,591 30,Prästgatan 4 b Bv,2699000,2025-12,in_band,true,2,,,,,,https://www.allabolag.se/foretag/m-och-j-mode-ab/motala/-/2K25YPSI63II4,not_found,,hitta_orgnr:hitta_no_url_found | hitta_name:hitta_no_next_data | mojeek_failed:HTTP 403 for https://www.mojeek.com/search?q=M%20%26%20J%20Mode%20AB%20hemsida | ddg_failed:Client network socket disconnected before secure TLS connection was established,,,,,,,,,,,,,,,,,,,,,,,,
556388-9319,Mode City i Ljungby Aktiebolag,Mode City i Ljungby Aktiebolag,Mode,Konfektion,"Konfektion; Butikshandel; Detaljhandel; Kläder, skor",Kronoberg,Ljungby,Ljungby,341 43,Storgatan 19 Lgh 1201,2697000,2025-08,in_band,true,2,,037213400,,,,https://www.allabolag.se/foretag/mode-city-i-ljungby-aktiebolag/ljungby/-/2K0LGH3I63II4,not_found,,hitta_orgnr:hitta_no_url_found | hitta_name:hitta_no_next_data | mojeek_failed:HTTP 403 for https://www.mojeek.com/search?q=Mode%20City%20i%20Ljungby%20Aktiebolag%20hemsida | ddg_failed:Client network socket disconnected before secure TLS connection was established,,,,,,,,,,,,,,,,,,,,,,,,
556841-7975,AB Lekakel,AB Lekakel,Leksaker,Byggmästare,Byggmästare; Fastighetsförvaltning,Dalarna,Leksand,Tällberg,793 70,Laknäs Svigattu 4,2688000,2025-12,in_band,true,1,,,,,,https://www.allabolag.se/foretag/ab-lekakel/leksand/-/2K3AIT3I5YDDT,not_found,,hitta_orgnr:hitta_no_url_found | hitta_name:hitta_no_url_found | mojeek_failed:HTTP 403 for https://www.mojeek.com/search?q=AB%20Lekakel%20hemsida | ddg_failed:Client network socket disconnected before secure TLS connection was established,,,,,,,,,,,,,,,,,,,,,,,,
,,LMK Trädgård och Fritid i Hagfors AB,Trädgård,Trädgårdsanläggningar,"Trädgårdsanläggningar; Markentreprenörer, anläggningsentreprenörer; Parkanläggningar",Värmland,Hagfors,Hagfors,683 33,Görsjöv. 6,2674000,2024-12,in_band,true,3,,,lmk.hagfors@telia.com,http://www.lmktradgardofritid.se,http://www.lmktradgardofritid.se,https://www.allabolag.se/foretag/lmk-tradgard-och-fritid-i-hagfors-ab/hagfors/-/2K1RNPBI5YI51,already_present,,,lmktradgardofritid.se,,https://lmktradgardofritid.se,browser,no,,,,,,,,,,,,,,,no,,0,unreachable_or_parked,net::ERR_NAME_NOT_RESOLVED at https://lmktradgardofritid.se | method:browser
559165-7720,Cederqvist Consulting & Craft AB,Cederqvist Consulting & Craft AB,Skor,Skor,"Konsulter; Datakonsulter; Producenter; Läder och lädervaror - tillverkning; Läder och lädervaror; Reseeffekter; Skor; Skor och tillbehör - produktion; Internet - Konsulter, operatörer; Trävaror; Trävaror - produktion",Stockholm,Stockholm,Stockholm,115 42,Artemisgatan 5 b,2669000,2025-12,in_band,true,2,,,,,,https://www.allabolag.se/foretag/cederqvist-consulting-och-craft-ab/stockholm/-/2KH4MPKI5YHGY,not_found,,hitta_orgnr:hitta_no_url_found | hitta_name:hitta_no_next_data | mojeek_failed:HTTP 403 for https://www.mojeek.com/search?q=Cederqvist%20Consulting%20%26%20Craft%20AB%20hemsida | ddg_failed:Client network socket disconnected before secure TLS connection was established,,,,,,,,,,,,,,,,,,,,,,,,
559084-0038,Ringens sko & nyckelservice i Varberg AB,Ringens sko & nyckelservice i Varberg AB,Skor,Skor,Skor; Läder och lädervaror; Reparatörer; Tvätterier,Halland,Varberg,Varberg,432 41,Västra Vallgatan 2,2655000,2025-12,in_band,true,2,,,,,,https://www.allabolag.se/foretag/ringens-sko-och-nyckelservice-i-varberg-ab/varberg/-/2KGN3S6I5YHGY,not_found,,hitta_orgnr:hitta_no_url_found | hitta_name:hitta_no_next_data | mojeek_failed:HTTP 403 for https://www.mojeek.com/search?q=Ringens%20sko%20%26%20nyckelservice%20i%20Varberg%20AB%20hemsida | ddg_failed:Client network socket disconnected before secure TLS connection was established,,,,,,,,,,,,,,,,,,,,,,,,
,,Gordons Mode AB,Mode,Konfektion,"Konfektion; Butikshandel; Detaljhandel; Kläder, skor",Västerbotten,Skellefteå,Skellefteå,931 32,Nygatan 34,2648000,2025-12,in_band,true,1,,+46 910 101 75,,,http://gordonsmode.se/,https://www.allabolag.se/foretag/gordons-mode-ab/skelleftea/-/2K25N40I63II4,hitta_orgnr,high,hitta_orgnr:hitta_detail | hitta_orgnr:https://www.hitta.se/gordons+mode+ab/skellefte%C3%A5/akpsbddf | hitta_orgnr:orgnr_match | hitta_orgnr:url_in_own_segment,gordonsmode.se,gordons@gordonsmode.se,https://gordonsmode.se/kontakta-oss,browser,no,sampled_3; sample_addtocart_1,,main@https://gordonsmode.se/:samplingRan(sampled=3) | sampleURL@https://gordonsmode.se/aktuellt/:status=200 | sampleURL@https://gordonsmode.se/historik/:status=200:ATC | sampleURL@https://gordonsmode.se/category/accesoarer/:status=200,,,,,,,,,,,,no,,0,not_webshop,
,TrädgårdSmart i Sverige AB,TrädgårdSmart i Sverige AB,Trädgård,Trädgårdsanläggningar,Trädgårdsanläggningar; Byggmästare; Järnvaror; Detaljhandel; Butikshandel; Parkanläggningar,,,,,,2638000,2025-12,in_band,true,1,,+46 10 214 61 50,info@tradgardsmart.se,https://tradgardsmart.se,https://tradgardsmart.se,https://www.allabolag.se/foretag/tradgardsmart-i-sverige-ab/-/-/2KGK0X8I5YI51,already_present,,,tradgardsmart.se,info@tradgardsmart.se,https://tradgardsmart.se,static,yes,checkout_provider; cart; product_cards; provider:woocommerce,woocommerce,static@https://tradgardsmart.se:hasCart(urlPath:/varukorg) | static@https://tradgardsmart.se:providers(woocommerce) | static@https://tradgardsmart.se:productCards(8) | DECISION@static@https://tradgardsmart.se,54,5,54,132,0,0,0,93,1165,80,3,no,,55,"is_webshop, platform:woocommerce, catalog_50plus, seo_gap_low, has_email",sitemap:54_products_from_10_sitemaps | seo_sampled:5 gap:3
556039-5518,Euro Clogs AB,Euro Clogs AB,Skor,Skor,Skor; Skor och tillbehör - produktion; Producenter; Detaljhandel; Detaljhandel - annat; Butikshandel,Kronoberg,Uppvidinge,Alstermo,364 43,Larmgatan 10,2636000,2024-12,in_band,true,2,,,,,,https://www.allabolag.se/foretag/euro-clogs-ab/uppvidinge/-/2JYIKN2I5YHGY,not_found,,hitta_orgnr:hitta_no_url_found | hitta_name:hitta_no_next_data | mojeek_failed:HTTP 403 for https://www.mojeek.com/search?q=Euro%20Clogs%20AB%20hemsida | ddg_failed:Client network socket disconnected before secure TLS connection was established,,,,,,,,,,,,,,,,,,,,,,,,
559299-1805,Malmö Tvätt & Klädservice AB,Malmö Tvätt & Klädservice AB,Skor,Skor,Skor; Läder och lädervaror; Reparatörer,Skåne,Malmö,Malmö,211 19,Stora Varvsgatan 24 b,2624000,2024-12,in_band,true,4,,,,,,https://www.allabolag.se/foretag/malmo-tvatt-och-kladservice-ab/malmo/-/2KHX83HI5YHGY,not_found,,hitta_orgnr:hitta_no_url_found | hitta_name:hitta_no_next_data | mojeek_failed:HTTP 403 for https://www.mojeek.com/search?q=Malm%C3%B6%20Tv%C3%A4tt%20%26%20Kl%C3%A4dservice%20AB%20hemsida | ddg_failed:Client network socket disconnected before secure TLS connection was established,,,,,,,,,,,,,,,,,,,,,,,,
556183-1495,L.P. Mode Lennart Pålsson Aktiebolag,L.P. Mode Lennart Pålsson Aktiebolag,Mode,Konfektion,"Konfektion; Butikshandel; Detaljhandel; Kläder, skor",Skåne,Helsingborg,Helsingborg,252 19,Carl Krooks Gata 44,2617000,2024-12,in_band,true,1,,,,,,https://www.allabolag.se/foretag/l-p-mode-lennart-palsson-aktiebolag/helsingborg/-/2JZDCNBI63II4,not_found,,hitta_orgnr:hitta_no_url_found | hitta_name:hitta_no_next_data | mojeek_failed:HTTP 403 for https://www.mojeek.com/search?q=L.P.%20Mode%20Lennart%20P%C3%A5lsson%20Aktiebolag%20hemsida | ddg_failed:Client network socket disconnected before secure TLS connection was established,,,,,,,,,,,,,,,,,,,,,,,,
559194-9507,Tilva Stålsmycken AB,Tilva Stålsmycken AB,Smycken,Detaljhandel - annat,Detaljhandel - annat; Detaljhandel; Postorder/e-handel,Halland,Kungsbacka,Frillesås,439 63,Fringshultsvägen 150,2579000,2025-06,in_band,true,0,,,,,,https://www.allabolag.se/foretag/tilva-stalsmycken-ab/kungsbacka/-/2KHAVURI63ILV,not_found,,hitta_orgnr:hitta_no_url_found | hitta_name:hitta_no_next_data | mojeek_failed:HTTP 403 for https://www.mojeek.com/search?q=Tilva%20St%C3%A5lsmycken%20AB%20hemsida | ddg_failed:Client network socket disconnected before secure TLS connection was established,,,,,,,,,,,,,,,,,,,,,,,,
559372-2639,Skor & Väskor I Lerum AB,Skor & Väskor I Lerum AB,Skor,Skor,Skor; Läder och lädervaror; Reparatörer,Västra Götaland,Lerum,Gråbo,443 40,Lugnets Hage 5,2570000,2025-12,in_band,true,3,,,,,,https://www.allabolag.se/foretag/skor-och-vaskor-i-lerum-ab/lerum/-/2KICW0FI5YHGY,not_found,,hitta_orgnr:hitta_no_url_found | hitta_name:hitta_no_next_data | mojeek_failed:HTTP 403 for https://www.mojeek.com/search?q=Skor%20%26%20V%C3%A4skor%20I%20Lerum%20AB%20hemsida | ddg_failed:Client network socket disconnected before secure TLS connection was established,,,,,,,,,,,,,,,,,,,,,,,,
559057-7788,Skomakeriet Plus AB,Skomakeriet Plus AB,Skor,Skor,Skor; Läder och lädervaror; Reparatörer,Västra Götaland,Lerum,Floda,448 36,Gräsvägen 10 d,2552000,2025-09,in_band,true,1-4,,,,,,https://www.allabolag.se/foretag/skomakeriet-plus-ab/lerum/-/2KGHHFGI5YHGY,not_found,,hitta_orgnr:hitta_no_url_found | hitta_name:hitta_no_url_found | mojeek_failed:HTTP 403 for https://www.mojeek.com/search?q=Skomakeriet%20Plus%20AB%20hemsida | ddg_failed:Client network socket disconnected before secure TLS connection was established,,,,,,,,,,,,,,,,,,,,,,,,
,Levino AB,Levino service Aktiebolag,Skor,Skor,Skor; Läder och lädervaror; Reparatörer,Skåne,Malmö,Malmö,211 19,Stora Varvsgatan 9 b,2535000,2024-12,in_band,true,2,,+46 40 12 06 00,,,http://www.levino.se/,https://www.allabolag.se/foretag/levino-service-aktiebolag/malmo/-/2KGNWWEI5YHGY,hitta_orgnr,high,hitta_orgnr:hitta_detail | hitta_orgnr:https://www.hitta.se/levino+service+ab/malm%C3%B6/aqrxjnsv | hitta_orgnr:orgnr_match | hitta_orgnr:url_in_own_segment,levino.se,info@levino.se,https://levino.se,static,no,product_cards,,static@https://levino.se:productCards(4),,,,,,,,,,,,no,,5,has_identity,
559410-2310,LA:S HUDVÅRD AB,LA:S HUDVÅRD AB,Hudvård,"Kosmetik, parfym och frisörartiklar","Kosmetik, parfym och frisörartiklar; Detaljhandel; Butikshandel",Örebro,Örebro,Glanshammar,705 96,Ekbacken 636,2531000,2025-03,in_band,true,2,,,,,,https://www.allabolag.se/foretag/la-s-hudvard-ab/orebro/-/2KIL0YUI63IIB,not_found,,hitta_orgnr:hitta_no_url_found | hitta_name:hitta_no_next_data | mojeek_failed:HTTP 403 for https://www.mojeek.com/search?q=LA%3AS%20HUDV%C3%85RD%20AB%20hemsida | ddg_failed:Client network socket disconnected before secure TLS connection was established,,,,,,,,,,,,,,,,,,,,,,,,
556705-6667,Justinas Mode AB,Justinas Mode AB,Mode,Konfektion,"Konfektion; Butikshandel; Detaljhandel; Kläder, skor",Västernorrland,Sundsvall,Kvissleby,862 31,Affärsgatan 14 d,2524000,2025-06,in_band,true,2,,,,,,https://www.allabolag.se/foretag/justinas-mode-ab/sundsvall/-/2K2HCEZI63II4,not_found,,hitta_orgnr:hitta_no_url_found | hitta_name:hitta_no_url_found | mojeek_failed:HTTP 403 for https://www.mojeek.com/search?q=Justinas%20Mode%20AB%20hemsida | ddg_failed:Client network socket disconnected before secure TLS connection was established,,,,,,,,,,,,,,,,,,,,,,,,
,Ekonomico AB,Ekonomico AB,Mode,"Redovisning, bokföring","Redovisning, bokföring; Skatterådgivning; Företagsutveckling",Västra Götaland,Göteborg,Hisings Backa,422 44,Nya Tingstadsgatan 1,2518000,2024-12,in_band,true,4,,+46 31 52 40 00,info@ekonomico.se,https://ekonomico.se,https://ekonomico.se,https://www.allabolag.se/foretag/ekonomico-ab/goteborg/-/2KGVND1I5YGRY,already_present,,,ekonomico.se,info@ekonomico.se,https://ekonomico.se,static,no,product_cards,,static@https://ekonomico.se:productCards(6),,,,,,,,,,,,no,,5,has_identity,
559528-9629,KJ Marketing Sweden AB,KJ Marketing Sweden AB,Mode,"Video, film - Inspelning, produktion","Video, film - Inspelning, produktion; Marknadsföringskonsulter; Reklambyråer",Skåne,Kristianstad,Kristianstad,291 34,Östra Kaserngatan 4 b,,,unknown,true,1-4,,,info@kjmarketingsweden.com,https://kjmarketingsweden.com/,https://kjmarketingsweden.com/,https://www.allabolag.se/foretag/kj-marketing-sweden-ab/kristianstad/-/2KJAH3XI5YIK9,already_present,,,kjmarketingsweden.com,info@kjmarketingsweden.com; jacob@kjmarketingsweden.com,https://kjmarketingsweden.com,browser,yes,product_cards; priced_cards,,main@https://kjmarketingsweden.com/sv/hem/:pricedCards(multiPrices) | main@https://kjmarketingsweden.com/sv/hem/:productCards(14) | DECISION@main@https://kjmarketingsweden.com/sv/hem/,,,,,,,,,,,,no,,33,"is_webshop, has_email, has_orgnr",dom_fallback:0_urls
556928-6932,Anderssons Hemelektronik AB,Anderssons Hemelektronik AB,Hemelektronik,"Radio TV, video","Radio TV, video; Detaljhandel",Södermanland,Oxelösund,Oxelösund,613 30,Järntorget 4,,,unknown,true,1-4,,,,,,https://www.allabolag.se/foretag/anderssons-hemelektronik-ab/oxelosund/-/2K3T5ASI5YH3M,not_found,,hitta_orgnr:hitta_no_url_found | hitta_name:hitta_no_next_data | mojeek_failed:HTTP 403 for https://www.mojeek.com/search?q=Anderssons%20Hemelektronik%20AB%20hemsida | ddg_failed:Client network socket disconnected before secure TLS connection was established,,,,,,,,,,,,,,,,,,,,,,,,
556808-7091,RHPC Hemelektronik i Karlshamn AB,RHPC Hemelektronik i Karlshamn AB,Hemelektronik,"Radio TV, video","Radio TV, video; Detaljhandel",Blekinge,Karlshamn,Karlshamn,374 32,Nyemöllevägen 3 c,0,2024-12,unknown,true,1,,,,,,https://www.allabolag.se/foretag/rhpc-hemelektronik-i-karlshamn-ab/karlshamn/-/2K33FHVI5YH3M,not_found,,hitta_orgnr:hitta_no_url_found | hitta_name:hitta_no_url_found | mojeek_failed:HTTP 403 for https://www.mojeek.com/search?q=RHPC%20Hemelektronik%20i%20Karlshamn%20AB%20hemsida | ddg_failed:Client network socket disconnected before secure TLS connection was established,,,,,,,,,,,,,,,,,,,,,,,,
559512-5039,Håkans Leksaker i Vara AB,Håkans Leksaker i Vara AB,Leksaker,"Leksaker, hobbyartiklar","Leksaker, hobbyartiklar; Spel, nöjesanläggningsutrustningar; Butikshandel; Detaljhandel",Västra Götaland,Vara,Vara,53431,Hotellg. 1,,,unknown,true,1-4,,0512-108 01,leksaker.rikard.jansson@hotmail.com,,,https://www.allabolag.se/foretag/hakans-leksaker-i-vara-ab/vara/-/2KJ6Y3ZI5YFVA,not_found,,hitta_orgnr:hitta_no_url_found | hitta_name:hitta_no_next_data | mojeek_failed:HTTP 403 for https://www.mojeek.com/search?q=H%C3%A5kans%20Leksaker%20i%20Vara%20AB%20hemsida | ddg_failed:Client network socket disconnected before secure TLS connection was established,,,,,,,,,,,,,,,,,,,,,,,,
559527-3169,Lilla Snigel Leksaker AB,Lilla Snigel Leksaker AB,Leksaker,"Spel, nöjesanläggningsutrustningar","Spel, nöjesanläggningsutrustningar; Butikshandel; Detaljhandel",Östergötland,Norrköping,Norrköping,602 24,Drottninggatan 17,,,unknown,true,1-4,,,,,,https://www.allabolag.se/foretag/lilla-snigel-leksaker-ab/norrkoping/-/2KJA4EPI5YHPS,not_found,,hitta_orgnr:hitta_no_url_found | hitta_name:hitta_no_next_data | mojeek_failed:HTTP 403 for https://www.mojeek.com/search?q=Lilla%20Snigel%20Leksaker%20AB%20hemsida | ddg_failed:Client network socket disconnected before secure TLS connection was established,,,,,,,,,,,,,,,,,,,,,,,,
559505-3769,Mariefreds Leksaksbod Lilla Dröm Aktiebolag,Mariefreds Leksaksbod Lilla Dröm Aktiebolag,Leksaker,"Spel, nöjesanläggningsutrustningar","Spel, nöjesanläggningsutrustningar; Butikshandel; Detaljhandel",Södermanland,Strängnäs,Mariefred,647 35,Lodjurets Väg 7,,,unknown,true,1-4,,,,,,https://www.allabolag.se/foretag/mariefreds-leksaksbod-lilla-drom-aktiebolag/strangnas/-/2KJ5F49I5YHPS,not_found,,hitta_orgnr:hitta_no_url_found | hitta_name:hitta_no_next_data | mojeek_failed:HTTP 403 for https://www.mojeek.com/search?q=Mariefreds%20Leksaksbod%20Lilla%20Dr%C3%B6m%20Aktiebolag%20hemsida | ddg_failed:Client network socket disconnected before secure TLS connection was established,,,,,,,,,,,,,,,,,,,,,,,,
559542-6544,Leksakshuset i Torsby AB,Leksakshuset i Torsby AB,Leksaker,"Spel, nöjesanläggningsutrustningar","Spel, nöjesanläggningsutrustningar; Butikshandel; Detaljhandel; Postorder/e-handel",Värmland,Torsby,Torsby,685 30,Kyrkogatan 3 b,,,unknown,true,1-4,,,,,,https://www.allabolag.se/foretag/leksakshuset-i-torsby-ab/torsby/-/2KJDER4I5YHPS,not_found,,hitta_orgnr:hitta_no_url_found | hitta_name:hitta_no_next_data | mojeek_failed:HTTP 403 for https://www.mojeek.com/search?q=Leksakshuset%20i%20Torsby%20AB%20hemsida | ddg_failed:Client network socket disconnected before secure TLS connection was established,,,,,,,,,,,,,,,,,,,,,,,,
559542-3491,Mölndal Hälsokost AB,Mölndal Hälsokost AB,Hälsokost,Livsmedel,"Livsmedel; Hälsokost, naturläkemedel; Detaljhandel; Butikshandel",Västra Götaland,Mölndal,Mölndal,431 31,Barnhemsgatan 22,,,unknown,true,1-4,,,,,,https://www.allabolag.se/foretag/molndal-halsokost-ab/molndal/-/2KJDCEBI5YFWD,not_found,,hitta_orgnr:hitta_no_url_found | hitta_name:hitta_no_next_data | mojeek_failed:HTTP 403 for https://www.mojeek.com/search?q=M%C3%B6lndal%20H%C3%A4lsokost%20AB%20hemsida | ddg_failed:Client network socket disconnected before secure TLS connection was established,,,,,,,,,,,,,,,,,,,,,,,,
559538-0261,Ängelholms Hälsokost AB,Ängelholms Hälsokost AB,Hälsokost,Livsmedel,"Livsmedel; Hälsokost, naturläkemedel; Detaljhandel; Butikshandel",Skåne,Ängelholm,Ängelholm,262 32,Storgatan 54,,,unknown,true,1-4,,,,,,https://www.allabolag.se/foretag/angelholms-halsokost-ab/angelholm/-/2KJCF1HI5YFWD,not_found,,hitta_orgnr:hitta_no_url_found | hitta_name:hitta_no_next_data | mojeek_failed:HTTP 403 for https://www.mojeek.com/search?q=%C3%84ngelholms%20H%C3%A4lsokost%20AB%20hemsida | ddg_failed:Client network socket disconnected before secure TLS connection was established,,,,,,,,,,,,,,,,,,,,,,,,
559376-6081,Hälsokosten Brommaplan AB,Hälsokosten Brommaplan AB,Hälsokost,Livsmedel,"Livsmedel; Hälsokost, naturläkemedel; Detaljhandel; Butikshandel; Detaljhandel - annat; Postorder/e-handel; Hälsotjänster",Stockholm,Stockholm,Bromma,168 76,Brommaplan 411,0,2024-12,unknown,true,1-4,,,,,,https://www.allabolag.se/foretag/halsokosten-brommaplan-ab/stockholm/-/2KIDTJ5I5YFWD,not_found,,hitta_orgnr:hitta_no_url_found | hitta_name:hitta_no_next_data | mojeek_failed:HTTP 403 for https://www.mojeek.com/search?q=H%C3%A4lsokosten%20Brommaplan%20AB%20hemsida | ddg_failed:Client network socket disconnected before secure TLS connection was established,,,,,,,,,,,,,,,,,,,,,,,,