name,orgnr,omsattning_tkrk,anstallda,ort,branscher,allabolag_url
"Örbyhus Möbelaffär AB",556538-5381,16169,5,"748 40 Örbyhus","Glasarbeten;Möbler;Butikshandel;Detaljhandel",https://www.allabolag.se/foretag/%C3%B6rbyhus-m%C3%B6belaff%C3%A4r-ab/%C3%B6rbyhus/-/5565385381
"Önskebutiken i Varberg Aktiebolag",556216-7022,11228,5,"432 41 Varberg","Möbler, inredning, kök- och belysningsutrustning;Butikshandel;Detaljhandel",https://www.allabolag.se/foretag/%C3%B6nskebutiken-i-varberg-aktiebolag/varberg/-/5562167022
"Önska Frölunda AB",556885-9341,11445,5,"332 33 Gislaved","Möbler, inredning, kök- och belysningsutrustning;Butikshandel;Detaljhandel",https://www.allabolag.se/foretag/%C3%B6nska-fr%C3%B6lunda-ab/gislaved/-/5568859341
"Åsélls Möbelhus Eftr Aktiebolag",556528-5755,11884,4,"931 57 Skellefteå","Möbler;Butikshandel;Detaljhandel",https://www.allabolag.se/foretag/%C3%A5s%C3%A9lls-m%C3%B6belhus-eftr-aktiebolag/skellefte%C3%A5/-/5565285755
"Åkerströms Elektriska Aktiebolag",556220-1300,13654,7,"786 97 Björbo","Byggmästare;Elinstallationer;Radio TV, video;Möbler, inredning, kök- och belysningsutrustning;Butikshandel;Detaljhandel",https://www.allabolag.se/foretag/%C3%A5kerstr%C3%B6ms-elektriska-aktiebolag/bj%C3%B6rbo/-/5562201300
"Åkerbo El och Måleri AB",559253-1783,12882,9,"387 72 Löttorp","Belysningsarmatur - Komponenter;Byggmästare;Elektronik - Legotillverkning;Elinstallationer;Måleriarbeten;Grossister;Hushållsmaskiner och apparater, radio, tv, cd och musikinstrument;Reparatörer;Butikshandel;Detaljhandel",https://www.allabolag.se/foretag/%C3%A5kerbo-el-och-m%C3%A5leri-ab/l%C3%B6ttorp/-/5592531783
"www.paintpro.se Sverige AB",559014-9414,13092,2,"514 60 Dalstorp","Textilier;Möbler, inredning, kök- och belysningsutrustning;Butikshandel;Detaljhandel",https://www.allabolag.se/foretag/www.paintpro.se-sverige-ab/dalstorp/-/5590149414
"umeåDUÅ AB",556711-7394,16261,5,"903 26 Umeå","Catering;Livsmedel;Möbler, inredning, kök- och belysningsutrustning;Butikshandel;Detaljhandel",https://www.allabolag.se/foretag/ume%C3%A5du%C3%A5-ab/ume%C3%A5/-/5567117394
"i1 Adrioli AB",556811-0893,10180,6,"452 38 Strömstad","Möbler, inredning, kök- och belysningsutrustning;Butikshandel;Detaljhandel",https://www.allabolag.se/foretag/i1-adrioli-ab/str%C3%B6mstad/-/5568110893
"i deoconcept AB",556773-8710,16782,4,"431 50 Mölndal","Kontorsinredningar;Grossister",https://www.allabolag.se/foretag/i-deoconcept-ab/m%C3%B6lndal/-/5567738710
"afswedala Aktiebolag",556798-8521,10247,1,"516 31 Dalsjöfors","Belysningsarmatur - Komponenter;Grossister",https://www.allabolag.se/foretag/afswedala-aktiebolag/dalsj%C3%B6fors/-/5567988521
"ZINNIA AB",556895-1056,10088,7,"532 40 Skara","Möbler, inredning, kök- och belysningsutrustning;Butikshandel;Detaljhandel;Blommor, växter och tillbehör",https://www.allabolag.se/foretag/zinnia-ab/skara/-/5568951056
"Wisby Ur & Guld Aktiebolag",556189-4519,14139,3,"02414 139","Guld, silver, ädelstenar;Klockor, ur;Möbler, inredning, kök- och belysningsutrustning;Optik och optisk utrustning;Urmakare;Butikshandel;Detaljhandel",https://www.allabolag.se/foretag/wisby-ur-guld-aktiebolag/visby/-/5561894519
"Wilzéns Snickeri i Tranås AB",556359-4679,11736,7,"573 41 Tranås","Möbler;Trävaror;Grossister;Möbler - Produktion;Producenter;Trä och byggvaror - grossist;Trävaror - produktion;Butikshandel;Detaljhandel;Virke och byggvaror",https://www.allabolag.se/foretag/wilz%C3%A9ns-snickeri-i-tran%C3%A5s-ab/tran%C3%A5s/-/5563594679
"Walles & Walles Aktiebolag",556455-8996,17957,6,"113 56 Stockholm","Textilier;Möbler, inredning, kök- och belysningsutrustning;Butikshandel;Detaljhandel",https://www.allabolag.se/foretag/walles-walles-aktiebolag/stockholm/-/5564558996
"Walfrid Svenssons Möbler AB",559097-1734,12071,2,"652 20 Karlstad","Möbler;Butikshandel;Detaljhandel",https://www.allabolag.se/foretag/walfrid-svenssons-m%C3%B6bler-ab/karlstad/-/5590971734
"Väsby Färghall Aktiebolag",556079-1112,19519,6,"194 63 Upplands Väsby","Färger, lacker, tapeter;Golvbeläggningar;Mattor;Butikshandel;Detaljhandel",https://www.allabolag.se/foretag/v%C3%A4sby-f%C3%A4rghall-aktiebolag/upplands-v%C3%A4sby/-/5560791112
"Väddö Möbelaffär Aktiebolag",556177-1246,13372,9,"764 31 Väddö","Möbler;Butikshandel;Detaljhandel",https://www.allabolag.se/foretag/v%C3%A4dd%C3%B6-m%C3%B6belaff%C3%A4r-aktiebolag/v%C3%A4dd%C3%B6/-/5561771246
"Vitra AB",556864-3760,19465,9,"116 33 Stockholm","Kontorsinredningar;Postorder/e-handel;Grossister;Detaljhandel;Detaljhandel - annat",https://www.allabolag.se/foretag/vitra-ab/stockholm/-/5568643760
"Viking Led AB",559165-8280,10103,2,"564 35 Bankeryd","Belysningsarmatur - Komponenter;Elektronik - Systemkomponenter;Elmateriel;Elektronik - Tillverkning;Grossister;Producenter",https://www.allabolag.se/foretag/viking-led-ab/bankeryd/-/5591658280
"Verkstan på Gotland AB",559203-2550,11045,4,"621 56 Visby","Postorder/e-handel;Kläder, skor;Konfektion;Möbler, inredning, kök- och belysningsutrustning;Butikshandel;Detaljhandel;Detaljhandel - annat",https://www.allabolag.se/foretag/verkstan-p%C3%A5-gotland-ab/visby/-/5592032550
"Vandra Rugs AB",556702-1943,15744,4,"114 53 Stockholm","Textilier;Möbler, inredning, kök- och belysningsutrustning;Butikshandel;Detaljhandel",https://www.allabolag.se/foretag/vandra-rugs-ab/stockholm/-/5567021943
"Uvendajo AB",559191-2299,13258,3,"302 60 Halmstad","Möbler;Butikshandel;Detaljhandel",https://www.allabolag.se/foretag/uvendajo-ab/halmstad/-/5591912299
"Underbara Hem i Eskilstuna AB",556414-2056,17788,9,"633 46 Eskilstuna","Möbler;Möbler, inredning, kök- och belysningsutrustning;Butikshandel;Detaljhandel",https://www.allabolag.se/foretag/underbara-hem-i-eskilstuna-ab/eskilstuna/-/5564142056
"Ullmans Mattor Aktiebolag",556205-7389,14904,6,"113 32 Stockholm","Byggmästare;Golvbeläggningar;Mattor;Butikshandel;Detaljhandel",https://www.allabolag.se/foretag/ullmans-mattor-aktiebolag/stockholm/-/5562057389
"Ulfåsa Rotting Aktiebolag",556367-4810,13790,3,"591 91 Motala","Möbler;Butikshandel;Detaljhandel",https://www.allabolag.se/foretag/ulf%C3%A5sa-rotting-aktiebolag/motala/-/5563674810
"Törnvalls Möbler Aktiebolag",556081-6471,17300,6,"577 75 Mörlunda","Möbler;Butikshandel;Detaljhandel",https://www.allabolag.se/foretag/t%C3%B6rnvalls-m%C3%B6bler-aktiebolag/m%C3%B6rlunda/-/5560816471
"TÔNN furniture AB",559023-5767,11208,4,"118 22 Stockholm","Möbler;Butikshandel;Detaljhandel",https://www.allabolag.se/foretag/t%C3%B4nn-furniture-ab/stockholm/-/5590235767
"Tylösand Trading Sweden AB",556945-6295,14285,8,"302 65 Halmstad","Kontorsinredningar;Grossister",https://www.allabolag.se/foretag/tyl%C3%B6sand-trading-sweden-ab/halmstad/-/5569456295
"Tumbo Möbler AB",556742-9179,12736,5,"635 31 Kvicksund","Möbler;Textilier;Möbler, inredning, kök- och belysningsutrustning;Butikshandel;Detaljhandel",https://www.allabolag.se/foretag/tumbo-m%C3%B6bler-ab/kvicksund/-/5567429179
"Tullhuset Living AB",556211-5682,12992,5,"722 10 Västerås","Arkitekter;Designers, formgivare;Möbler;Kläder, skor;Konfektion;Butikshandel;Detaljhandel",https://www.allabolag.se/foretag/tullhuset-living-ab/v%C3%A4ster%C3%A5s/-/5562115682
"Träff Golv och Färg AB",556608-0031,12073,5,"532 37 Skara","Färger, lacker, tapeter;Golvbeläggningar;Mattor;Butikshandel;Detaljhandel",https://www.allabolag.se/foretag/tr%C3%A4ff-golv-och-f%C3%A4rg-ab/skara/-/5566080031
"Trim Sweden AB",556684-6589,18065,0,"507 71 Gånghester","Kontorsinredningar;Grossister",https://www.allabolag.se/foretag/trim-sweden-ab/g%C3%A5nghester/-/5566846589
"Tri West Trading Aktiebolag",556616-1237,13632,3,"432 74 Träslövsläge","Kontorsinredningar;Redovisning, bokföring;Grossister;Skatterådgivning",https://www.allabolag.se/foretag/tri-west-trading-aktiebolag/tr%C3%A4sl%C3%B6vsl%C3%A4ge/-/5566161237
"Tre Inredare AB",556664-1089,11758,2,"235 38 Vellinge","Finansbolag, finansiella tjänster;Kontorsinredningar;Värdepappershandel;Grossister",https://www.allabolag.se/foretag/tre-inredare-ab/vellinge/-/5566641089
"Torkelson Möbel AB",556975-8476,17728,5-9,"286 73 Skånes Fagerhult","Belysningsarmatur - Komponenter;Grossister",https://www.allabolag.se/foretag/torkelson-m%C3%B6bel-ab/sk%C3%A5nes-fagerhult/-/5569758476
"Tony Sköld Agentur AB",556659-1847,15930,2,"131 73 Nacka","Livsmedel;Möbler;Kläder, skor;Konfektion;Butikshandel;Detaljhandel",https://www.allabolag.se/foretag/tony-sk%C3%B6ld-agentur-ab/nacka/-/5566591847
"Tofta Möbel Aktiebolag",556406-3070,15227,6,"622 65 Gotlands Tofta","Möbler;Butikshandel;Detaljhandel",https://www.allabolag.se/foretag/tofta-m%C3%B6bel-aktiebolag/gotlands-tofta/-/5564063070
"To Hemprodukter O. Fagerström Aktiebolag",556316-4796,19647,7,"824 40 Hudiksvall","Hushållsmaskiner och apparater, radio, tv, cd och musikinstrument;Möbler, inredning, kök- och belysningsutrustning;Butikshandel;Detaljhandel",https://www.allabolag.se/foretag/to-hemprodukter-o.-fagerstr%C3%B6m-aktiebolag/hudiksvall/-/5563164796
"Thimar Form AB",559039-0398,13578,3,"652 24 Karlstad","Möbler;Butikshandel;Detaljhandel",https://www.allabolag.se/foretag/thimar-form-ab/karlstad/-/5590390398
"Texa Fastighetsförvaltning AB",556042-1355,10246,1-4,"265 38 Åstorp","Belysningsarmatur - Komponenter;Grossister",https://www.allabolag.se/foretag/texa-fastighetsf%C3%B6rvaltning-ab/%C3%A5storp/-/5560421355
"Tells Färgvaruhus AB",556781-7563,14734,7,"441 38 Alingsås","Färger, lacker, tapeter;Golvbeläggningar;Mattor;Butikshandel;Detaljhandel;Virke och byggvaror",https://www.allabolag.se/foretag/tells-f%C3%A4rgvaruhus-ab/alings%C3%A5s/-/5567817563
"Teaterhotellet i Malmö AB",556294-4685,10260,6,"211 42 Malmö","Belysningsarmatur - Komponenter;Hotell;Grossister",https://www.allabolag.se/foretag/teaterhotellet-i-malm%C3%B6-ab/malm%C3%B6/-/5562944685
"Tannenbaum Sverige AB",556852-7252,14340,10,"182 36 Danderyd","Belysningsarmatur - Komponenter;Byggmästare;Elektronik - Systemkomponenter;Elektronik - Tillverkning;Möbler, inredning, kök- och belysningsutrustning;Producenter;Butikshandel;Detaljhandel",https://www.allabolag.se/foretag/tannenbaum-sverige-ab/danderyd/-/5568527252
"Tambur Store AB",559021-0729,11409,2,"116 22 Stockholm","Designers, formgivare;Industridesigners;Postorder/e-handel;Möbler, inredning, kök- och belysningsutrustning;Butikshandel;Detaljhandel",https://www.allabolag.se/foretag/tambur-store-ab/stockholm/-/5590210729
"TURHOME MÖBLER AB",559030-6865,16632,7,"602 23 Norrköping","Möbler;Butikshandel;Detaljhandel",https://www.allabolag.se/foretag/turhome-m%C3%B6bler-ab/norrk%C3%B6ping/-/5590306865
"TRAGENT Aktiebolag",556406-7873,19022,3,"436 42 Askim","Företagsutveckling;Möbler;Butikshandel;Detaljhandel",https://www.allabolag.se/foretag/tragent-aktiebolag/askim/-/5564067873
"TIB-Möbler AB",556067-7444,11245,4,"612 73 Ljusfallshammar","Möbler;Butikshandel;Detaljhandel",https://www.allabolag.se/foretag/tib-m%C3%B6bler-ab/ljusfallshammar/-/5560677444
"Sångbergs Färs & Bärs AB",559347-8208,15322,16,"514 34 Tranemo","Catering;Köttprodukter, slakteriprodukter;Livsmedel;Möbler, inredning, kök- och belysningsutrustning;Butikshandel;Detaljhandel",https://www.allabolag.se/foretag/s%C3%A5ngbergs-f%C3%A4rs-b%C3%A4rs-ab/tranemo/-/5593478208
"Sängkoncept i Bromma AB",559219-9714,11482,3,"168 66 Bromma","Möbler;Butikshandel;Detaljhandel",https://www.allabolag.se/foretag/s%C3%A4ngkoncept-i-bromma-ab/bromma/-/5592199714
"Systrarna Brådhe AB",559191-7470,17265,17,"611 76 Nävekvarn","Catering;Livsmedel;Restauranger;Kontor- och teletjänster;Möbler, inredning, kök- och belysningsutrustning;Butikshandel;Detaljhandel",https://www.allabolag.se/foretag/systrarna-br%C3%A5dhe-ab/n%C3%A4vekvarn/-/5591917470
"Sweden Light Solutions AB",559054-5637,10122,2,"543 32 Tibro","Konsulter;Teknikkonsulter;Möbler, inredning, kök- och belysningsutrustning;Butikshandel;Detaljhandel",https://www.allabolag.se/foretag/sweden-light-solutions-ab/tibro/-/5590545637
"Sveto AB",556722-6534,13082,2,"192 78 Sollentuna","Fastighetsbolag, lokaler;Finansbolag, finansiella tjänster;Postorder/e-handel;Ljudanläggningar, ljusanläggningar, bildanläggningar;Värdepappershandel;Grossister;Möbler, inredning, kök- och belysningsutrustning;Detaljhandel",https://www.allabolag.se/foretag/sveto-ab/sollentuna/-/5567226534
"Svenssons Fritidsmöbler AB",556830-8778,11567,3,"311 32 Falkenberg","Möbler;Butikshandel;Detaljhandel",https://www.allabolag.se/foretag/svenssons-fritidsm%C3%B6bler-ab/falkenberg/-/5568308778
"SuperBasket Sweden AB",556703-0191,19859,7,"518 33 Sandared","Kontorsinredningar;Grossister",https://www.allabolag.se/foretag/superbasket-sweden-ab/sandared/-/5567030191
"Sueno AB",559190-1920,11674,4,"721 38 Västerås","Möbler;Butikshandel;Detaljhandel",https://www.allabolag.se/foretag/sueno-ab/v%C3%A4ster%C3%A5s/-/5591901920
"Studio Badrum Sverige AB",559166-8206,10375,0,"443 39 Lerum","Möbler;Butikshandel;Detaljhandel",https://www.allabolag.se/foretag/studio-badrum-sverige-ab/lerum/-/5591668206
"Storey interior design group AB",556826-8451,11521,2,"114 52 Stockholm","Arkitekter;Designers, formgivare;Byggmästare;Möbler;Snickeriarbeten;Butikshandel;Detaljhandel",https://www.allabolag.se/foretag/storey-interior-design-group-ab/stockholm/-/5568268451
"Stonelab Sverige AB",556936-1537,13112,3,"116 22 Stockholm","Postorder/e-handel;Möbler, inredning, kök- och belysningsutrustning;Detaljhandel",https://www.allabolag.se/foretag/stonelab-sverige-ab/stockholm/-/5569361537
"Stokke Fabriker Aktiebolag",556127-2963,12904,5,"025
12 904","Belysningsarmatur - Komponenter;Grossister",https://www.allabolag.se/foretag/stokke-fabriker-aktiebolag/str%C3%B6mstad/-/5561272963
"Stockholm Mattor och Golv AB",556322-2289,17169,3,"115 31 Stockholm","Belysningsarmatur - Komponenter;Byggmästare;Möbler;Grossister;Butikshandel;Detaljhandel",https://www.allabolag.se/foretag/stockholm-mattor-och-golv-ab/stockholm/-/5563222289
"Sthlm Swe Interior AB",556751-9078,10704,2,"116 61 Stockholm","Möbler;Butikshandel;Detaljhandel",https://www.allabolag.se/foretag/sthlm-swe-interior-ab/stockholm/-/5567519078
"Stenungsund Europaljus AB",556717-5657,13010,2,"444 55 Stenungsund","Belysningsarmatur - Komponenter;Catering;Grossister;Skolor och utbildning",https://www.allabolag.se/foretag/stenungsund-europaljus-ab/stenungsund/-/5567175657
"Steningekompaniet AB",556715-2052,15065,6,"195 59 Märsta","Möbler;Möbler, inredning, kök- och belysningsutrustning;Butikshandel;Detaljhandel;Blommor, växter och tillbehör",https://www.allabolag.se/foretag/steningekompaniet-ab/m%C3%A4rsta/-/5567152052
"Steninge Snickeri AB",559348-9445,10191,7,"311 68 Slöinge","Byggmästare;Dörrar, portar;Fönster;Möbler;Snickeriarbeten;Trävaror;Möbler - Produktion;Producenter;Trävaror - produktion;Butikshandel;Detaljhandel;Virke och byggvaror",https://www.allabolag.se/foretag/steninge-snickeri-ab/sl%C3%B6inge/-/5593489445
"Sten Nilssons Elektriska AB",556540-2517,14831,12,"374 93 Karlshamn","Byggmästare;Elinstallationer;Hushållsmaskiner och apparater, radio, tv, cd och musikinstrument;Möbler, inredning, kök- och belysningsutrustning;Butikshandel;Detaljhandel",https://www.allabolag.se/foretag/sten-nilssons-elektriska-ab/karlshamn/-/5565402517
"Stegbo Möbler Örnsköldsvik AB",556988-5501,15695,5,"891 55 Arnäsvall","Postorder/e-handel;Möbler;Reklambyråer;Möbler, inredning, kök- och belysningsutrustning;Butikshandel;Detaljhandel",https://www.allabolag.se/foretag/stegbo-m%C3%B6bler-%C3%B6rnsk%C3%B6ldsvik-ab/arn%C3%A4svall/-/5569885501
"Standard System Altikon AB",559008-1294,18854,4,"246 43 Löddeköpinge","Möbler;Butikshandel;Detaljhandel",https://www.allabolag.se/foretag/standard-system-altikon-ab/l%C3%B6ddek%C3%B6pinge/-/5590081294
"Stadens Golv Aktiebolag",556472-2386,12987,7,"113 64 Stockholm","Byggmästare;Golvbeläggningar;Mattor;Butikshandel;Detaljhandel",https://www.allabolag.se/foretag/stadens-golv-aktiebolag/stockholm/-/5564722386
"Spångsjö Färg Aktiebolag",556150-6188,13800,6,"521 39 Falköping","Färger, lacker, tapeter;Golvbeläggningar;Mattor;Butikshandel;Detaljhandel",https://www.allabolag.se/foretag/sp%C3%A5ngsj%C3%B6-f%C3%A4rg-aktiebolag/falk%C3%B6ping/-/5561506188
"Spis & Kaminboden i Laholm AB",556963-7530,10892,2,"312 95 Laholm","Möbler, inredning, kök- och belysningsutrustning;Butikshandel;Detaljhandel",https://www.allabolag.se/foretag/spis-kaminboden-i-laholm-ab/laholm/-/5569637530
"SpektraNeon AB",556702-5621,15930,10,"131 41 Nacka","Belysningsarmatur - Komponenter;Byggmästare;Elinstallationer;Järnvaror;Maskinförnödenheter;Grossister",https://www.allabolag.se/foretag/spektraneon-ab/nacka/-/5567025621
"Sparsmakat Inredningsstudio Sverige AB",559306-8066,10180,5,"541 40 Skövde","Möbler, inredning, kök- och belysningsutrustning;Butikshandel;Detaljhandel",https://www.allabolag.se/foretag/sparsmakat-inredningsstudio-sverige-ab/sk%C3%B6vde/-/5593068066
"Space Room AB",556941-0979,15881,1,"421 32 Västra Frölunda","Kontorsinredningar;Grossister",https://www.allabolag.se/foretag/space-room-ab/v%C3%A4stra-fr%C3%B6lunda/-/5569410979
"Sonno AB",559190-1938,16100,5,"582 73 Linköping","Möbler;Butikshandel;Detaljhandel",https://www.allabolag.se/foretag/sonno-ab/link%C3%B6ping/-/5591901938
"Sonjas Veranda AB",559375-9508,13425,9,"432 78 Tvååker","Restauranger;Möbler, inredning, kök- och belysningsutrustning;Butikshandel;Detaljhandel",https://www.allabolag.se/foretag/sonjas-veranda-ab/tv%C3%A5%C3%A5ker/-/5593759508
"Sonarps Interiör AB",556747-8150,12107,2,"567 91 Vaggeryd","Kontorsinredningar;Grossister",https://www.allabolag.se/foretag/sonarps-interi%C3%B6r-ab/vaggeryd/-/5567478150
"Somnum AB",559190-1912,17164,5,"702 36 Örebro","Möbler;Butikshandel;Detaljhandel",https://www.allabolag.se/foretag/somnum-ab/%C3%B6rebro/-/5591901912
"Solskydd & Design i Väst AB",556553-6777,18973,7,"421 48 Västra Frölunda","Möbler, inredning, kök- och belysningsutrustning;Butikshandel;Detaljhandel",https://www.allabolag.se/foretag/solskydd-design-i-v%C3%A4st-ab/v%C3%A4stra-fr%C3%B6lunda/-/5565536777
"Solariserat Solskydd AB",559036-2140,11092,4,"113 34 Stockholm","Metaller, legeringar;Textilier;Gummi och plastprodukter - tillverkning;Metaller, legeringar - Produktion;Möbler, inredning, kök- och belysningsutrustning;Producenter;Textilier - Produktion;Butikshandel;Detaljhandel",https://www.allabolag.se/foretag/solariserat-solskydd-ab/stockholm/-/5590362140
"Soffkoncept Sverige AB",559061-4870,14935,3,"136 47 Haninge","Möbler;Butikshandel;Detaljhandel",https://www.allabolag.se/foretag/soffkoncept-sverige-ab/haninge/-/5590614870
"Smögens Skeppshandel AB",556749-7663,11725,3,"456 51 Smögen","Färger, lacker, tapeter;Golvbeläggningar;Mattor;Fritidsbåtar och utrustning;Butikshandel;Detaljhandel",https://www.allabolag.se/foretag/sm%C3%B6gens-skeppshandel-ab/sm%C3%B6gen/-/5567497663
"Smedjebyn Inredning AB",556628-5572,12577,9,"553 20 Jönköping","Kläder, skor;Konfektion;Möbler, inredning, kök- och belysningsutrustning;Butikshandel;Detaljhandel",https://www.allabolag.se/foretag/smedjebyn-inredning-ab/j%C3%B6nk%C3%B6ping/-/5566285572
"Slettvoll Malmö AB",556758-0302,17960,5,"211 34 Malmö","Möbler;Butikshandel;Detaljhandel",https://www.allabolag.se/foretag/slettvoll-malm%C3%B6-ab/malm%C3%B6/-/5567580302
"Skummeslövs golv, färg & interiör AB",556842-7164,17975,11,"312 72 Skummeslövsstrand","Byggmästare;Färger, lacker, tapeter;Golvbeläggningar;Mattor;Möbler, inredning, kök- och belysningsutrustning;Butikshandel;Detaljhandel",https://www.allabolag.se/foretag/skummesl%C3%B6vs-golv-f%C3%A4rg-interi%C3%B6r-ab/skummesl%C3%B6vsstrand/-/5568427164
"Skroten Café och Skeppshandel AB",559204-7285,12909,10,"115 21 Stockholm","Restauranger;Möbler, inredning, kök- och belysningsutrustning;Butikshandel;Detaljhandel",https://www.allabolag.se/foretag/skroten-caf%C3%A9-och-skeppshandel-ab/stockholm/-/5592047285
"Skillingaryds Glas & Porslin AB",556615-1477,11817,6,"554 39 Jönköping","Fastighetsbolag, lokaler;Möbler, inredning, kök- och belysningsutrustning;Butikshandel;Detaljhandel",https://www.allabolag.se/foretag/skillingaryds-glas-porslin-ab/j%C3%B6nk%C3%B6ping/-/5566151477
"Skelleftekök AB",556624-8034,14508,12,"932 37 Ursviken","Möbler;Möbler - Produktion;Producenter;Butikshandel;Detaljhandel;Virke och byggvaror",https://www.allabolag.se/foretag/skelleftek%C3%B6k-ab/ursviken/-/5566248034
"Skargaarden International AB",556899-4387,17286,5,"803 10 Gävle","Kontorsinredningar;Möbler;Grossister;Möbler - Produktion;Producenter;Butikshandel;Detaljhandel",https://www.allabolag.se/foretag/skargaarden-international-ab/g%C3%A4vle/-/5568994387
"Skaraborgs möbelhus AB",559115-7788,15432,5,"531 60 Lidköping","Möbler;Butikshandel;Detaljhandel",https://www.allabolag.se/foretag/skaraborgs-m%C3%B6belhus-ab/lidk%C3%B6ping/-/5591157788
"Sina Gross AB",559242-6349,12134,4,"424 68 Angered","Livsmedel;Grossister;Livsmedel - agenturer och grossister;Möbler, inredning, kök- och belysningsutrustning;Butikshandel;Detaljhandel",https://www.allabolag.se/foretag/sina-gross-ab/angered/-/5592426349
"Shape Design & Produktion Sweden AB",556794-0605,11925,3,"331 53 Värnamo","Butiksinredningar, butiksutrustningar;Kontorsinredningar;Möbler;Grossister;Möbler - Produktion;Producenter",https://www.allabolag.se/foretag/shape-design-produktion-sweden-ab/v%C3%A4rnamo/-/5567940605
"Scandinavian Touch AB",556311-2647,16523,9,"142 66 Trångsund","Kontorsinredningar;Sport;Grossister;Kontorstjänster;Producenter;Sport - produktion",https://www.allabolag.se/foretag/scandinavian-touch-ab/tr%C3%A5ngsund/-/5563112647
"Saga Access AB",556210-2482,12082,4,"114 59 Stockholm","Företagsutveckling;Kontorsinredningar;Grossister",https://www.allabolag.se/foretag/saga-access-ab/stockholm/-/5562102482
"STESAM Åkersberga AB",556765-1442,10146,4,"184 30 Åkersberga","Möbler, inredning, kök- och belysningsutrustning;Butikshandel;Detaljhandel",https://www.allabolag.se/foretag/stesam-%C3%A5kersberga-ab/%C3%A5kersberga/-/5567651442
"SMD Office Design Aktiebolag",556195-9908,12009,0,"333 75 Reftele","Belysningsarmatur - Komponenter;Kontorsinredningar;Grossister",https://www.allabolag.se/foretag/smd-office-design-aktiebolag/reftele/-/5561959908
"SKD Trend och Interiör AB",556969-3954,13403,7,"541 30 Skövde","Kläder, skor;Konfektion;Möbler, inredning, kök- och belysningsutrustning;Butikshandel;Detaljhandel",https://www.allabolag.se/foretag/skd-trend-och-interi%C3%B6r-ab/sk%C3%B6vde/-/5569693954
"SG Malmö AB",559080-4497,10518,5,"218 36 Bunkeflostrand","Möbler, inredning, kök- och belysningsutrustning;Butikshandel;Detaljhandel",https://www.allabolag.se/foretag/sg-malm%C3%B6-ab/bunkeflostrand/-/5590804497
"SG Göteborg AB",559082-6276,16215,7,"218 36 Bunkeflostrand","Möbler, inredning, kök- och belysningsutrustning;Butikshandel;Detaljhandel",https://www.allabolag.se/foretag/sg-g%C3%B6teborg-ab/bunkeflostrand/-/5590826276
"S & E Mattor AB",559247-4497,15145,4,"151 61 Södertälje","Belysningsarmatur - Komponenter;Golvbeläggningar;Mattor;Grossister;Butikshandel;Detaljhandel",https://www.allabolag.se/foretag/s-e-mattor-ab/s%C3%B6dert%C3%A4lje/-/5592474497
"Röaby försäljnings- och service Aktiebolag",556349-1041,19671,6,"024
19 671","Möbler;Hushållsmaskiner och apparater, radio, tv, cd och musikinstrument;Butikshandel;Detaljhandel",https://www.allabolag.se/foretag/r%C3%B6aby-f%C3%B6rs%C3%A4ljnings-och-service-aktiebolag/ronneby/-/5563491041
"Runstenen & Kronan Antik AB",556514-4028,12144,6,"111 29 Stockholm","Möbler, inredning, kök- och belysningsutrustning;Butikshandel;Detaljhandel;Antikviteter",https://www.allabolag.se/foretag/runstenen-kronan-antik-ab/stockholm/-/5565144028
"Rummet i Sundsvall AB",556986-1148,11509,3,"852 31 Sundsvall","Möbler, inredning, kök- och belysningsutrustning;Butikshandel;Detaljhandel",https://www.allabolag.se/foretag/rummet-i-sundsvall-ab/sundsvall/-/5569861148
"Rixner Möbler i Tibro AB",559298-9270,13298,2,"549 34 Skövde","Möbler;Butikshandel;Detaljhandel",https://www.allabolag.se/foretag/rixner-m%C3%B6bler-i-tibro-ab/sk%C3%B6vde/-/5592989270
"Rikand Inredningar AB",556942-4103,17518,2,"132 40 Saltsjö-Boo","Kontorsinredningar;Möbler;Grossister;Butikshandel;Detaljhandel",https://www.allabolag.se/foretag/rikand-inredningar-ab/saltsj%C3%B6-boo/-/5569424103
"Riemer Linköping AB",559448-1078,18203,6,"582 73 Linköping","Möbler, inredning, kök- och belysningsutrustning;Butikshandel;Detaljhandel;Detaljhandel - annat",https://www.allabolag.se/foretag/riemer-link%C3%B6ping-ab/link%C3%B6ping/-/5594481078
"Rewine AB",556826-1563,15408,1,"184 51 Österskär","Postorder/e-handel;Grossister;Möbler, inredning, kök- och belysningsutrustning;Nöjesparker;Detaljhandel;Dryckesvaror",https://www.allabolag.se/foretag/rewine-ab/%C3%B6stersk%C3%A4r/-/5568261563
"Rena snitt Sverige AB",556843-1711,14883,3,"168 67 Bromma","Postorder/e-handel;Möbler, inredning, kök- och belysningsutrustning;Detaljhandel",https://www.allabolag.se/foretag/rena-snitt-sverige-ab/bromma/-/5568431711
"Refurnish the World AB",559052-5373,16168,10,"111 57 Stockholm","Arkitekter;Datorer - Kringutrustningar;Designers, formgivare;Postorder/e-handel;Uthyrning;Möbler, inredning, kök- och belysningsutrustning;Detaljhandel;Detaljhandel - annat",https://www.allabolag.se/foretag/refurnish-the-world-ab/stockholm/-/5590525373
"Redeko flowers AB",556318-8613,13906,6,"114 40 Stockholm","Arkitekter;Datorer - Kringutrustningar;Designers, formgivare;Möbler;Uthyrning;Möbler, inredning, kök- och belysningsutrustning;Butikshandel;Detaljhandel;Blommor, växter och tillbehör",https://www.allabolag.se/foretag/redeko-flowers-ab/stockholm/-/5563188613
"Recycling Partner RP i Malmö AB",559119-7552,13463,6,"245 34 Staffanstorp","Datorer - Kringutrustningar;Kontorsinredningar;Möbler;Uthyrning;Grossister;Butikshandel;Detaljhandel",https://www.allabolag.se/foretag/recycling-partner-rp-i-malm%C3%B6-ab/staffanstorp/-/5591197552
"Recycling Partner RP i Göteborg AB",559233-7702,14569,8,"421 31 Västra Frölunda","Datorer - Kringutrustningar;Kontorsinredningar;Möbler;Uthyrning;Grossister;Butikshandel;Detaljhandel",https://www.allabolag.se/foretag/recycling-partner-rp-i-g%C3%B6teborg-ab/v%C3%A4stra-fr%C3%B6lunda/-/5592337702
"ReCarpet AB",559392-0530,10068,2,"135 70 Stockholm","Belysningsarmatur - Komponenter;Grossister",https://www.allabolag.se/foretag/recarpet-ab/stockholm/-/5593920530
"RM Jakt AB",559108-2259,11722,2,"957 31 Övertorneå","Postorder/e-handel;Möbler, inredning, kök- och belysningsutrustning;Detaljhandel;Detaljhandel - annat",https://www.allabolag.se/foretag/rm-jakt-ab/%C3%B6vertorne%C3%A5/-/5591082259
"RD Home AB",556632-0882,14548,7,"961 35 Boden","Möbler, inredning, kök- och belysningsutrustning;Butikshandel;Butikshandel -övrigt;Böcker, papper, tidningar och reklamblad;Detaljhandel;Detaljhandel - annat",https://www.allabolag.se/foretag/rd-home-ab/boden/-/5566320882
"RAFZ Cirkulära Interiörer AB",559075-7182,16154,11,"186 97 Brottby","Kontorsinredningar;Grossister",https://www.allabolag.se/foretag/rafz-cirkul%C3%A4ra-interi%C3%B6rer-ab/brottby/-/5590757182
"R.O.O.M. 55 Butiker AB",559325-2041,17774,8,"694 35 Hallsberg","Möbler, inredning, kök- och belysningsutrustning;Butikshandel;Detaljhandel",https://www.allabolag.se/foretag/r.o.o.m.-55-butiker-ab/hallsberg/-/5593252041
"Prisvärt i fruängen AB",556892-2115,19146,7,"129 52 Hägersten","Livsmedel;Textilier;Kläder, skor;Konfektion;Möbler, inredning, kök- och belysningsutrustning;Butikshandel;Detaljhandel;Detaljhandel - annat",https://www.allabolag.se/foretag/prisv%C3%A4rt-i-fru%C3%A4ngen-ab/h%C3%A4gersten/-/5568922115
"Place2Place AB",559249-7977,11993,5,"271 32 Ystad","Agenturer;Kontorsinredningar;Grossister;Möbler, hushållsartiklar och järnvaror - agentur",https://www.allabolag.se/foretag/place2place-ab/ystad/-/5592497977
"Permia Inredningar AB",559057-2862,16864,8,"822 30 Alfta","Belysningsarmatur - Komponenter;Designers, formgivare;Industridesigners;Grossister",https://www.allabolag.se/foretag/permia-inredningar-ab/alfta/-/5590572862
"Pecarbo Sverige AB",556676-1630,17161,1,"113 27 Stockholm","Arkitekter;Designers, formgivare;Möbler, inredning, kök- och belysningsutrustning;Butikshandel;Detaljhandel",https://www.allabolag.se/foretag/pecarbo-sverige-ab/stockholm/-/5566761630
"Paulsons Möbler i Hässleholm AB",556047-8868,11937,6,"281 52 Hässleholm","Möbler;Möbler, inredning, kök- och belysningsutrustning;Butikshandel;Detaljhandel",https://www.allabolag.se/foretag/paulsons-m%C3%B6bler-i-h%C3%A4ssleholm-ab/h%C3%A4ssleholm/-/5560478868
"PK möbler sälj AB",559298-8603,13574,4,"781 70 Borlänge","Möbler;Butikshandel;Detaljhandel",https://www.allabolag.se/foretag/pk-m%C3%B6bler-s%C3%A4lj-ab/borl%C3%A4nge/-/5592988603
"PANKO PROJECTS AB",559513-1805,13843,1,"582 34 Linköping","Arkitekter;Designers, formgivare;Byggmästare;Kontorsinredningar;Grossister",https://www.allabolag.se/foretag/panko-projects-ab/link%C3%B6ping/-/5595131805
"P.I. Göteborg AB",556821-5817,12965,2,"412 51 Göteborg","Möbler;Butikshandel;Detaljhandel",https://www.allabolag.se/foretag/p.i.-g%C3%B6teborg-ab/g%C3%B6teborg/-/5568215817
"Oscar & Clothilde AB",556686-8534,17864,15,"114 53 Stockholm","Belysningsarmatur - Komponenter;Ljudanläggningar, ljusanläggningar, bildanläggningar;Grossister",https://www.allabolag.se/foretag/oscar-clothilde-ab/stockholm/-/5566868534
"Oriva Aktiebolag",556112-4735,13603,4,"333 74 Bredaryd","Möbler, inredning, kök- och belysningsutrustning;Butikshandel;Detaljhandel",https://www.allabolag.se/foretag/oriva-aktiebolag/bredaryd/-/5561124735
"Only Design i Bara AB",559016-5550,13734,4,"217 58 Malmö","Möbler, inredning, kök- och belysningsutrustning;Butikshandel;Detaljhandel",https://www.allabolag.se/foretag/only-design-i-bara-ab/malm%C3%B6/-/5590165550
"One Up AB",559414-8420,18273,1,"434 40 Kungsbacka","Postorder/e-handel;Möbler, inredning, kök- och belysningsutrustning;Detaljhandel",https://www.allabolag.se/foretag/one-up-ab/kungsbacka/-/5594148420
"Omni-Retail Butiksinredning & Obemannade Butiker AB",559218-4534,11100,3,"333 93 Skeppshult","Kontorsinredningar;Grossister",https://www.allabolag.se/foretag/omni-retail-butiksinredning-obemannade-butiker-ab/skeppshult/-/5592184534
"Olssons i Osby AB",556814-8828,17175,11,"283 31 Osby","Byggmästare;Golvbeläggningar;Mattor;Trävaror;Grossister;Trä och byggvaror - grossist;Butikshandel;Detaljhandel",https://www.allabolag.se/foretag/olssons-i-osby-ab/osby/-/5568148828
"Nya Olles Möbelhus AB",556503-4047,10367,5,"818 35 Valbo","Möbler;Butikshandel;Detaljhandel",https://www.allabolag.se/foretag/nya-olles-m%C3%B6belhus-ab/valbo/-/5565034047
"Norrköpings Brasvärme AB",556819-1000,16875,4,"602 23 Norrköping","Byggmästare;Möbler, inredning, kök- och belysningsutrustning;Butikshandel;Detaljhandel",https://www.allabolag.se/foretag/norrk%C3%B6pings-brasv%C3%A4rme-ab/norrk%C3%B6ping/-/5568191000
"Norgårdens Interiör Aktiebolag",556337-6283,10423,4,"475 40 Hönö","Textilier;Möbler, inredning, kök- och belysningsutrustning;Butikshandel;Detaljhandel",https://www.allabolag.se/foretag/norg%C3%A5rdens-interi%C3%B6r-aktiebolag/h%C3%B6n%C3%B6/-/5563376283
"Nordisk Köksdesign AB",559257-7679,17901,5,"168 67 Bromma","Järnvaror;Möbler;Butikshandel;Detaljhandel;Virke och byggvaror",https://www.allabolag.se/foretag/nordisk-k%C3%B6ksdesign-ab/bromma/-/5592577679
"Noble Swedish Crystal AB",556296-2844,13207,5,"111 29 Stockholm","Möbler, inredning, kök- och belysningsutrustning;Butikshandel;Detaljhandel",https://www.allabolag.se/foretag/noble-swedish-crystal-ab/stockholm/-/5562962844
"Noble House Aktiebolag",556203-9494,11274,6,"116 46 Stockholm","Möbler, inredning, kök- och belysningsutrustning;Reparatörer;Butikshandel;Detaljhandel",https://www.allabolag.se/foretag/noble-house-aktiebolag/stockholm/-/5562039494
"Nivoro AB",556376-7622,16133,6,"115 28 Stockholm","Arkitekter;Agenturer;Möbler, hushållsartiklar och järnvaror - agentur;Möbler, inredning, kök- och belysningsutrustning;Butikshandel;Detaljhandel",https://www.allabolag.se/foretag/nivoro-ab/stockholm/-/5563767622
"Nivito AB",556703-1884,10428,9,"152 42 Södertälje","Belysningsarmatur - Komponenter;Möbler;Grossister;Butikshandel;Detaljhandel",https://www.allabolag.se/foretag/nivito-ab/s%C3%B6dert%C3%A4lje/-/5567031884
"Nina B Koncept & Design AB",559070-8292,12462,2,"182 78 Stocksund","Arkitekter;Designers, formgivare;Kakel, klinker;Kontorsinredningar;Grossister;Kakel - tillverkning;Konstnärer;Producenter",https://www.allabolag.se/foretag/nina-b-koncept-design-ab/stocksund/-/5590708292
"Nellca AB",556975-4178,15435,5-9,"177 41 Järfälla","Belysningsarmatur - Komponenter;Elektronik - Systemkomponenter;Elektronik - Tillverkning;Grossister;Producenter",https://www.allabolag.se/foretag/nellca-ab/j%C3%A4rf%C3%A4lla/-/5569754178
"Möbelrondellen Sälj AB",559003-1208,11131,4,"792 50 Mora","Möbler;Butikshandel;Detaljhandel",https://www.allabolag.se/foretag/m%C3%B6belrondellen-s%C3%A4lj-ab/mora/-/5590031208
"Möbelmästarna Byske AB",559336-5363,12500,2,"934 52 Byske","Möbler;Butikshandel;Detaljhandel",https://www.allabolag.se/foretag/m%C3%B6belm%C3%A4starna-byske-ab/byske/-/5593365363
"Möbelkrysset AB",556661-0456,14356,10,"125 30 Älvsjö","Kontorsinredningar;Grossister",https://www.allabolag.se/foretag/m%C3%B6belkrysset-ab/%C3%A4lvsj%C3%B6/-/5566610456
"Möbelkompaniet Olsson & Co Aktiebolag",556064-3289,12865,5,"668 32 Ed","Möbler;Textilier;Möbler, inredning, kök- och belysningsutrustning;Butikshandel;Detaljhandel",https://www.allabolag.se/foretag/m%C3%B6belkompaniet-olsson-co-aktiebolag/ed/-/5560643289
"Månsbro Kontorscenter AB",556313-1795,14824,6,"151 65 Södertälje","Data - Programvaror;Data- och TV-spel;Datorer;Kontorsmateriel;Möbler;Butikshandel;Detaljhandel",https://www.allabolag.se/foretag/m%C3%A5nsbro-kontorscenter-ab/s%C3%B6dert%C3%A4lje/-/5563131795
"Mälardalens Möbelhus AB",559320-1022,17871,6,"531 61 Lidköping","Möbler;Butikshandel;Detaljhandel",https://www.allabolag.se/foretag/m%C3%A4lardalens-m%C3%B6belhus-ab/lidk%C3%B6ping/-/5593201022
"Myrins Textil AB",556338-5821,19820,15,"434 95 Kungsbacka","Möbler;Textilier;Producenter;Reparatörer;Textilbehandling;Textilier - Produktion;Butikshandel;Detaljhandel",https://www.allabolag.se/foretag/myrins-textil-ab/kungsbacka/-/5563385821
"More Furniture i Varberg Aktiebolag",556665-1138,11889,3,"432 40 Varberg","Möbler;Butikshandel;Detaljhandel",https://www.allabolag.se/foretag/more-furniture-i-varberg-aktiebolag/varberg/-/5566651138
"Moods Studio Kök & Inredningar AB",556894-4986,11606,3,"114 38 Stockholm","Möbler;Butikshandel;Detaljhandel",https://www.allabolag.se/foretag/moods-studio-k%C3%B6k-inredningar-ab/stockholm/-/5568944986
"Mio e-handel AB",556739-3359,17817,0,"543 50 Tibro","Postorder/e-handel;Möbler, inredning, kök- och belysningsutrustning;Detaljhandel",https://www.allabolag.se/foretag/mio-e-handel-ab/tibro/-/5567393359
"Mio Fast Kristianstad AB",556338-2869,12621,2,"025
12 621","Möbler;Butikshandel;Detaljhandel",https://www.allabolag.se/foretag/mio-fast-kristianstad-ab/tibro/-/5563382869
"Mio Fast Dalarna AB",556171-4774,10049,1,"025
10 049","Golvbeläggningar;Mattor;Möbler;Butikshandel;Detaljhandel",https://www.allabolag.se/foretag/mio-fast-dalarna-ab/tibro/-/5561714774
"Mimou AB",556623-4364,12249,4,"372 31 Ronneby","Agenturer;Textilier;Möbler, hushållsartiklar och järnvaror - agentur;Butikshandel;Detaljhandel",https://www.allabolag.se/foretag/mimou-ab/ronneby/-/5566234364
"Mexikanska Monarkin AB",559075-5194,18596,15,"412 54 Göteborg","Catering;Livsmedel;Restauranger;Uthyrning;Livsmedel - tillverkning;Möbler, inredning, kök- och belysningsutrustning;Producenter;Butikshandel;Detaljhandel;Arbetskraftstjänster",https://www.allabolag.se/foretag/mexikanska-monarkin-ab/g%C3%B6teborg/-/5590755194
"Meijers Möbler AB",556869-5695,13610,4,"431 30 Mölndal","Möbler;Butikshandel;Detaljhandel",https://www.allabolag.se/foretag/meijers-m%C3%B6bler-ab/m%C3%B6lndal/-/5568695695
"Mcreta AB",559191-2307,18801,5,"553 03 Jönköping","Möbler;Butikshandel;Detaljhandel",https://www.allabolag.se/foretag/mcreta-ab/j%C3%B6nk%C3%B6ping/-/5591912307
"Mavis Möbler AB",556738-6205,14479,5,"333 33 Smålandsstenar","Belysningsarmatur - Komponenter;Grossister",https://www.allabolag.se/foretag/mavis-m%C3%B6bler-ab/sm%C3%A5landsstenar/-/5567386205
"Matthuset i Malmö Aktiebolag",556476-3547,13305,7,"213 75 Malmö","Golvbeläggningar;Mattor;Butikshandel;Detaljhandel",https://www.allabolag.se/foretag/matthuset-i-malm%C3%B6-aktiebolag/malm%C3%B6/-/5564763547
"Mattcenter i Handen Försäljnings Aktiebolag",556330-6173,10476,4,"136 47 Haninge","Möbler;Butikshandel;Detaljhandel",https://www.allabolag.se/foretag/mattcenter-i-handen-f%C3%B6rs%C3%A4ljnings-aktiebolag/haninge/-/5563306173
"Mattbolaget Peter Eriksson AB",559411-0610,10343,5,"721 38 Västerås","Belysningsarmatur - Komponenter;Mattor;Grossister",https://www.allabolag.se/foretag/mattbolaget-peter-eriksson-ab/v%C3%A4ster%C3%A5s/-/5594110610
"Matt-Jacob i Järfälla Aktiebolag",556043-6346,11751,6,"175 62 Järfälla","Golvbeläggningar;Mattor;Butikshandel;Detaljhandel",https://www.allabolag.se/foretag/matt-jacob-i-j%C3%A4rf%C3%A4lla-aktiebolag/j%C3%A4rf%C3%A4lla/-/5560436346
"Manta North AB",556971-3885,16528,0,"024
16 528","Byggmästare;Möbler;Snickeriarbeten;Trävaror;Producenter;Trävaror - produktion;Butikshandel;Detaljhandel",https://www.allabolag.se/foretag/manta-north-ab/stockholm/-/5569713885
"Malmstenbutiken AB",556044-9778,10915,3,"114 46 Stockholm","Möbler;Butikshandel;Detaljhandel",https://www.allabolag.se/foretag/malmstenbutiken-ab/stockholm/-/5560449778
"Majas Cottage AB",556984-2510,17591,10,"235 91 Vellinge","Belysningsarmatur - Komponenter;Postorder/e-handel;Grossister;Möbler, inredning, kök- och belysningsutrustning;Butikshandel;Detaljhandel;Detaljhandel - annat",https://www.allabolag.se/foretag/majas-cottage-ab/vellinge/-/5569842510
"Magasinet i Waxholm AB",556284-6161,10928,14,"185 32 Vaxholm","Möbler, inredning, kök- och belysningsutrustning;Butikshandel;Detaljhandel",https://www.allabolag.se/foretag/magasinet-i-waxholm-ab/vaxholm/-/5562846161
"MOA Drömhus Aktiebolag",556665-0254,12913,4,"906 40 Umeå","Möbler;Butikshandel;Detaljhandel",https://www.allabolag.se/foretag/moa-dr%C3%B6mhus-aktiebolag/ume%C3%A5/-/5566650254
"MN Butiken AB",556950-6925,16974,6,"692 93 Kumla","Belysningsarmatur - Komponenter;Möbler;Grossister;Butikshandel;Detaljhandel",https://www.allabolag.se/foretag/mn-butiken-ab/kumla/-/5569506925
"MM-Ronneby AB",559053-0639,10801,4,"372 91 Ronneby","Möbler;Butikshandel;Detaljhandel",https://www.allabolag.se/foretag/mm-ronneby-ab/ronneby/-/5590530639
"MJF Trading AB",556777-3592,11442,3,"168 67 Bromma","Belysningsarmatur - Komponenter;Fastighetsbolag, lokaler;Elektronik - Systemkomponenter;Hushållsutrustningar, vitvaror;Postorder/e-handel;Möbler;Elektronik - Tillverkning;Hushållsutrustningar, vitvaror - tillverkning;Producenter;Butikshandel;Detaljhandel;Detaljhandel - annat",https://www.allabolag.se/foretag/mjf-trading-ab/bromma/-/5567773592
"Lyxx Trend & Design Ponziani AB",556940-9054,10010,4,"182 31 Danderyd","Möbler;Kläder, skor;Konfektion;Möbler, inredning, kök- och belysningsutrustning;Butikshandel;Detaljhandel;Blommor, växter och tillbehör",https://www.allabolag.se/foretag/lyxx-trend-design-ponziani-ab/danderyd/-/5569409054
"Lyckåsen Interiör & Styling AB",559213-1030,16472,4,"517 33 Bollebygd","Möbler;Möbler, inredning, kök- och belysningsutrustning;Butikshandel;Detaljhandel",https://www.allabolag.se/foretag/lyck%C3%A5sen-interi%C3%B6r-styling-ab/bollebygd/-/5592131030
"Love Forever AB",556778-8475,13789,1-4,"184 40 Åkersberga","Postorder/e-handel;Möbler;Kläder, skor;Konfektion;Skor - detaljister;Butikshandel;Detaljhandel;Virke och byggvaror",https://www.allabolag.se/foretag/love-forever-ab/%C3%A5kersberga/-/5567788475
"Ljushuset KV Kulsprutan Aktiebolag",556514-0331,11382,5,"112 42 Stockholm","Möbler, inredning, kök- och belysningsutrustning;Butikshandel;Detaljhandel",https://www.allabolag.se/foretag/ljushuset-kv-kulsprutan-aktiebolag/stockholm/-/5565140331
"Ljusexperten Gert Ohlsson AB",556736-1778,10738,7,"582 73 Linköping","Möbler;Möbler, inredning, kök- och belysningsutrustning;Butikshandel;Detaljhandel",https://www.allabolag.se/foretag/ljusexperten-gert-ohlsson-ab/link%C3%B6ping/-/5567361778
"LjusExperten Borås AB",556562-0324,13107,6,"504 63 Borås","Möbler, inredning, kök- och belysningsutrustning;Butikshandel;Detaljhandel",https://www.allabolag.se/foretag/ljusexperten-bor%C3%A5s-ab/bor%C3%A5s/-/5565620324
"Ljungs i Lerum Aktiebolag",556138-4271,18365,5,"443 30 Lerum","Hushållsmaskiner och apparater, radio, tv, cd och musikinstrument;Möbler, inredning, kök- och belysningsutrustning;Butikshandel;Detaljhandel",https://www.allabolag.se/foretag/ljungs-i-lerum-aktiebolag/lerum/-/5561384271
"Living Design of Sweden AB",556489-0670,11508,16,"182 76 Stocksund","Arkitekter;Designers, formgivare;Kontorsinredningar;Grossister",https://www.allabolag.se/foretag/living-design-of-sweden-ab/stocksund/-/5564890670
"Lindholms Interiörhuset Aktiebolag",556316-1867,15837,6,"582 73 Linköping","Möbler;Textilier;Möbler, inredning, kök- och belysningsutrustning;Butikshandel;Detaljhandel",https://www.allabolag.se/foretag/lindholms-interi%C3%B6rhuset-aktiebolag/link%C3%B6ping/-/5563161867
"Lilla Soffbutiken AB",556464-5512,11277,4,"413 10 Göteborg","Möbler;Butikshandel;Detaljhandel",https://www.allabolag.se/foretag/lilla-soffbutiken-ab/g%C3%B6teborg/-/5564645512
"Lilac AB",559050-3636,10378,3,"171 42 Solna","Belysningsarmatur - Komponenter;Livsmedel;Grossister;Butikshandel",https://www.allabolag.se/foretag/lilac-ab/solna/-/5590503636
"Lighting Group Sweden AB",559195-6700,12172,3,"155 35 Nykvarn","Belysningsarmatur - Komponenter;Elmateriel;Maskinförnödenheter;Grossister",https://www.allabolag.se/foretag/lighting-group-sweden-ab/nykvarn/-/5591956700
"Light Energy Saving Sweden AB",556761-2469,10016,3,"416 79 Göteborg","Belysningsarmatur - Komponenter;Elektronik - Systemkomponenter;Elektronik - Tillverkning;Grossister;Producenter",https://www.allabolag.se/foretag/light-energy-saving-sweden-ab/g%C3%B6teborg/-/5567612469
"Lidéns Möbler Aktiebolag",556388-1506,10143,5,"783 30 Säter","Möbler;Butikshandel;Detaljhandel",https://www.allabolag.se/foretag/lid%C3%A9ns-m%C3%B6bler-aktiebolag/s%C3%A4ter/-/5563881506
"Leveriq AB",556233-0950,11584,6,"504 64 Borås","Data - Programvaror;Data- och TV-spel;Datorer;Möbler;Butikshandel;Detaljhandel",https://www.allabolag.se/foretag/leveriq-ab/bor%C3%A5s/-/5562330950
"LeQThor AB",559105-2435,19683,4,"131 52 Nacka Strand","Postorder/e-handel;Ljudanläggningar, ljusanläggningar, bildanläggningar;Grossister;Möbler, inredning, kök- och belysningsutrustning;Detaljhandel",https://www.allabolag.se/foretag/leqthor-ab/nacka-strand/-/5591052435
"Lars Ericssons Måleri i Hedemora Aktiebolag",556232-4821,13556,11,"776 33 Hedemora","Byggmästare;Färger, lacker, tapeter;Golvbeläggningar;Mattor;Måleriarbeten;Butikshandel;Detaljhandel",https://www.allabolag.se/foretag/lars-ericssons-m%C3%A5leri-i-hedemora-aktiebolag/hedemora/-/5562324821
"Landskrona Färgcity Aktiebolag",556280-7379,13055,4,"261 51 Landskrona","Färger, lacker, tapeter;Golvbeläggningar;Mattor;Butikshandel;Detaljhandel",https://www.allabolag.se/foretag/landskrona-f%C3%A4rgcity-aktiebolag/landskrona/-/5562807379
"Lampbolaget A. Häggroth Aktiebolag",556250-7110,10023,3,"124 70 Bandhagen","Belysningsarmatur - Komponenter;Grossister",https://www.allabolag.se/foretag/lampbolaget-a.-h%C3%A4ggroth-aktiebolag/bandhagen/-/5562507110
"Lakuni Stockholm AB",559465-6687,12725,9,"141 75 Kungens Kurva","Spel, nöjesanläggningsutrustningar;Möbler, inredning, kök- och belysningsutrustning;Butikshandel;Detaljhandel;Detaljhandel - annat",https://www.allabolag.se/foretag/lakuni-stockholm-ab/kungens-kurva/-/5594656687
"LP & CM Retail AB",556929-5917,14529,11,"211 46 Malmö","Livsmedel;Grossister;Kaffe och te - agenturer;Möbler, inredning, kök- och belysningsutrustning;Butikshandel;Detaljhandel",https://www.allabolag.se/foretag/lp-cm-retail-ab/malm%C3%B6/-/5569295917
"LN Webshop AB",559334-9771,17580,3,"311 32 Falkenberg","Postorder/e-handel;Möbler, inredning, kök- och belysningsutrustning;Detaljhandel",https://www.allabolag.se/foretag/ln-webshop-ab/falkenberg/-/5593349771
"LIROC fastigheter AB",559039-9837,10671,3,"793 35 Leksand","Byggmästare;Golvbeläggningar;Mattor;Textilier;Hotell;Butikshandel;Detaljhandel",https://www.allabolag.se/foretag/liroc-fastigheter-ab/leksand/-/5590399837
"LHC Sweden AB",556955-4016,16282,2,"703 43 Örebro","Belysningsarmatur - Komponenter;Grossister",https://www.allabolag.se/foretag/lhc-sweden-ab/%C3%B6rebro/-/5569554016
"Köksbutiken på Kungstorget AB",556633-6177,10881,5,"411 17 Göteborg","Möbler, inredning, kök- och belysningsutrustning;Butikshandel;Detaljhandel",https://www.allabolag.se/foretag/k%C3%B6ksbutiken-p%C3%A5-kungstorget-ab/g%C3%B6teborg/-/5566336177
"Köksarkitekterna Sverige Aktiebolag",556520-9664,14000,3,"115 32 Stockholm","Köksinredningar;Hushållsmaskiner och apparater, radio, tv, cd och musikinstrument;Butikshandel;Detaljhandel;Virke och byggvaror",https://www.allabolag.se/foretag/k%C3%B6ksarkitekterna-sverige-aktiebolag/stockholm/-/5565209664
"Kök & Vitvaror i Kristinehamn AB",559473-5192,10690,4,"681 30 Kristinehamn","Hushållsmaskiner och apparater, radio, tv, cd och musikinstrument;Möbler, inredning, kök- och belysningsutrustning;Butikshandel;Detaljhandel",https://www.allabolag.se/foretag/k%C3%B6k-vitvaror-i-kristinehamn-ab/kristinehamn/-/5594735192
"Kvänum Kök i Helsingborg AB",556266-5603,11595,2,"252 23 Helsingborg","Hälsokost, naturläkemedel;Livsmedel;Möbler, inredning, kök- och belysningsutrustning;Butikshandel;Detaljhandel;Virke och byggvaror",https://www.allabolag.se/foretag/kv%C3%A4num-k%C3%B6k-i-helsingborg-ab/helsingborg/-/5562665603
"Kung Pao Design AB",556997-7100,10963,16,"024
10 963","Kontorsinredningar;Grossister",https://www.allabolag.se/foretag/kung-pao-design-ab/m%C3%A4rsta/-/5569977100
"Kulturbelysning AB",556591-9270,10147,5,"254 76 Allerum","Belysningsarmatur - Komponenter;Fastighetsbolag, lokaler;Elektronik - Systemkomponenter;Elektronik - Tillverkning;Grossister;Producenter",https://www.allabolag.se/foretag/kulturbelysning-ab/allerum/-/5565919270
"Korner Trading AB",556112-0691,11739,5,"441 30 Alingsås","Möbler, inredning, kök- och belysningsutrustning;Butikshandel;Detaljhandel",https://www.allabolag.se/foretag/korner-trading-ab/alings%C3%A5s/-/5561120691
"Kontorsutrustning i Hälsingland Aktiebolag",556483-8109,11368,6,"824 34 Hudiksvall","Kontorsinredningar;Grossister",https://www.allabolag.se/foretag/kontorsutrustning-i-h%C3%A4lsingland-aktiebolag/hudiksvall/-/5564838109
"Kontorsfunktion P Persson AB",556172-7040,14804,5,"235 94 Vellinge","Kontorsinredningar;Grossister",https://www.allabolag.se/foretag/kontorsfunktion-p-persson-ab/vellinge/-/5561727040
"Kontor Ett brm Aktiebolag",556504-6462,19704,5,"602 28 Norrköping","Kontorsinredningar;Grossister",https://www.allabolag.se/foretag/kontor-ett-brm-aktiebolag/norrk%C3%B6ping/-/5565046462
"Konsertteknik i Uppsala AB",556567-9452,11006,2,"753 23 Uppsala","Evenemangsproduktioner;Uthyrning;Möbler, inredning, kök- och belysningsutrustning;Butikshandel;Detaljhandel",https://www.allabolag.se/foretag/konsertteknik-i-uppsala-ab/uppsala/-/5565679452
"Kolmårdskök AB",556655-1437,18696,9,"602 23 Norrköping","Byggmästare;Köksinredningar;Möbler;Snickeriarbeten;Butikshandel;Detaljhandel;Virke och byggvaror",https://www.allabolag.se/foretag/kolm%C3%A5rdsk%C3%B6k-ab/norrk%C3%B6ping/-/5566551437
"Kokoskorven AB",556830-6046,17485,15,"413 01 Göteborg","Postorder/e-handel;Kläder, skor;Konfektion;Möbler, inredning, kök- och belysningsutrustning;Butikshandel;Detaljhandel",https://www.allabolag.se/foretag/kokoskorven-ab/g%C3%B6teborg/-/5568306046
"Knut mattor och textilier AB",556664-4182,11162,2,"114 38 Stockholm","Golvbeläggningar;Mattor;Butikshandel;Detaljhandel",https://www.allabolag.se/foretag/knut-mattor-och-textilier-ab/stockholm/-/5566644182
"Klostra Handelsträdgård AB",556881-2142,18697,6,"182 70 Stocksund","Postorder/e-handel;Möbler, inredning, kök- och belysningsutrustning;Butikshandel;Butikshandel -övrigt;Detaljhandel",https://www.allabolag.se/foretag/klostra-handelstr%C3%A4dg%C3%A5rd-ab/stocksund/-/5568812142
"Klong Intermestic AB",556554-2759,16204,4,"181 70 Lidingö","Belysningsarmatur - Komponenter;Grossister",https://www.allabolag.se/foretag/klong-intermestic-ab/liding%C3%B6/-/5565542759
"Klippa Frisörerna Sverige AB",556996-8539,18500,25,"439 94 Onsala","Kontorsinredningar;Grossister;Hudvårdsprodukter",https://www.allabolag.se/foretag/klippa-fris%C3%B6rerna-sverige-ab/onsala/-/5569968539
"Kitchen and beyond AB",559014-3565,11216,1-4,"411 26 Göteborg","Köksinredningar;Restauranger;Trävaror;Grossister;Möbler, inredning, kök- och belysningsutrustning;Trä och byggvaror - grossist;Butikshandel;Detaljhandel",https://www.allabolag.se/foretag/kitchen-and-beyond-ab/g%C3%B6teborg/-/5590143565
"Kirsch Sweden AB",556765-4099,14587,4,"332 36 Gislaved","Belysningsarmatur - Komponenter;Grossister",https://www.allabolag.se/foretag/kirsch-sweden-ab/gislaved/-/5567654099
"Kamincenter i Eskilstuna Aktiebolag",556390-6394,13227,5,"644 30 Torshälla","Byggmästare;Möbler, inredning, kök- och belysningsutrustning;Butikshandel;Detaljhandel",https://www.allabolag.se/foretag/kamincenter-i-eskilstuna-aktiebolag/torsh%C3%A4lla/-/5563906394
"Kaminbutiken i Jönköping AB",556680-0685,15718,6,"554 75 Jönköping","Byggmästare;Möbler, inredning, kök- och belysningsutrustning;Butikshandel;Detaljhandel",https://www.allabolag.se/foretag/kaminbutiken-i-j%C3%B6nk%C3%B6ping-ab/j%C3%B6nk%C3%B6ping/-/5566800685
"KM Lack Kaj Munther Aktiebolag",556428-4890,14520,12,"662 34 Åmål","Belysningsarmatur - Komponenter;Metaller, legeringar;Radio TV, video;Video, film - Inspelning, produktion;Grossister;Metallurgisk industri;Detaljhandel",https://www.allabolag.se/foretag/km-lack-kaj-munther-aktiebolag/%C3%A5m%C3%A5l/-/5564284890
"Juniper of Sweden AB",559170-1072,16011,4,"114 38 Stockholm","Postorder/e-handel;Mattor;Läder, skor, inredning, reseeffekter och textilier;Detaljhandel",https://www.allabolag.se/foretag/juniper-of-sweden-ab/stockholm/-/5591701072
"Jonas Wyke Aktiebolag",556934-4566,12415,4,"269 31 Båstad","Möbler;Redovisning, bokföring;Skatterådgivning;Butikshandel;Detaljhandel",https://www.allabolag.se/foretag/jonas-wyke-aktiebolag/b%C3%A5stad/-/5569344566
"Jocke i Staffanstorp AB",556809-9765,14062,3,"025
14 062","Postorder/e-handel;Hushållsmaskiner och apparater, radio, tv, cd och musikinstrument;Möbler, inredning, kök- och belysningsutrustning;Butikshandel;Detaljhandel",https://www.allabolag.se/foretag/jocke-i-staffanstorp-ab/staffanstorp/-/5568099765
"JespAir AB",556877-2213,10490,1,"191 40 Sollentuna","Belysningsarmatur - Komponenter;Agenturer;Spedition;Transportförmedling;Grossister;Kulturskolor och undervisning;Möbler, hushållsartiklar och järnvaror - agentur;Skolor och utbildning",https://www.allabolag.se/foretag/jespair-ab/sollentuna/-/5568772213
"Janerdahls Elaffär Aktiebolag",556340-0273,16574,6,"341 31 Ljungby","Möbler, inredning, kök- och belysningsutrustning;Butikshandel;Detaljhandel",https://www.allabolag.se/foretag/janerdahls-elaff%C3%A4r-aktiebolag/ljungby/-/5563400273
"JRM Nordic AB",556730-2822,15291,12,"531 33 Lidköping","Möbler, inredning, kök- och belysningsutrustning;Butikshandel;Detaljhandel",https://www.allabolag.se/foretag/jrm-nordic-ab/lidk%C3%B6ping/-/5567302822
"J F Johanssons Golv Aktiebolag",556087-6368,10645,7,"436 32 Askim","Byggmästare;Golvbeläggningar;Mattor;Butikshandel;Detaljhandel",https://www.allabolag.se/foretag/j-f-johanssons-golv-aktiebolag/askim/-/5560876368
"Itseco AB",559263-7523,10360,5,"753 23 Uppsala","Postorder/e-handel;Möbler, inredning, kök- och belysningsutrustning;Detaljhandel",https://www.allabolag.se/foretag/itseco-ab/uppsala/-/5592637523
"Israelsson Design & Consulting AB",556835-4095,16574,4,"645 30 Strängnäs","Belysningsarmatur - Komponenter;Designers, formgivare;Guld, silver, ädelstenar;Klockor, ur;Industridesigners;Postorder/e-handel;Grossister;Urmakare;Butikshandel;Detaljhandel;Detaljhandel - annat",https://www.allabolag.se/foretag/israelsson-design-consulting-ab/str%C3%A4ngn%C3%A4s/-/5568354095
"Interiörbutiken i Wasastan AB",556574-2235,17006,7,"702 27 Örebro","Hotell;Möbler, inredning, kök- och belysningsutrustning;Butikshandel;Detaljhandel",https://www.allabolag.se/foretag/interi%C3%B6rbutiken-i-wasastan-ab/%C3%B6rebro/-/5565742235
"Inspiration & Färg i Vetlanda AB",556723-0577,14007,10,"574 31 Vetlanda","Färger, lacker, tapeter;Golvbeläggningar;Mattor;Butikshandel;Detaljhandel",https://www.allabolag.se/foretag/inspiration-f%C3%A4rg-i-vetlanda-ab/vetlanda/-/5567230577
"Inredningshuset i Sundsvall AB",556267-0991,17842,8,"853 50 Sundsvall","Kontorsinredningar;Grossister",https://www.allabolag.se/foretag/inredningshuset-i-sundsvall-ab/sundsvall/-/5562670991
"Inredningsgalleriet i Skåne AB",556736-5092,12755,4,"254 67 Helsingborg","Möbler;Butikshandel;Detaljhandel",https://www.allabolag.se/foretag/inredningsgalleriet-i-sk%C3%A5ne-ab/helsingborg/-/5567365092
"Ilsbo B & S AB",556571-3582,12302,6,"829 91 Ilsbo","Bilar;Bilreparationer;Möbler, inredning, kök- och belysningsutrustning;Butikshandel;Detaljhandel;Bensinstationer",https://www.allabolag.se/foretag/ilsbo-b-s-ab/ilsbo/-/5565713582
"Ideas AB",556366-8929,17654,7,"211 20 Malmö","Arkitekter;Designers, formgivare;Konsulter;Kontorsinredningar;Grossister",https://www.allabolag.se/foretag/ideas-ab/malm%C3%B6/-/5563668929
"INTRO Homestyling & Interior AB",556663-4662,14142,4,"426 52 Västra Frölunda","Arkitekter;Belysningsarmatur - Komponenter;Designers, formgivare;Byggentreprenader-Infrastruktur;Konsulter;Teknikkonsulter;Grossister",https://www.allabolag.se/foretag/intro-homestyling-interior-ab/v%C3%A4stra-fr%C3%B6lunda/-/5566634662
"INNOGUARD AB",556774-6887,12792,11,"243 32 Höör","Kontorsinredningar;Maskinförnödenheter;Grossister;Maskinförnödenheter - tillverkning;Producenter",https://www.allabolag.se/foretag/innoguard-ab/h%C3%B6%C3%B6r/-/5567746887
"I.K.-Form i Värnamo Aktiebolag",556200-2039,12564,5,"331 37 Värnamo","Möbler, inredning, kök- och belysningsutrustning;Butikshandel;Detaljhandel",https://www.allabolag.se/foretag/i.k.-form-i-v%C3%A4rnamo-aktiebolag/v%C3%A4rnamo/-/5562002039
"I P Målarboden Aktiebolag",556289-8865,10467,3,"776 33 Hedemora","Färger, lacker, tapeter;Golvbeläggningar;Mattor;Butikshandel;Detaljhandel",https://www.allabolag.se/foretag/i-p-m%C3%A5larboden-aktiebolag/hedemora/-/5562898865
"Högbo Qvarn AB",559103-1330,12692,10,"811 92 Sandviken","Restauranger;Möbler, inredning, kök- och belysningsutrustning;Butikshandel;Detaljhandel",https://www.allabolag.se/foretag/h%C3%B6gbo-qvarn-ab/sandviken/-/5591031330
"Håbeco Protection AB",556547-2312,11390,3,"721 33 Västerås","Kontorsinredningar;Grossister",https://www.allabolag.se/foretag/h%C3%A5beco-protection-ab/v%C3%A4ster%C3%A5s/-/5565472312
"Hästens Beds Retail Sweden AB",556600-8008,16605,4,"024
16 605","Möbler;Butikshandel;Detaljhandel",https://www.allabolag.se/foretag/h%C3%A4stens-beds-retail-sweden-ab/k%C3%B6ping/-/5566008008
"House of Light Sweden AB",556878-2188,13456,3,"421 30 Västra Frölunda","Belysningsarmatur - Komponenter;Konsulter;Teknikkonsulter;Grossister;Möbler, inredning, kök- och belysningsutrustning;Butikshandel;Detaljhandel",https://www.allabolag.se/foretag/house-of-light-sweden-ab/v%C3%A4stra-fr%C3%B6lunda/-/5568782188
"Hotel Supply Scandinavia AB",556646-6123,11433,2,"254 66 Helsingborg","Kontorsinredningar;Textilier;Grossister;Textilier - Partihandel",https://www.allabolag.se/foretag/hotel-supply-scandinavia-ab/helsingborg/-/5566466123
"Home Structures Sweden AB",556490-5270,10010,2,"167 51 Bromma","Möbler;Butikshandel;Detaljhandel",https://www.allabolag.se/foretag/home-structures-sweden-ab/bromma/-/5564905270
"Holmek Holding AB",559220-8895,10207,1-4,"602 23 Norrköping","Kontorsinredningar;Grossister",https://www.allabolag.se/foretag/holmek-holding-ab/norrk%C3%B6ping/-/5592208895
"Hjärterum Design och Interiör AB",556649-7052,13296,6,"025
13 296","Textilier;Möbler, inredning, kök- och belysningsutrustning;Butikshandel;Detaljhandel",https://www.allabolag.se/foretag/hj%C3%A4rterum-design-och-interi%C3%B6r-ab/bor%C3%A5s/-/5566497052
"Hemmaplan Badrum Aktiebolag",556660-8013,10776,4,"721 36 Västerås","Golvbeläggningar;Mattor;Butikshandel;Detaljhandel;Virke och byggvaror",https://www.allabolag.se/foretag/hemmaplan-badrum-aktiebolag/v%C3%A4ster%C3%A5s/-/5566608013
"Hemcompaniet AB",559423-6266,17021,7,"652 25 Karlstad","Belysningsarmatur - Komponenter;Köksinredningar;Grossister;Kontorstjänster;Köksinredningar - agentur och grossist;Detaljhandel;Detaljhandel - annat",https://www.allabolag.se/foretag/hemcompaniet-ab/karlstad/-/5594236266
"Hedlandets Varuhus AB",556458-3119,12580,6,"647 92 Mariefred","Spel, nöjesanläggningsutrustningar;Textilier;Kläder, skor;Konfektion;Möbler, inredning, kök- och belysningsutrustning;Butikshandel;Butikshandel -övrigt;Detaljhandel;Detaljhandel - annat",https://www.allabolag.se/foretag/hedlandets-varuhus-ab/mariefred/-/5564583119
"Hasselgrens Glas & Porslin Aktiebolag",556270-3313,16196,4,"223 50 Lund","Möbler, inredning, kök- och belysningsutrustning;Butikshandel;Detaljhandel",https://www.allabolag.se/foretag/hasselgrens-glas-porslin-aktiebolag/lund/-/5562703313
"Harald Svenssons Måleriaffär Aktiebolag",556588-9622,16863,4,"572 36 Oskarshamn","Färger, lacker, tapeter;Golvbeläggningar;Mattor;Butikshandel;Detaljhandel",https://www.allabolag.se/foretag/harald-svenssons-m%C3%A5leriaff%C3%A4r-aktiebolag/oskarshamn/-/5565889622
"Happy Homes Karlskrona AB",556708-4586,11128,5,"371 50 Karlskrona","Färger, lacker, tapeter;Golvbeläggningar;Mattor;Butikshandel;Detaljhandel",https://www.allabolag.se/foretag/happy-homes-karlskrona-ab/karlskrona/-/5567084586
"Happy Homes Borlänge AB",556582-7689,13921,5,"781 71 Borlänge","Golvbeläggningar;Mattor;Butikshandel;Detaljhandel",https://www.allabolag.se/foretag/happy-homes-borl%C3%A4nge-ab/borl%C3%A4nge/-/5565827689
"Hanataba AB",556478-4907,18952,12,"245 65 Hjärup","Postorder/e-handel;Möbler, inredning, kök- och belysningsutrustning;Detaljhandel",https://www.allabolag.se/foretag/hanataba-ab/hj%C3%A4rup/-/5564784907
"Hamngatan 12 i Östersund AB",556483-6996,12368,12,"831 33 Östersund","Textilier;Möbler, inredning, kök- och belysningsutrustning;Butikshandel;Detaljhandel",https://www.allabolag.se/foretag/hamngatan-12-i-%C3%B6stersund-ab/%C3%B6stersund/-/5564836996
"Hairtrend i Umeå AB",556958-9806,13059,13,"903 27 Umeå","Fastighetsbolag, lokaler;Hudvårdsprodukter;Möbler, inredning, kök- och belysningsutrustning;Butikshandel;Detaljhandel",https://www.allabolag.se/foretag/hairtrend-i-ume%C3%A5-ab/ume%C3%A5/-/5569589806
"Hagströms i Rimforsa AB",556733-8560,10544,5,"590 44 Rimforsa","Sport;Textilier;Hushållsmaskiner och apparater, radio, tv, cd och musikinstrument;Levande djur;Möbler, inredning, kök- och belysningsutrustning;Butikshandel;Detaljhandel;Blommor, växter och tillbehör",https://www.allabolag.se/foretag/hagstr%C3%B6ms-i-rimforsa-ab/rimforsa/-/5567338560
"HTM Online AB",556883-7784,12819,0,"168 67 Bromma","Postorder/e-handel;Mattor;Läder, skor, inredning, reseeffekter och textilier;Detaljhandel",https://www.allabolag.se/foretag/htm-online-ab/bromma/-/5568837784
"HS Retail Stockholm 1 AB",559168-4955,11320,5,"024
11 320","Möbler, inredning, kök- och belysningsutrustning;Butikshandel;Detaljhandel",https://www.allabolag.se/foretag/hs-retail-stockholm-1-ab/stockholm/-/5591684955
"HML Försäljning AB",559085-2876,11369,1,"862 96 Njurunda","Maskinförnödenheter;Möbler;Grossister;Möbler - Produktion;Producenter;Butikshandel;Detaljhandel",https://www.allabolag.se/foretag/hml-f%C3%B6rs%C3%A4ljning-ab/njurunda/-/5590852876
"HCN Group AB",559038-1850,10800,3,"237 42 Bjärred","Finansbolag, finansiella tjänster;Ljudanläggningar, ljusanläggningar, bildanläggningar;Möbler;Värdepappershandel;Grossister;Kläder, skor;Konfektion;Butikshandel;Detaljhandel",https://www.allabolag.se/foretag/hcn-group-ab/bj%C3%A4rred/-/5590381850
"Gynning Design AB",556940-7199,11053,7,"856 33 Sundsvall","Belysningsarmatur - Komponenter;Grossister",https://www.allabolag.se/foretag/gynning-design-ab/sundsvall/-/5569407199
"Grebbestad möbler AB",559159-9518,15812,4,"457 72 Grebbestad","Möbler;Butikshandel;Detaljhandel",https://www.allabolag.se/foretag/grebbestad-m%C3%B6bler-ab/grebbestad/-/5591599518
"Gourmetstål AB",559266-9286,11169,3,"913 42 Obbola","Postorder/e-handel;Ljudanläggningar, ljusanläggningar, bildanläggningar;Grossister;Möbler, inredning, kök- och belysningsutrustning;Butikshandel;Detaljhandel",https://www.allabolag.se/foretag/gourmetst%C3%A5l-ab/obbola/-/5592669286
"Gordons Direkt Butiksinredningar Aktiebolag",556525-9446,17239,5,"123 43 Farsta","Kontorsinredningar;Grossister",https://www.allabolag.se/foretag/gordons-direkt-butiksinredningar-aktiebolag/farsta/-/5565259446
"Golvman i Trestad Aktiebolag",556209-8458,15378,14,"462 32 Vänersborg","Byggmästare;Golvbeläggningar;Mattor;Butikshandel;Detaljhandel",https://www.allabolag.se/foretag/golvman-i-trestad-aktiebolag/v%C3%A4nersborg/-/5562098458
"Golfprofilen Sverige AB",556795-3368,11859,3,"302 41 Halmstad","Sport;Möbler, inredning, kök- och belysningsutrustning;Butikshandel;Detaljhandel",https://www.allabolag.se/foretag/golfprofilen-sverige-ab/halmstad/-/5567953368
"Godhem Living AB",559106-7045,12923,10,"461 30 Trollhättan","Postorder/e-handel;Livsmedel;Restauranger;Möbler, inredning, kök- och belysningsutrustning;Butikshandel;Detaljhandel;Detaljhandel - annat",https://www.allabolag.se/foretag/godhem-living-ab/trollh%C3%A4ttan/-/5591067045
"Gnesta Färghus AB",556917-6323,12478,4,"646 31 Gnesta","Färger, lacker, tapeter;Golvbeläggningar;Mattor;Spel, nöjesanläggningsutrustningar;Butikshandel;Detaljhandel",https://www.allabolag.se/foretag/gnesta-f%C3%A4rghus-ab/gnesta/-/5569176323
"Global Furniture i Skene Aktiebolag",556247-3875,12138,4,"511 62 Skene","Belysningsarmatur - Komponenter;Grossister",https://www.allabolag.se/foretag/global-furniture-i-skene-aktiebolag/skene/-/5562473875
"Gislerud Carpets AB",556680-5577,12519,3,"025
12 519","Belysningsarmatur - Komponenter;Konferensarrangörer;Grossister",https://www.allabolag.se/foretag/gislerud-carpets-ab/stockholm/-/5566805577
"Gislaveds Golvbeläggning AB",556496-7999,19588,13,"024
19 588","Byggmästare;Golvbeläggningar;Mattor;Måleriarbeten;Butikshandel;Detaljhandel",https://www.allabolag.se/foretag/gislaveds-golvbel%C3%A4ggning-ab/gislaved/-/5564967999
"Genua Group AB",556700-8379,10023,0,"222 22 Lund","Belysningsarmatur - Komponenter;Byggentreprenader-Infrastruktur;Konsulter;Teknikkonsulter;Grossister",https://www.allabolag.se/foretag/genua-group-ab/lund/-/5567008379
"Garnaffären i Uddevalla AB",556512-1331,10457,3,"451 55 Uddevalla","Postorder/e-handel;Möbler, inredning, kök- och belysningsutrustning;Detaljhandel",https://www.allabolag.se/foretag/garnaff%C3%A4ren-i-uddevalla-ab/uddevalla/-/5565121331
"Gardinex AB",556774-4296,16530,8,"212 28 Malmö","Textilier;Möbler, inredning, kök- och belysningsutrustning;Butikshandel;Detaljhandel",https://www.allabolag.se/foretag/gardinex-ab/malm%C3%B6/-/5567744296
"Garboprodukter i Gnosjö AB",556729-2817,10889,2,"335 32 Gnosjö","Kontorsinredningar;Möbler;Grossister;Möbler - Produktion;Producenter",https://www.allabolag.se/foretag/garboprodukter-i-gnosj%C3%B6-ab/gnosj%C3%B6/-/5567292817
"Garageinredning Norden AB",559106-1907,10468,0,"892 92 Domsjö","Postorder/e-handel;Möbler, inredning, kök- och belysningsutrustning;Detaljhandel",https://www.allabolag.se/foretag/garageinredning-norden-ab/domsj%C3%B6/-/5591061907
"GREENVENTION AB",556836-7501,19725,1,"155 35 Nykvarn","Byggentreprenader-Infrastruktur;Byggmästare;Elinstallationer;Elmateriel;Konsulter;Teknikkonsulter;Grossister;Möbler, inredning, kök- och belysningsutrustning;Butikshandel;Detaljhandel",https://www.allabolag.se/foretag/greenvention-ab/nykvarn/-/5568367501
"GK Restaurang i Vimmerby AB",559351-5561,10657,8,"593 33 Västervik","Livsmedel;Restauranger;Textilier;Möbler, inredning, kök- och belysningsutrustning;Butikshandel;Detaljhandel",https://www.allabolag.se/foretag/gk-restaurang-i-vimmerby-ab/v%C3%A4stervik/-/5593515561
"GAIA Studio AB",556706-1352,17596,2,"114 41 Stockholm","Arkitekter;Designers, formgivare;Kontorsinredningar;Grossister",https://www.allabolag.se/foretag/gaia-studio-ab/stockholm/-/5567061352
"G Inredningar AB",556724-3471,18233,3,"181 42 Lidingö","Arkitekter;Designers, formgivare;Möbler;Butikshandel;Detaljhandel",https://www.allabolag.se/foretag/g-inredningar-ab/liding%C3%B6/-/5567243471
"Förnityr AB",556642-7646,14589,3,"653 36 Karlstad","Möbler;Butikshandel;Detaljhandel",https://www.allabolag.se/foretag/f%C3%B6rnityr-ab/karlstad/-/5566427646
"Färgtrend i Alingsås AB",556113-3991,10127,5,"441 39 Alingsås","Färger, lacker, tapeter;Golvbeläggningar;Mattor;Butikshandel;Detaljhandel;Virke och byggvaror",https://www.allabolag.se/foretag/f%C3%A4rgtrend-i-alings%C3%A5s-ab/alings%C3%A5s/-/5561133991
"Färghuset i Oskarshamn Aktiebolag",556219-6542,16705,4,"572 35 Oskarshamn","Färger, lacker, tapeter;Golvbeläggningar;Mattor;Butikshandel;Detaljhandel",https://www.allabolag.se/foretag/f%C3%A4rghuset-i-oskarshamn-aktiebolag/oskarshamn/-/5562196542
"Färghallen i Lövånger AB",556268-0701,13840,9,"932 61 Lövånger","Fastighetsbolag, lokaler;Färger, lacker, tapeter;Golvbeläggningar;Mattor;Butikshandel;Detaljhandel",https://www.allabolag.se/foretag/f%C3%A4rghallen-i-l%C3%B6v%C3%A5nger-ab/l%C3%B6v%C3%A5nger/-/5562680701
"Färgcity i Lidköping Aktiebolag",556117-2734,15427,6,"531 40 Lidköping","Färger, lacker, tapeter;Golvbeläggningar;Mattor;Butikshandel;Detaljhandel",https://www.allabolag.se/foretag/f%C3%A4rgcity-i-lidk%C3%B6ping-aktiebolag/lidk%C3%B6ping/-/5561172734
"Färg & Tapetspecialisten Jonas Adolfsson AB",556660-9870,14404,8,"417 30 Göteborg","Färger, lacker, tapeter;Golvbeläggningar;Mattor;Butikshandel;Detaljhandel",https://www.allabolag.se/foretag/f%C3%A4rg-tapetspecialisten-jonas-adolfsson-ab/g%C3%B6teborg/-/5566609870
"Färg & Hobbyhörnan i Sala AB",556515-7806,13750,4,"733 39 Sala","Byggmästare;Färger, lacker, tapeter;Måleriarbeten;Möbler;Butikshandel;Detaljhandel",https://www.allabolag.se/foretag/f%C3%A4rg-hobbyh%C3%B6rnan-i-sala-ab/sala/-/5565157806
"Forslunds Glas & Porslin AB",556600-9527,18902,4,"973 45 Luleå","Möbler, inredning, kök- och belysningsutrustning;Butikshandel;Detaljhandel",https://www.allabolag.se/foretag/forslunds-glas-porslin-ab/lule%C3%A5/-/5566009527
"Formatic Aktiebolag",556584-2738,11398,4,"131 74 Nacka","Belysningsarmatur - Komponenter;Postorder/e-handel;Grossister;Möbler, inredning, kök- och belysningsutrustning;Butikshandel;Detaljhandel;Detaljhandel - annat",https://www.allabolag.se/foretag/formatic-aktiebolag/nacka/-/5565842738
"Fogelmarck Form AB",556214-5572,16984,5,"114 59 Stockholm","Möbler;Butikshandel;Detaljhandel",https://www.allabolag.se/foretag/fogelmarck-form-ab/stockholm/-/5562145572
"Flora Linnéa AB",556581-6666,10569,6,"254 37 Helsingborg","Möbler;Butikshandel;Detaljhandel",https://www.allabolag.se/foretag/flora-linn%C3%A9a-ab/helsingborg/-/5565816666
"Final Touch Sweden AB",559136-7015,14233,15,"725 91 Västerås","Belysningsarmatur - Komponenter;Byggmästare;Möbler;Snickeriarbeten;Grossister;Möbler - Produktion;Producenter",https://www.allabolag.se/foretag/final-touch-sweden-ab/v%C3%A4ster%C3%A5s/-/5591367015
"Fiber, Stockholm Aktiebolag",556637-4814,14343,3,"187 66 Täby","Belysningsarmatur - Komponenter;Grossister",https://www.allabolag.se/foretag/fiber-stockholm-aktiebolag/t%C3%A4by/-/5566374814
"FRITAB Aktiebolag",556561-7007,16154,5,"283 50 Osby","Belysningsarmatur - Komponenter;Grossister",https://www.allabolag.se/foretag/fritab-aktiebolag/osby/-/5565617007
"Ergohuset Ermi AB",556505-4243,17795,9,"114 31 Stockholm","Företagsutveckling;Kontorsinredningar;Grossister",https://www.allabolag.se/foretag/ergohuset-ermi-ab/stockholm/-/5565054243
"Ercomi i Sverige AB",556643-3180,12595,6,"652 21 Karlstad","Möbler;Butikshandel;Detaljhandel",https://www.allabolag.se/foretag/ercomi-i-sverige-ab/karlstad/-/5566433180
"Envoye AB",556774-5624,16543,7,"511 54 Kinna","Belysningsarmatur - Komponenter;Kontorsinredningar;Grossister",https://www.allabolag.se/foretag/envoye-ab/kinna/-/5567745624
"Emcali AB",556253-7414,19730,1,"531 97 Lidköping","Postorder/e-handel;Redovisning, bokföring;Grossister;Metaller, legeringar - grossist;Möbler, inredning, kök- och belysningsutrustning;Skatterådgivning;Detaljhandel",https://www.allabolag.se/foretag/emcali-ab/lidk%C3%B6ping/-/5562537414
"Elon Malmfälten AB",556925-4526,12423,7,"982 35 Gällivare","Järnvaror;Hushållsmaskiner och apparater, radio, tv, cd och musikinstrument;Möbler, inredning, kök- och belysningsutrustning;Butikshandel;Detaljhandel;Virke och byggvaror",https://www.allabolag.se/foretag/elon-malmf%C3%A4lten-ab/g%C3%A4llivare/-/5569254526
"Elmodul i Kristinehamn AB",556294-8629,18798,9,"681 30 Kristinehamn","Byggmästare;Elinstallationer;Hushållsmaskiner och apparater, radio, tv, cd och musikinstrument;Möbler, inredning, kök- och belysningsutrustning;Butikshandel;Detaljhandel",https://www.allabolag.se/foretag/elmodul-i-kristinehamn-ab/kristinehamn/-/5562948629
"Elitvaror Matthall AB",556870-6625,16185,11,"891 34 Örnsköldsvik","Byggmästare;Golvbeläggningar;Mattor;Butikshandel;Detaljhandel;Virke och byggvaror",https://www.allabolag.se/foretag/elitvaror-matthall-ab/%C3%B6rnsk%C3%B6ldsvik/-/5568706625
"Eldstaden Växjö AB",559371-7555,15022,4,"352 45 Växjö","Byggmästare;Postorder/e-handel;Möbler, inredning, kök- och belysningsutrustning;Butikshandel;Detaljhandel",https://www.allabolag.se/foretag/eldstaden-v%C3%A4xj%C3%B6-ab/v%C3%A4xj%C3%B6/-/5593717555
"Elbutiken i Hörby Aktiebolag",556271-4245,11035,4,"242 31 Hörby","Belysningsarmatur - Komponenter;Järnvaror;Hushållsutrustningar, vitvaror;Maskinförnödenheter;Grossister;Hushållsutrustningar, vitvaror - grossister",https://www.allabolag.se/foretag/elbutiken-i-h%C3%B6rby-aktiebolag/h%C3%B6rby/-/5562714245
"Elbutiken Söder AB",559017-5070,10186,7,"802 52 Gävle","Hushållsmaskiner och apparater, radio, tv, cd och musikinstrument;Möbler, inredning, kök- och belysningsutrustning;Butikshandel;Detaljhandel",https://www.allabolag.se/foretag/elbutiken-s%C3%B6der-ab/g%C3%A4vle/-/5590175070
"Elbolaget i Ludvika Försäljnings Aktiebolag",556390-9554,19145,7,"771 42 Ludvika","Hushållsmaskiner och apparater, radio, tv, cd och musikinstrument;Möbler, inredning, kök- och belysningsutrustning;Butikshandel;Detaljhandel",https://www.allabolag.se/foretag/elbolaget-i-ludvika-f%C3%B6rs%C3%A4ljnings-aktiebolag/ludvika/-/5563909554
"El-Service Benny Karlsson Aktiebolag",556243-4539,13879,5,"671 31 Arvika","Möbler, inredning, kök- och belysningsutrustning;Butikshandel;Detaljhandel",https://www.allabolag.se/foretag/el-service-benny-karlsson-aktiebolag/arvika/-/5562434539
"Skummeslövs golv, färg & interiör AB",556842-7164,17975,11,"312 72 Skummeslövsstrand","Byggmästare;Färger, lacker, tapeter;Golvbeläggningar;Mattor;Möbler, inredning, kök- och belysningsutrustning;Butikshandel;Detaljhandel",https://www.allabolag.se/foretag/skummesl%C3%B6vs-golv-f%C3%A4rg-interi%C3%B6r-ab/skummesl%C3%B6vsstrand/-/5568427164
"Fiber, Stockholm Aktiebolag",556637-4814,14343,3,"187 66 Täby","Belysningsarmatur - Komponenter;Grossister",https://www.allabolag.se/foretag/fiber-stockholm-aktiebolag/t%C3%A4by/-/5566374814
"Ekholms Färgcenter i Jönköping Aktiebolag",556114-1291,17263,9,"553 05 Jönköping","Färger, lacker, tapeter;Golvbeläggningar;Mattor;Butikshandel;Detaljhandel",https://www.allabolag.se/foretag/ekholms-f%C3%A4rgcenter-i-j%C3%B6nk%C3%B6ping-aktiebolag/j%C3%B6nk%C3%B6ping/-/5561141291
"Ekbäcks Möbler AB",559172-9420,14852,5,"912 32 Vilhelmina","Möbler;Butikshandel;Detaljhandel",https://www.allabolag.se/foretag/ekb%C3%A4cks-m%C3%B6bler-ab/vilhelmina/-/5591729420
"Edsbyn Senab AB (publ)",556755-0081,19631,2,"024
19 631","Möbler;Butikshandel;Detaljhandel",https://www.allabolag.se/foretag/edsbyn-senab-ab-publ/stockholm/-/5567550081
"Eddalux AB",559179-6387,10068,1,"187 40 Täby","Belysningsarmatur - Komponenter;Elmateriel;Grossister",https://www.allabolag.se/foretag/eddalux-ab/t%C3%A4by/-/5591796387
"EGLO SVERIGE AB",556583-1731,16926,5,"512 50 Svenljunga","Belysningsarmatur - Komponenter;Företagsutveckling;Grossister",https://www.allabolag.se/foretag/eglo-sverige-ab/svenljunga/-/5565831731
"Dynäs Måleri Aktiebolag",556196-7216,18049,15,"872 43 Kramfors","Byggmästare;Färger, lacker, tapeter;Golvbeläggningar;Mattor;Måleriarbeten;Butikshandel;Detaljhandel",https://www.allabolag.se/foretag/dyn%C3%A4s-m%C3%A5leri-aktiebolag/kramfors/-/5561967216
"Drömkök i Stockholm AB",559189-8415,15024,4,"115 27 Stockholm","Möbler;Butikshandel;Detaljhandel;Virke och byggvaror",https://www.allabolag.se/foretag/dr%C3%B6mk%C3%B6k-i-stockholm-ab/stockholm/-/5591898415
"Dreamab Backaplan AB",556679-6453,12377,5,"417 30 Göteborg","Möbler;Butikshandel;Detaljhandel",https://www.allabolag.se/foretag/dreamab-backaplan-ab/g%C3%B6teborg/-/5566796453
"Dixie AB",556263-8766,12983,2,"434 50 Kungsbacka","Belysningsarmatur - Komponenter;Grossister",https://www.allabolag.se/foretag/dixie-ab/kungsbacka/-/5562638766
"Ditt Badrum i Uddevalla AB",556889-3019,14037,3,"451 55 Uddevalla","Kontorsinredningar;Trävaror;Grossister;Trä och byggvaror - grossist",https://www.allabolag.se/foretag/ditt-badrum-i-uddevalla-ab/uddevalla/-/5568893019
"Deco Import i Båstad AB",556711-7055,18355,1,"269 40 Båstad","Belysningsarmatur - Komponenter;Grossister",https://www.allabolag.se/foretag/deco-import-i-b%C3%A5stad-ab/b%C3%A5stad/-/5567117055
"David design AB",556683-4833,13517,6,"024
13 517","Designers, formgivare;Industridesigners;Möbler;Möbler - Produktion;Producenter;Butikshandel;Detaljhandel",https://www.allabolag.se/foretag/david-design-ab/ulricehamn/-/5566834833
"Dancoll design AB",559371-3893,13447,1-4,"281 51 Hässleholm","Postorder/e-handel;Möbler, inredning, kök- och belysningsutrustning;Detaljhandel",https://www.allabolag.se/foretag/dancoll-design-ab/h%C3%A4ssleholm/-/5593713893
"Dahlström Kök & Design AB",556836-8483,10535,3,"721 37 Västerås","Möbler, inredning, kök- och belysningsutrustning;Butikshandel;Detaljhandel;Virke och byggvaror",https://www.allabolag.se/foretag/dahlstr%C3%B6m-k%C3%B6k-design-ab/v%C3%A4ster%C3%A5s/-/5568368483
"Dahla Gardin AB",556163-9054,13409,8,"374 38 Karlshamn","Textilier;Möbler, inredning, kök- och belysningsutrustning;Butikshandel;Detaljhandel",https://www.allabolag.se/foretag/dahla-gardin-ab/karlshamn/-/5561639054
"DREWEX AB",556824-6184,13169,8,"211 30 Malmö","Kontorsmateriel;Tryckerier;Trävaror;Möbler, inredning, kök- och belysningsutrustning;Producenter;Trävaror - produktion;Butikshandel;Detaljhandel",https://www.allabolag.se/foretag/drewex-ab/malm%C3%B6/-/5568246184
"Crème AB",559399-2802,14625,5,"131 36 Nacka","Möbler, inredning, kök- och belysningsutrustning;Butikshandel;Detaljhandel",https://www.allabolag.se/foretag/cr%C3%A8me-ab/nacka/-/5593992802
"Crierum Projekterar och Inreder AB",556194-8935,18732,5,"117 29 Stockholm","Kontorsinredningar;Grossister",https://www.allabolag.se/foretag/crierum-projekterar-och-inreder-ab/stockholm/-/5561948935
"Corso Studios AB",556582-5295,18694,3,"413 14 Göteborg","Möbler;Butikshandel;Detaljhandel;Virke och byggvaror",https://www.allabolag.se/foretag/corso-studios-ab/g%C3%B6teborg/-/5565825295
"Concept Living Nordic AB",559365-4683,12459,1,"413 05 Göteborg","Belysningsarmatur - Komponenter;Grossister",https://www.allabolag.se/foretag/concept-living-nordic-ab/g%C3%B6teborg/-/5593654683
"CoB Norrköping AB",559302-3681,12347,4,"602 23 Norrköping","Möbler;Butikshandel;Detaljhandel",https://www.allabolag.se/foretag/cob-norrk%C3%B6ping-ab/norrk%C3%B6ping/-/5593023681
"Cloud Based Solutions Scandinavia AB",556947-0288,19277,8,"725 97 Västerås","Datorer - Kringutrustningar;Datautveckling, systemutveckling, programutveckling;Grossister;Möbler, inredning, kök- och belysningsutrustning;Butikshandel;Datorer och kringutrustningar - Partihandel;Detaljhandel",https://www.allabolag.se/foretag/cloud-based-solutions-scandinavia-ab/v%C3%A4ster%C3%A5s/-/5569470288
"Cervera Östersund AB",556730-6245,13352,6,"831 33 Östersund","Möbler, inredning, kök- och belysningsutrustning;Butikshandel;Detaljhandel",https://www.allabolag.se/foretag/cervera-%C3%B6stersund-ab/%C3%B6stersund/-/5567306245
"Casa Nordic AB",556607-6393,12316,4,"549 37 Skövde","Köksinredningar;Grossister;Köksinredningar - agentur och grossist;Möbler, inredning, kök- och belysningsutrustning;Butikshandel;Detaljhandel",https://www.allabolag.se/foretag/casa-nordic-ab/sk%C3%B6vde/-/5566076393
"Carlssons Möbler i Visby AB",559099-2532,10824,5,"621 41 Visby","Möbler;Butikshandel;Detaljhandel",https://www.allabolag.se/foretag/carlssons-m%C3%B6bler-i-visby-ab/visby/-/5590992532
"Capella Lampor Aktiebolag",556464-8326,11375,6,"553 03 Jönköping","Möbler, inredning, kök- och belysningsutrustning;Butikshandel;Detaljhandel",https://www.allabolag.se/foretag/capella-lampor-aktiebolag/j%C3%B6nk%C3%B6ping/-/5564648326
"Camellia i Göteborg AB",556700-7520,13538,8,"411 10 Göteborg","Livsmedel;Restauranger;Möbler, inredning, kök- och belysningsutrustning;Butikshandel;Detaljhandel;Blommor, växter och tillbehör",https://www.allabolag.se/foretag/camellia-i-g%C3%B6teborg-ab/g%C3%B6teborg/-/5567007520
"CM Helsingborg AB",559127-4781,10956,8,"218 36 Bunkeflostrand","Möbler, inredning, kök- och belysningsutrustning;Butikshandel;Detaljhandel",https://www.allabolag.se/foretag/cm-helsingborg-ab/bunkeflostrand/-/5591274781
"CITY EL HUSHÅLL & BELYSNING I STOCKHOLM Aktiebolag",556445-9104,14694,5,"114 49 Stockholm","Hushållsmaskiner och apparater, radio, tv, cd och musikinstrument;Möbler, inredning, kök- och belysningsutrustning;Butikshandel;Detaljhandel",https://www.allabolag.se/foretag/city-el-hush%C3%A5ll-belysning-i-stockholm-aktiebolag/stockholm/-/5564459104
"Byggkomponenter i Falun AB",556652-1042,18149,5,"791 62 Falun","Trävaror;Grossister;Möbler, inredning, kök- och belysningsutrustning;Trä och byggvaror - grossist;Butikshandel;Detaljhandel",https://www.allabolag.se/foretag/byggkomponenter-i-falun-ab/falun/-/5566521042
"Bygg & Lack i Göteborg Aktiebolag",556321-6828,19250,10,"423 63 Torslanda","Butiksinredningar, butiksutrustningar;Färger, lacker, tapeter;Kontorsinredningar;Metaller, legeringar;Möbler;Metallurgisk industri;Möbler - Produktion;Producenter;Butikshandel;Detaljhandel",https://www.allabolag.se/foretag/bygg-lack-i-g%C3%B6teborg-aktiebolag/torslanda/-/5563216828
"Butiksdesign i Borås AB",556890-1572,10868,0,"111 29 Stockholm","Kontorsinredningar;Grossister",https://www.allabolag.se/foretag/butiksdesign-i-bor%C3%A5s-ab/stockholm/-/5568901572
"Bröderna Anderssons Möbler Aktiebolag",556085-2641,15652,5,"545 35 Töreboda","Möbler;Butikshandel;Detaljhandel",https://www.allabolag.se/foretag/br%C3%B6derna-anderssons-m%C3%B6bler-aktiebolag/t%C3%B6reboda/-/5560852641
"Brunelius Färg AB",556386-6408,12736,4,"611 35 Nyköping","Byggmästare;Färger, lacker, tapeter;Golvbeläggningar;Mattor;Måleriarbeten;Butikshandel;Detaljhandel",https://www.allabolag.se/foretag/brunelius-f%C3%A4rg-ab/nyk%C3%B6ping/-/5563866408
"Brohuset AB",556677-5523,11470,0,"234 40 Lomma","Möbler;Butikshandel;Detaljhandel",https://www.allabolag.se/foretag/brohuset-ab/lomma/-/5566775523
"Brixx Europe AB",556448-8566,15372,1,"211 19 Malmö","Belysningsarmatur - Komponenter;Byggmästare;Elektronik - Systemkomponenter;Hushållsutrustningar, vitvaror;Inredningar;Grossister;Hushållsutrustningar, vitvaror - tillverkning;Möbler, inredning, kök- och belysningsutrustning;Producenter;Butikshandel;Detaljhandel",https://www.allabolag.se/foretag/brixx-europe-ab/malm%C3%B6/-/5564488566
"Brittfurn AB",556671-3201,11652,2,"114 36 Stockholm","Arkitekter;Designers, formgivare;Byggmästare;Postorder/e-handel;Möbler;Butikshandel;Detaljhandel;Detaljhandel - annat",https://www.allabolag.se/foretag/brittfurn-ab/stockholm/-/5566713201
"Brittania Bad AB",559144-2560,14676,3,"263 57 Höganäs","Belysningsarmatur - Komponenter;Grossister",https://www.allabolag.se/foretag/brittania-bad-ab/h%C3%B6gan%C3%A4s/-/5591442560
"Brindle Inredning AB",559039-6676,10881,5,"113 57 Stockholm","Postorder/e-handel;Möbler;Möbler, inredning, kök- och belysningsutrustning;Butikshandel;Detaljhandel",https://www.allabolag.se/foretag/brindle-inredning-ab/stockholm/-/5590396676
"Bright 1-2-3 Lighting AB",559045-5498,17667,4,"131 54 Nacka","Möbler, inredning, kök- och belysningsutrustning;Butikshandel;Detaljhandel",https://www.allabolag.se/foretag/bright-1-2-3-lighting-ab/nacka/-/5590455498
"Brewery Hotel I Karlskrona AB",556768-6802,14351,11,"371 31 Karlskrona","Livsmedel;Hotell;Livsmedel - tillverkning;Möbler, inredning, kök- och belysningsutrustning;Producenter;Butikshandel;Detaljhandel;Dryckesvaror",https://www.allabolag.se/foretag/brewery-hotel-i-karlskrona-ab/karlskrona/-/5567686802
"Bratells Möbler i Göteborg AB",556769-7478,13971,7,"416 59 Göteborg","Möbler;Butikshandel;Detaljhandel",https://www.allabolag.se/foretag/bratells-m%C3%B6bler-i-g%C3%B6teborg-ab/g%C3%B6teborg/-/5567697478
"Bossons Living Room AB",556988-4751,10752,4,"265 30 Åstorp","Byggmästare;Fastighetsbolag, lokaler;Möbler;Möbler, inredning, kök- och belysningsutrustning;Butikshandel;Butikshandel -övrigt;Detaljhandel;Detaljhandel - annat",https://www.allabolag.se/foretag/bossons-living-room-ab/%C3%A5storp/-/5569884751
"Bosses Mattor Aktiebolag",556221-7280,11105,6,"254 42 Helsingborg","Möbler;Butikshandel;Detaljhandel",https://www.allabolag.se/foretag/bosses-mattor-aktiebolag/helsingborg/-/5562217280
"BoHus Värme AB",556751-9003,15087,4,"455 35 Munkedal","Byggmästare;Möbler, inredning, kök- och belysningsutrustning;Butikshandel;Detaljhandel",https://www.allabolag.se/foretag/bohus-v%C3%A4rme-ab/munkedal/-/5567519003
"Bo-Laget Fastighetsförmedling i Malmö Aktiebolag",556436-7539,13604,9,"211 40 Malmö","Fastighetsmäklare;Möbler, inredning, kök- och belysningsutrustning;Butikshandel;Detaljhandel",https://www.allabolag.se/foretag/bo-laget-fastighetsf%C3%B6rmedling-i-malm%C3%B6-aktiebolag/malm%C3%B6/-/5564367539
"Blommigt & prickigt AB",556808-5046,12104,12,"511 98 Hyssna","Livsmedel;Restauranger;Textilier;Kläder, skor;Konfektion;Livsmedel - tillverkning;Möbler, inredning, kök- och belysningsutrustning;Producenter;Butikshandel;Detaljhandel;Blommor, växter och tillbehör",https://www.allabolag.se/foretag/blommigt-prickigt-ab/hyssna/-/5568085046
"Blombergs Möbler Aktiebolag",556075-6867,10554,3,"439 74 Fjärås","Möbler;Butikshandel;Detaljhandel",https://www.allabolag.se/foretag/blombergs-m%C3%B6bler-aktiebolag/fj%C3%A4r%C3%A5s/-/5560756867
"Blocho Impex Aktiebolag",556288-0350,13081,3,"115 56 Stockholm","Belysningsarmatur - Komponenter;Företagsutveckling;Ljudanläggningar, ljusanläggningar, bildanläggningar;Grossister;Möbler, inredning, kök- och belysningsutrustning;Butikshandel;Detaljhandel",https://www.allabolag.se/foretag/blocho-impex-aktiebolag/stockholm/-/5562880350
"Birch & Wood AB",559078-4863,12662,4,"132 45 Saltsjö-Boo","Designers, formgivare;Industridesigners;Möbler;Butikshandel;Detaljhandel",https://www.allabolag.se/foretag/birch-wood-ab/saltsj%C3%B6-boo/-/5590784863
"Berteco Aktiebolag",556544-9641,11426,4,"443 61 Stenkullen","Golvbeläggningar;Mattor;Butikshandel;Detaljhandel",https://www.allabolag.se/foretag/berteco-aktiebolag/stenkullen/-/5565449641
"Bert Nylanders Mattor eftr AB",556741-8511,11711,3,"516 34 Dalsjöfors","Golvbeläggningar;Mattor;Butikshandel;Detaljhandel",https://www.allabolag.se/foretag/bert-nylanders-mattor-eftr-ab/dalsj%C3%B6fors/-/5567418511
"Bernhardssons Möbler i Strängnäs AB",556643-8775,10371,4,"645 41 Strängnäs","Möbler;Butikshandel;Detaljhandel",https://www.allabolag.se/foretag/bernhardssons-m%C3%B6bler-i-str%C3%A4ngn%C3%A4s-ab/str%C3%A4ngn%C3%A4s/-/5566438775
"Bergåse Färg Vägg Golv AB",556727-3874,16234,7,"252 32 Helsingborg","Byggmästare;Färger, lacker, tapeter;Golvbeläggningar;Mattor;Måleriarbeten;Butikshandel;Detaljhandel",https://www.allabolag.se/foretag/berg%C3%A5se-f%C3%A4rg-v%C3%A4gg-golv-ab/helsingborg/-/5567273874
"Bergslagscenter i Karlskoga Aktiebolag",556222-9855,11382,7,"691 47 Karlskoga","Jordbruk;Jordbruk - odling;Möbler, inredning, kök- och belysningsutrustning;Butikshandel;Detaljhandel",https://www.allabolag.se/foretag/bergslagscenter-i-karlskoga-aktiebolag/karlskoga/-/5562229855
"Bergers Bosättningsaffär i Bengtsfors Aktiebolag",556101-2500,16754,10,"666 30 Bengtsfors","Spel, nöjesanläggningsutrustningar;Kläder, skor;Konfektion;Möbler, inredning, kök- och belysningsutrustning;Skor - detaljister;Butikshandel;Detaljhandel",https://www.allabolag.se/foretag/bergers-bos%C3%A4ttningsaff%C3%A4r-i-bengtsfors-aktiebolag/bengtsfors/-/5561012500
"Bengt Larssons Färg i Karlskrona Aktiebolag",556480-0794,11553,5,"371 50 Karlskrona","Golvbeläggningar;Mattor;Butikshandel;Detaljhandel",https://www.allabolag.se/foretag/bengt-larssons-f%C3%A4rg-i-karlskrona-aktiebolag/karlskrona/-/5564800794
"Belium Livsmiljö AB",556936-6809,12254,4,"421 31 Västra Frölunda","Belysningsarmatur - Komponenter;Företagsutveckling;Grossister",https://www.allabolag.se/foretag/belium-livsmilj%C3%B6-ab/v%C3%A4stra-fr%C3%B6lunda/-/5569366809
"Banerry AB",559048-5743,11313,12,"124 32 Bandhagen","Byggmästare;Postorder/e-handel;Städservice;Snickeriarbeten;Möbler, inredning, kök- och belysningsutrustning;Detaljhandel",https://www.allabolag.se/foretag/banerry-ab/bandhagen/-/5590485743
"Balders Hage Alingsås AB",556724-8983,10169,5,"441 30 Alingsås","Möbler, inredning, kök- och belysningsutrustning;Butikshandel;Detaljhandel",https://www.allabolag.se/foretag/balders-hage-alings%C3%A5s-ab/alings%C3%A5s/-/5567248983
"Bad & Kakel i Linköping AB",556658-4115,17163,12,"582 77 Linköping","Badrumsinredningar, badrumsrenoveringar;Byggmästare;Järnvaror;Butikshandel;Detaljhandel",https://www.allabolag.se/foretag/bad-kakel-i-link%C3%B6ping-ab/link%C3%B6ping/-/5566584115
"BULA Butiks- och Lagerakuten Aktiebolag",556347-9996,18998,7,"906 21 Umeå","Kontorsinredningar;Grossister",https://www.allabolag.se/foretag/bula-butiks-och-lagerakuten-aktiebolag/ume%C3%A5/-/5563479996
"BK Library Interiors AB",556727-0029,10662,7,"342 51 Vislanda","Designers, formgivare;Butiksinredningar, butiksutrustningar;Byggentreprenader-Infrastruktur;Konsulter;Kontorsinredningar;Industridesigners;Möbler;Teknikkonsulter;Möbler - Produktion;Producenter;Butikshandel;Detaljhandel",https://www.allabolag.se/foretag/bk-library-interiors-ab/vislanda/-/5567270029
"Axén Ecom AB",559473-7024,17710,1,"754 33 Uppsala","Postorder/e-handel;Möbler, inredning, kök- och belysningsutrustning;Detaljhandel",https://www.allabolag.se/foretag/ax%C3%A9n-ecom-ab/uppsala/-/5594737024
"Avolt Experience AB",559138-4408,10894,0,"817 94 Axmar","Bilar;Finansbolag, finansiella tjänster;Konsulter;Postorder/e-handel;Teknikkonsulter;Uthyrning;Värdepappershandel;Möbler, inredning, kök- och belysningsutrustning;Detaljhandel",https://www.allabolag.se/foretag/avolt-experience-ab/axmar/-/5591384408
"Atriumgården AB",559384-8442,10429,8,"475 31 Öckerö","Växtservice, kontorsservice;Grossister;Möbler, inredning, kök- och belysningsutrustning;Butikshandel;Detaljhandel;Blommor, växter och tillbehör",https://www.allabolag.se/foretag/atriumg%C3%A5rden-ab/%C3%B6cker%C3%B6/-/5593848442
"Ateljé Nord AB",559116-0865,16093,10,"114 48 Stockholm","Arkitekter;Designers, formgivare;Möbler;Butikshandel;Detaljhandel",https://www.allabolag.se/foretag/atelj%C3%A9-nord-ab/stockholm/-/5591160865
"Aski Interiör AB",556668-7645,12609,2,"864 32 Matfors","Kontorsinredningar;Grossister",https://www.allabolag.se/foretag/aski-interi%C3%B6r-ab/matfors/-/5566687645
"ArmaturExpo & Belysningskonsult Syd AB",556775-4469,11340,4,"212 28 Malmö","Belysningsarmatur - Komponenter;Grossister",https://www.allabolag.se/foretag/armaturexpo-belysningskonsult-syd-ab/malm%C3%B6/-/5567754469
"ArgonNeon i Sverige Aktiebolag",556355-6421,10180,7,"141 60 Huddinge","Belysningsarmatur - Komponenter;Fastighetsbolag, lokaler;Elektronik - Systemkomponenter;Elektronik - Tillverkning;Grossister;Producenter",https://www.allabolag.se/foretag/argonneon-i-sverige-aktiebolag/huddinge/-/5563556421
"Andsoon AB",559254-2772,12767,9,"126 53 Hägersten","Fastighetsbolag, lokaler;Kontorsinredningar;Uthyrning;Grossister;Arbetskraftstjänster",https://www.allabolag.se/foretag/andsoon-ab/h%C3%A4gersten/-/5592542772
"Andréasons El Aktiebolag",556220-3488,14881,8,"646 31 Gnesta","Byggmästare;Elinstallationer;Möbler, inredning, kök- och belysningsutrustning;Butikshandel;Detaljhandel",https://www.allabolag.se/foretag/andr%C3%A9asons-el-aktiebolag/gnesta/-/5562203488
"Anders Olssons Möblerings AB",556080-8411,15676,9,"444 31 Stenungsund","Möbler;Butikshandel;Detaljhandel",https://www.allabolag.se/foretag/anders-olssons-m%C3%B6blerings-ab/stenungsund/-/5560808411
"Alves Möbler Aktiebolag",556133-5984,19603,7,"457 32 Tanumshede","Möbler;Butikshandel;Detaljhandel",https://www.allabolag.se/foretag/alves-m%C3%B6bler-aktiebolag/tanumshede/-/5561335984
"Algot och Lennart Hansson Möbel Aktiebolag",556169-6773,18964,12,"273 30 Tomelilla","Möbler;Butikshandel;Detaljhandel",https://www.allabolag.se/foretag/algot-och-lennart-hansson-m%C3%B6bel-aktiebolag/tomelilla/-/5561696773
"Alfiera AB",559202-0712,10333,4,"254 69 Ödåkra","Postorder/e-handel;Möbler, inredning, kök- och belysningsutrustning;Detaljhandel",https://www.allabolag.se/foretag/alfiera-ab/%C3%B6d%C3%A5kra/-/5592020712
"Akustikmontage i Borlänge AB",556589-3657,13439,7,"781 71 Borlänge","Byggmästare;Golvbeläggningar;Mattor;Snickeriarbeten;Butikshandel;Detaljhandel;Virke och byggvaror",https://www.allabolag.se/foretag/akustikmontage-i-borl%C3%A4nge-ab/borl%C3%A4nge/-/5565893657
"Aktiebolaget Tenhults Möbler",556042-1306,14678,8,"561 60 Tenhult","Golvbeläggningar;Mattor;Möbler;Textilier;Möbler, inredning, kök- och belysningsutrustning;Butikshandel;Detaljhandel",https://www.allabolag.se/foretag/aktiebolaget-tenhults-m%C3%B6bler/tenhult/-/5560421306
"Aktiebolaget RJ Markis",556879-5925,15791,8,"186 32 Vallentuna","Belysningsarmatur - Komponenter;Bilar;Grossister",https://www.allabolag.se/foretag/aktiebolaget-rj-markis/vallentuna/-/5568795925
"Aktiebolaget Pontus Ericsson",556113-1169,12993,9,"831 34 Östersund","Möbler;Textilier;Möbler, inredning, kök- och belysningsutrustning;Butikshandel;Detaljhandel",https://www.allabolag.se/foretag/aktiebolaget-pontus-ericsson/%C3%B6stersund/-/5561131169
"Aktiebolaget Normans Bosättningsaffär",556018-7493,16012,5,"393 56 Kalmar","Möbler, inredning, kök- och belysningsutrustning;Butikshandel;Detaljhandel",https://www.allabolag.se/foretag/aktiebolaget-normans-bos%C3%A4ttningsaff%C3%A4r/kalmar/-/5560187493
"Aktiebolaget Hessels Måleri Färgcenter",556289-5564,13371,8,"575 32 Eksjö","Byggmästare;Färger, lacker, tapeter;Golvbeläggningar;Mattor;Måleriarbeten;Butikshandel;Detaljhandel",https://www.allabolag.se/foretag/aktiebolaget-hessels-m%C3%A5leri-f%C3%A4rgcenter/eksj%C3%B6/-/5562895564
"Aktiebolaget Gotland Art & Design",559456-8809,17429,10,"621 56 Visby","Möbler;Möbler - Produktion;Producenter;Butikshandel;Detaljhandel",https://www.allabolag.se/foretag/aktiebolaget-gotland-art-design/visby/-/5594568809
"Aktiebolaget Filipiniana Sweden Arts & Crafts",556573-8498,13166,5,"443 61 Stenkullen","Möbler, inredning, kök- och belysningsutrustning;Butikshandel;Detaljhandel",https://www.allabolag.se/foretag/aktiebolaget-filipiniana-sweden-arts-crafts/stenkullen/-/5565738498
"Aktiebolaget Birger Boström",556176-5206,10187,4,"931 34 Skellefteå","Möbler, inredning, kök- och belysningsutrustning;Butikshandel;Detaljhandel",https://www.allabolag.se/foretag/aktiebolaget-birger-bostr%C3%B6m/skellefte%C3%A5/-/5561765206
"Ahlströms Sthlm AB",556221-0962,11394,8,"182 48 Enebyberg","Kontorsinredningar;Grossister",https://www.allabolag.se/foretag/ahlstr%C3%B6ms-sthlm-ab/enebyberg/-/5562210962
"Affärsinvest i Karlskrona AB",556937-9463,14753,4,"371 14 Karlskrona","Möbler, inredning, kök- och belysningsutrustning;Butikshandel;Detaljhandel",https://www.allabolag.se/foretag/aff%C3%A4rsinvest-i-karlskrona-ab/karlskrona/-/5569379463
"Advercity Väderskydd Sverige AB",559066-0964,14810,1-4,"754 50 Uppsala","Belysningsarmatur - Komponenter;Ljudanläggningar, ljusanläggningar, bildanläggningar;Trävaror;Grossister;Trä och byggvaror - grossist",https://www.allabolag.se/foretag/advercity-v%C3%A4derskydd-sverige-ab/uppsala/-/5590660964
"Actor Kök och Butik AB",556646-7048,10774,6,"806 45 Gävle","Kontorsinredningar;Maskinförnödenheter;Grossister",https://www.allabolag.se/foretag/actor-k%C3%B6k-och-butik-ab/g%C3%A4vle/-/5566467048
"Activ Inredning Varberg AB",556095-7531,15397,5,"311 96 Heberg","Möbler;Butikshandel;Detaljhandel",https://www.allabolag.se/foretag/activ-inredning-varberg-ab/heberg/-/5560957531
"ASH Group AB",559266-1432,18137,3,"411 09 Göteborg","Arkitekter;Designers, formgivare;Möbler, inredning, kök- och belysningsutrustning;Nöjesparker;Butikshandel;Detaljhandel;Virke och byggvaror",https://www.allabolag.se/foretag/ash-group-ab/g%C3%B6teborg/-/5592661432
"AL textilinredarna AB",556320-9815,11060,5,"114 55 Stockholm","Kontorsinredningar;Grossister",https://www.allabolag.se/foretag/al-textilinredarna-ab/stockholm/-/5563209815
"ABREU Design Studio AB",559105-8531,11477,1,"120 64 Stockholm","Arkitekter;Designers, formgivare;Butiksinredningar, butiksutrustningar;Kontorsinredningar;Möbler;Grossister;Möbler - Produktion;Producenter",https://www.allabolag.se/foretag/abreu-design-studio-ab/stockholm/-/5591058531
"3 E Design Aktiebolag",556406-0910,15097,4,"645 93 Strängnäs","Belysningsarmatur - Komponenter;Butiksinredningar, butiksutrustningar;Grossister",https://www.allabolag.se/foretag/3-e-design-aktiebolag/str%C3%A4ngn%C3%A4s/-/5564060910
"Örestads Gardin & Interiör AB",556971-8132,23001,13,"253 42 Vallåkra","Textilier;Möbler, inredning, kök- och belysningsutrustning;Butikshandel;Detaljhandel",https://www.allabolag.se/foretag/%C3%B6restads-gardin-interi%C3%B6r-ab/vall%C3%A5kra/-/5569718132
"Ödmans från Golv till Tak AB",556551-3461,22705,8,"612 44 Finspång","Golvbeläggningar;Mattor;Butikshandel;Detaljhandel;Virke och byggvaror",https://www.allabolag.se/foretag/%C3%B6dmans-fr%C3%A5n-golv-till-tak-ab/finsp%C3%A5ng/-/5565513461
"Åsby Trädgård Aktiebolag",556222-2900,48357,27,"734 91 Hallstahammar","Möbler;Restauranger;Möbler, inredning, kök- och belysningsutrustning;Butikshandel;Detaljhandel;Blommor, växter och tillbehör",https://www.allabolag.se/foretag/%C3%A5sby-tr%C3%A4dg%C3%A5rd-aktiebolag/hallstahammar/-/5562222900
"Årjängs Elmontage AB",556660-4756,25091,11,"672 31 Årjäng","Byggmästare;Elinstallationer;Hushållsmaskiner och apparater, radio, tv, cd och musikinstrument;Möbler, inredning, kök- och belysningsutrustning;Butikshandel;Detaljhandel",https://www.allabolag.se/foretag/%C3%A5rj%C3%A4ngs-elmontage-ab/%C3%A5rj%C3%A4ng/-/5566604756
"Åkerbloms Gård i Fränninge AB",556580-7780,29756,5,"275 68 Vollsjö","Möbler;Jordbruk;Jordbruk - boskap och djurhållning;Jordbruk - odling;Boskap;Odling av socker;Butikshandel;Detaljhandel",https://www.allabolag.se/foretag/%C3%A5kerbloms-g%C3%A5rd-i-fr%C3%A4nninge-ab/vollsj%C3%B6/-/5565807780
"olars ulla AB",556581-7326,23826,14,"781 60 Gustafs","Kläder;Grossister;Kläder, skor;Konfektion;Möbler, inredning, kök- och belysningsutrustning;Butikshandel;Detaljhandel",https://www.allabolag.se/foretag/olars-ulla-ab/gustafs/-/5565817326
"inoff Inred AB",556427-4115,42058,21,"254 67 Helsingborg","Kontorsinredningar;Uthyrning;Grossister",https://www.allabolag.se/foretag/inoff-inred-ab/helsingborg/-/5564274115
"e-bolagen Sverige AB",556919-2577,43562,3,"252 20 Helsingborg","Postorder/e-handel;Möbler, inredning, kök- och belysningsutrustning;Detaljhandel",https://www.allabolag.se/foretag/e-bolagen-sverige-ab/helsingborg/-/5569192577
"Zesty Interiör AB",556672-4828,26271,4,"211 31 Malmö","Kontorsinredningar;Grossister",https://www.allabolag.se/foretag/zesty-interi%C3%B6r-ab/malm%C3%B6/-/5566724828
"YesP Consulting AB",556788-1767,22557,8,"411 10 Göteborg","Belysningsarmatur - Komponenter;Företagsutveckling;Grossister",https://www.allabolag.se/foretag/yesp-consulting-ab/g%C3%B6teborg/-/5567881767
"Y. Carlstedt Aktiebolag",556075-8871,47306,19,"332 33 Gislaved","Spel, nöjesanläggningsutrustningar;Möbler, inredning, kök- och belysningsutrustning;Butikshandel;Detaljhandel",https://www.allabolag.se/foretag/y.-carlstedt-aktiebolag/gislaved/-/5560758871
"Xcen AB",556471-9473,46109,15,"331 44 Värnamo","Belysningsarmatur - Komponenter;Elektronik - Systemkomponenter;Elektronik - Tillverkning;Grossister;Producenter",https://www.allabolag.se/foretag/xcen-ab/v%C3%A4rnamo/-/5564719473
"Wika-Möbler Aktiebolag",556153-0337,27317,11,"954 31 Gammelstad","Möbler;Butikshandel;Detaljhandel",https://www.allabolag.se/foretag/wika-m%C3%B6bler-aktiebolag/gammelstad/-/5561530337
"Watt & Veke AB",556635-6464,36289,7,"113 58 Stockholm","Belysningsarmatur - Komponenter;Grossister",https://www.allabolag.se/foretag/watt-veke-ab/stockholm/-/5566356464
"Wahlros Byggprojektledning AB",556743-0839,26171,8,"745 31 Enköping","Byggentreprenader-Infrastruktur;Konsulter;Möbler;Teknikkonsulter;Butikshandel;Detaljhandel",https://www.allabolag.se/foretag/wahlros-byggprojektledning-ab/enk%C3%B6ping/-/5567430839
"Växtleverantören i Sverige AB",556962-9388,22115,1,"141 60 Huddinge","Belysningsarmatur - Komponenter;Växtservice, kontorsservice;Grossister;Parkanläggningar",https://www.allabolag.se/foretag/v%C3%A4xtleverant%C3%B6ren-i-sverige-ab/huddinge/-/5569629388
"Växjö Elektriska Belysning AB",556598-4159,25541,11,"352 30 Växjö","Möbler, inredning, kök- och belysningsutrustning;Butikshandel;Detaljhandel",https://www.allabolag.se/foretag/v%C3%A4xj%C3%B6-elektriska-belysning-ab/v%C3%A4xj%C3%B6/-/5565984159
"Vänersborgs Elektriska Syskonen Sjöstad Aktiebolag",556146-3349,22620,9,"462 56 Vänersborg","Byggmästare;Elinstallationer;Hushållsmaskiner och apparater, radio, tv, cd och musikinstrument;Möbler, inredning, kök- och belysningsutrustning;Butikshandel;Detaljhandel",https://www.allabolag.se/foretag/v%C3%A4nersborgs-elektriska-syskonen-sj%C3%B6stad-aktiebolag/v%C3%A4nersborg/-/5561463349
"Von Mentzer Bygg AB",556823-3471,36529,15,"452 33 Strömstad","Byggmästare;Möbler;Kläder, skor;Konfektion;Möbler, inredning, kök- och belysningsutrustning;Butikshandel;Detaljhandel",https://www.allabolag.se/foretag/von-mentzer-bygg-ab/str%C3%B6mstad/-/5568233471
"Vision of Home Sweden AB",556756-8539,28236,2,"291 59 Kristianstad","Möbler;Butikshandel;Detaljhandel",https://www.allabolag.se/foretag/vision-of-home-sweden-ab/kristianstad/-/5567568539
"Vireta AB",556943-9374,22362,9,"718 91 Frövi","Postorder/e-handel;Trävaror;Grossister;Kläder, skor;Konfektion;Möbler, inredning, kök- och belysningsutrustning;Trä och byggvaror - grossist;Butikshandel;Detaljhandel;Detaljhandel - annat",https://www.allabolag.se/foretag/vireta-ab/fr%C3%B6vi/-/5569439374
"Ventura Design Svenska AB",556595-5654,46307,17,"335 32 Gnosjö","Belysningsarmatur - Komponenter;Elektronik - Systemkomponenter;Elektronik - Tillverkning;Möbler, inredning, kök- och belysningsutrustning;Producenter;Butikshandel;Detaljhandel",https://www.allabolag.se/foretag/ventura-design-svenska-ab/gnosj%C3%B6/-/5565955654
"Varuhus i Norr AB",556521-2734,35203,14,"906 21 Umeå","Kontorstjänster;Möbler, inredning, kök- och belysningsutrustning;Butikshandel;Detaljhandel",https://www.allabolag.se/foretag/varuhus-i-norr-ab/ume%C3%A5/-/5565212734
"Uterus Kontorsvaror AB",556603-6199,21094,5,"982 31 Gällivare","Datorer - Kringutrustningar;Kontorsinredningar;Grossister;Reseeffekter;Datorer och kringutrustningar - Partihandel",https://www.allabolag.se/foretag/uterus-kontorsvaror-ab/g%C3%A4llivare/-/5566036199
"Unison i Häradsbäck AB",556702-5902,23819,5,"343 92 Häradsbäck","Möbler, inredning, kök- och belysningsutrustning;Butikshandel;Detaljhandel",https://www.allabolag.se/foretag/unison-i-h%C3%A4radsb%C3%A4ck-ab/h%C3%A4radsb%C3%A4ck/-/5567025902
"Trovena AB",556546-3048,20533,3,"195 91 Märsta","Belysningsarmatur - Komponenter;Grossister",https://www.allabolag.se/foretag/trovena-ab/m%C3%A4rsta/-/5565463048
"Treston AB",556399-6247,26591,5,"187 66 Täby","Belysningsarmatur - Komponenter;Möbler;Grossister",https://www.allabolag.se/foretag/treston-ab/t%C3%A4by/-/5563996247
"Transparent Sound AB",556917-9517,28436,4,"113 52 Stockholm","Möbler;Butikshandel;Detaljhandel",https://www.allabolag.se/foretag/transparent-sound-ab/stockholm/-/5569179517
"Themoshi AB",556826-6299,35489,6,"261 91 Landskrona","Finansbolag, finansiella tjänster;Värdepappershandel;Möbler, inredning, kök- och belysningsutrustning;Butikshandel;Detaljhandel",https://www.allabolag.se/foretag/themoshi-ab/landskrona/-/5568266299
"Textiles & Goods of Sweden AB",556643-9328,41391,20,"116 65 Stockholm","Möbler;Kläder, skor;Konfektion;Skor - detaljister;Butikshandel;Detaljhandel",https://www.allabolag.se/foretag/textiles-goods-of-sweden-ab/stockholm/-/5566439328
"Textil & Metallskrot ""Skroten"" Ryberg & Co Aktiebolag",556204-1763,20313,12,"511 56 Kinna","Textilier;Grossister;Möbler, inredning, kök- och belysningsutrustning;Textilier - Partihandel;Butikshandel;Detaljhandel;Avfall - grossister;Avfallshantering",https://www.allabolag.se/foretag/textil-metallskrot-skroten-ryberg-co-aktiebolag/kinna/-/5562041763
"Tell Me More Interiors AB",556839-1352,27417,12,"411 24 Göteborg","Belysningsarmatur - Komponenter;Köksinredningar;Ljudanläggningar, ljusanläggningar, bildanläggningar;Textilier;Grossister;Köksinredningar - agentur och grossist;Möbler, inredning, kök- och belysningsutrustning;Textilier - Partihandel;Butikshandel;Detaljhandel",https://www.allabolag.se/foretag/tell-me-more-interiors-ab/g%C3%B6teborg/-/5568391352
"TecTake Sweden AB",559060-6728,30434,0,"211 22 Malmö","Postorder/e-handel;Hushållsmaskiner och apparater, radio, tv, cd och musikinstrument;Möbler, inredning, kök- och belysningsutrustning;Detaljhandel;Detaljhandel - annat",https://www.allabolag.se/foretag/tectake-sweden-ab/malm%C3%B6/-/5590606728
"Tapetlagret Öbergs Färghus i Västerås Aktiebolag",556066-8591,32927,12,"721 30 Västerås","Färger, lacker, tapeter;Golvbeläggningar;Mattor;Butikshandel;Detaljhandel",https://www.allabolag.se/foretag/tapetlagret-%C3%B6bergs-f%C3%A4rghus-i-v%C3%A4ster%C3%A5s-aktiebolag/v%C3%A4ster%C3%A5s/-/5560668591
"TMT Design AB",556751-8435,20110,10,"573 43 Tranås","Belysningsarmatur - Komponenter;Möbler;Grossister;Möbler - Produktion;Producenter",https://www.allabolag.se/foretag/tmt-design-ab/tran%C3%A5s/-/5567518435
"Sørlie interior AB",559424-5762,22277,0,"523 38 Ulricehamn","Kontorsinredningar;Grossister",https://www.allabolag.se/foretag/s%C3%B8rlie-interior-ab/ulricehamn/-/5594245762
"Sörmlands Bo Handelsfastighet AB",556018-5158,21880,0,"024
21 880","Möbler;Butikshandel;Detaljhandel",https://www.allabolag.se/foretag/s%C3%B6rmlands-bo-handelsfastighet-ab/g%C3%A4vle/-/5560185158
"Södertörns Ventilationsrengöring och Sanering Aktiebolag",556252-2069,31960,8,"136 44 Handen","Byggmästare;Möbler, inredning, kök- och belysningsutrustning;Butikshandel;Detaljhandel",https://www.allabolag.se/foretag/s%C3%B6dert%C3%B6rns-ventilationsreng%C3%B6ring-och-sanering-aktiebolag/handen/-/5562522069
"Sweden Concepts AB",556718-7363,44736,12,"504 64 Borås","Belysningsarmatur - Komponenter;Grossister",https://www.allabolag.se/foretag/sweden-concepts-ab/bor%C3%A5s/-/5567187363
"Svenska Hem i Mölndal Aktiebolag",556573-2186,25441,12,"431 53 Mölndal","Möbler;Butikshandel;Detaljhandel",https://www.allabolag.se/foretag/svenska-hem-i-m%C3%B6lndal-aktiebolag/m%C3%B6lndal/-/5565732186
"Svea Contract Furniture AB",556608-0650,24828,6,"582 73 Linköping","Belysningsarmatur - Komponenter;Kontorsinredningar;Grossister",https://www.allabolag.se/foretag/svea-contract-furniture-ab/link%C3%B6ping/-/5566080650
"Studio Schalling AB",559034-8115,29132,2,"216 30 Limhamn","Möbler;Butikshandel;Detaljhandel",https://www.allabolag.se/foretag/studio-schalling-ab/limhamn/-/5590348115
"Studio Ramson AB",559093-5937,32640,8,"114 57 Stockholm","Arkitekter;Designers, formgivare;Byggmästare;Möbler;Textilier;Möbler, inredning, kök- och belysningsutrustning;Butikshandel;Detaljhandel",https://www.allabolag.se/foretag/studio-ramson-ab/stockholm/-/5590935937
"Stora Möbelhuset Uddevallavägen Aktiebolag",556138-4131,20809,9,"442 40 Kungälv","Möbler;Butikshandel;Detaljhandel",https://www.allabolag.se/foretag/stora-m%C3%B6belhuset-uddevallav%C3%A4gen-aktiebolag/kung%C3%A4lv/-/5561384131
"Stoddard Mattor o Object AB",556760-2213,20042,7,"121 62 Johanneshov","Belysningsarmatur - Komponenter;Byggmästare;Trävaror;Grossister;Trä och byggvaror - grossist",https://www.allabolag.se/foretag/stoddard-mattor-o-object-ab/johanneshov/-/5567602213
"StableTable Scandinavia AB",556776-9509,22668,6,"222 23 Lund","Möbler;Butikshandel;Detaljhandel",https://www.allabolag.se/foretag/stabletable-scandinavia-ab/lund/-/5567769509
"Sommarboden i Höllviken AB",556625-0212,26106,12,"236 51 Höllviken","Möbler;Textilier;Kläder, skor;Konfektion;Möbler, inredning, kök- och belysningsutrustning;Butikshandel;Detaljhandel",https://www.allabolag.se/foretag/sommarboden-i-h%C3%B6llviken-ab/h%C3%B6llviken/-/5566250212
"Somatherm Heating & Drying AB",559241-8007,22763,5,"671 31 Arvika","Belysningsarmatur - Komponenter;Grossister",https://www.allabolag.se/foretag/somatherm-heating-drying-ab/arvika/-/5592418007
"Sofa Company Sverige AB",556982-8246,49846,16,"561 34 Huskvarna","Möbler;Butikshandel;Detaljhandel",https://www.allabolag.se/foretag/sofa-company-sverige-ab/huskvarna/-/5569828246
"Sleeping world AB",559085-8477,23215,13,"454 93 Brastad","Internet - Konsulter, operatörer;Möbler;Möbler - Produktion;Producenter;Butikshandel;Detaljhandel",https://www.allabolag.se/foretag/sleeping-world-ab/brastad/-/5590858477
"Skinnmöbler i Gällivare Aktiebolag",556421-3311,41310,13,"982 38 Gällivare","Möbler;Butikshandel;Detaljhandel",https://www.allabolag.se/foretag/skinnm%C3%B6bler-i-g%C3%A4llivare-aktiebolag/g%C3%A4llivare/-/5564213311
"Sitz design AB",556820-1056,24050,4,"291 36 Kristianstad","Belysningsarmatur - Komponenter;Grossister",https://www.allabolag.se/foretag/sitz-design-ab/kristianstad/-/5568201056
"Severins Möbler i Jönköping Aktiebolag",556260-5914,42422,12,"554 66 Jönköping","Möbler;Textilier;Möbler, inredning, kök- och belysningsutrustning;Butikshandel;Detaljhandel",https://www.allabolag.se/foretag/severins-m%C3%B6bler-i-j%C3%B6nk%C3%B6ping-aktiebolag/j%C3%B6nk%C3%B6ping/-/5562605914
"Severins Möbler i Halmstad Aktiebolag",556228-1013,35136,12,"302 62 Halmstad","Möbler;Butikshandel;Detaljhandel",https://www.allabolag.se/foretag/severins-m%C3%B6bler-i-halmstad-aktiebolag/halmstad/-/5562281013
"Severin Nilssons Möbler Aktiebolag",556203-5062,26098,11,"392 41 Kalmar","Möbler;Butikshandel;Detaljhandel",https://www.allabolag.se/foretag/severin-nilssons-m%C3%B6bler-aktiebolag/kalmar/-/5562035062
"Selux AB",556500-9189,35218,7,"113 55 Stockholm","Belysningsarmatur - Komponenter;Grossister",https://www.allabolag.se/foretag/selux-ab/stockholm/-/5565009189
"SUN-FLEX AB",556237-6771,34561,4,"438 70 Landvetter","Kontorsinredningar;Grossister",https://www.allabolag.se/foretag/sun-flex-ab/landvetter/-/5562376771
"STOREFACTORY AB",559039-2535,33053,13,"553 02 Jönköping","Belysningsarmatur - Komponenter;Grossister",https://www.allabolag.se/foretag/storefactory-ab/j%C3%B6nk%C3%B6ping/-/5590392535
"Röshults svenska hantverk AB",556726-3032,27522,8,"554 75 Jönköping","Möbler, inredning, kök- och belysningsutrustning;Butikshandel;Detaljhandel",https://www.allabolag.se/foretag/r%C3%B6shults-svenska-hantverk-ab/j%C3%B6nk%C3%B6ping/-/5567263032
"Rumrum Aktiebolag",556544-2174,20040,11,"211 39 Malmö","Arkitekter;Designers, formgivare;Möbler;Butikshandel;Detaljhandel",https://www.allabolag.se/foretag/rumrum-aktiebolag/malm%C3%B6/-/5565442174
"Rullux Markis & Persienn AB",556651-0912,34435,23,"224 78 Lund","Textilier;Trävaror;Grossister;Gummi och plastprodukter - tillverkning;Möbler, inredning, kök- och belysningsutrustning;Producenter;Textilier - Produktion;Trä och byggvaror - grossist;Butikshandel;Detaljhandel",https://www.allabolag.se/foretag/rullux-markis-persienn-ab/lund/-/5566510912
"Resize Design AB",556854-5999,33078,4,"111 24 Stockholm","Belysningsarmatur - Komponenter;Designers, formgivare;Butiksinredningar, butiksutrustningar;Kontorsinredningar;Industridesigners;Möbler;Grossister;Möbler - Produktion;Producenter",https://www.allabolag.se/foretag/resize-design-ab/stockholm/-/5568545999
"Rekomo Recycling AB",559228-8459,22351,0,"025
22 351","Kontorsinredningar;Grossister",https://www.allabolag.se/foretag/rekomo-recycling-ab/g%C3%B6teborg/-/5592288459
"Reforma Sthlm Aktiebolag",556849-2606,27549,6,"114 32 Stockholm","Postorder/e-handel;Möbler, inredning, kök- och belysningsutrustning;Detaljhandel",https://www.allabolag.se/foretag/reforma-sthlm-aktiebolag/stockholm/-/5568492606
"Recycling Partner RP i Södertälje AB",556927-5836,22553,18,"131 76 Nacka","Flyttfirmor;Kontorsinredningar;Transportförmedling;Åkerier;Grossister",https://www.allabolag.se/foretag/recycling-partner-rp-i-s%C3%B6dert%C3%A4lje-ab/nacka/-/5569275836
"Recycling Partner RP i Linköping AB",556988-0858,46704,25,"582 73 Linköping","Kontorsinredningar;Möbler;Grossister;Möbler - Produktion;Producenter",https://www.allabolag.se/foretag/recycling-partner-rp-i-link%C3%B6ping-ab/link%C3%B6ping/-/5569880858
"Rebel Light AB",556849-1079,43175,16,"126 53 Hägersten","Byggmästare;Elinstallationer;Möbler, inredning, kök- och belysningsutrustning;Butikshandel;Detaljhandel",https://www.allabolag.se/foretag/rebel-light-ab/h%C3%A4gersten/-/5568491079
"Realisera ID Sweden AB",556664-4869,21966,6,"163 53 Spånga","Butiksinredningar, butiksutrustningar;Kontorsinredningar;Möbler;Grossister;Möbler - Produktion;Producenter",https://www.allabolag.se/foretag/realisera-id-sweden-ab/sp%C3%A5nga/-/5566644869
"ROSERSBERGS GOLV Aktiebolag",556384-0031,33060,19,"195 30 Märsta","Byggmästare;Golvbeläggningar;Mattor;Butikshandel;Detaljhandel",https://www.allabolag.se/foretag/rosersbergs-golv-aktiebolag/m%C3%A4rsta/-/5563840031
"R&J Retail AB",559202-6347,39694,13,"549 54 Skövde","Spel, nöjesanläggningsutrustningar;Möbler, inredning, kök- och belysningsutrustning;Butikshandel;Detaljhandel",https://www.allabolag.se/foretag/rj-retail-ab/sk%C3%B6vde/-/5592026347
"Pronova Interior AB",556386-4031,32126,13,"388 40 Trekanten","Byggentreprenader-Infrastruktur;Konsulter;Kontorsinredningar;Teknikkonsulter;Grossister",https://www.allabolag.se/foretag/pronova-interior-ab/trekanten/-/5563864031
"Promas Sverige AB",556666-3836,43158,18,"120 40 Årsta","Kontorsinredningar;Grossister",https://www.allabolag.se/foretag/promas-sverige-ab/%C3%A5rsta/-/5566663836
"Presentbolaget Sverige AB",559246-1593,37324,0,"114 42 Stockholm","Möbler;Butikshandel;Detaljhandel",https://www.allabolag.se/foretag/presentbolaget-sverige-ab/stockholm/-/5592461593
"Posh Living Aktiebolag",556596-6016,37854,13,"111 34 Stockholm","Möbler;Butikshandel;Detaljhandel",https://www.allabolag.se/foretag/posh-living-aktiebolag/stockholm/-/5565966016
"Poolkemisten Sverige AB",559133-0609,20070,2,"212 41 Malmö","Finansbolag, finansiella tjänster;Värdepappershandel;Möbler, inredning, kök- och belysningsutrustning;Butikshandel;Detaljhandel;Virke och byggvaror",https://www.allabolag.se/foretag/poolkemisten-sverige-ab/malm%C3%B6/-/5591330609
"Polytuft of Sweden Aktiebolag",556210-2607,38573,13,"282 71 Sösdala","Belysningsarmatur - Komponenter;Grossister",https://www.allabolag.se/foretag/polytuft-of-sweden-aktiebolag/s%C3%B6sdala/-/5562102607
"Pluto Design AB",556537-9723,38846,7,"421 31 Västra Frölunda","Belysningsarmatur - Komponenter;Ljudanläggningar, ljusanläggningar, bildanläggningar;Grossister",https://www.allabolag.se/foretag/pluto-design-ab/v%C3%A4stra-fr%C3%B6lunda/-/5565379723
"Pholc AB",556806-9982,23573,5,"554 75 Jönköping","Belysningsarmatur - Komponenter;Grossister",https://www.allabolag.se/foretag/pholc-ab/j%C3%B6nk%C3%B6ping/-/5568069982
"Persiennkompaniet Norden Aktiebolag",556475-1237,39201,16,"126 30 Hägersten","Byggmästare;Järnvaror;Textilier;Möbler, inredning, kök- och belysningsutrustning;Butikshandel;Detaljhandel",https://www.allabolag.se/foretag/persiennkompaniet-norden-aktiebolag/h%C3%A4gersten/-/5564751237
"Perfect Match Interior AB",556719-3593,26525,6,"897 91 Långviksmon","Arkitekter;Belysningsarmatur - Komponenter;Designers, formgivare;Grossister",https://www.allabolag.se/foretag/perfect-match-interior-ab/l%C3%A5ngviksmon/-/5567193593
"Per Kvadrat Aktiebolag",556222-6356,28349,8,"774 61 Avesta","Byggmästare;Golvbeläggningar;Mattor;Trävaror;Grossister;Trä och byggvaror - grossist;Butikshandel;Detaljhandel",https://www.allabolag.se/foretag/per-kvadrat-aktiebolag/avesta/-/5562226356
"Parnass Presentreklam Sweden Aktiebolag",556343-0395,35026,7,"187 66 Täby","Ljudanläggningar, ljusanläggningar, bildanläggningar;Grossister;Möbler, inredning, kök- och belysningsutrustning;Butikshandel;Detaljhandel",https://www.allabolag.se/foretag/parnass-presentreklam-sweden-aktiebolag/t%C3%A4by/-/5563430395
"PTV Sweden AB",556388-4989,20235,24,"414 56 Göteborg","Designers, formgivare;Industridesigners;Postorder/e-handel;Möbler;Textilier;Möbler - Produktion;Producenter;Reparatörer;Butikshandel;Detaljhandel;Detaljhandel - annat",https://www.allabolag.se/foretag/ptv-sweden-ab/g%C3%B6teborg/-/5563884989
"P&S Sweden AB",559156-7093,42785,6,"245 34 Staffanstorp","Postorder/e-handel;Möbler, inredning, kök- och belysningsutrustning;Butikshandel -övrigt;Detaljhandel;Detaljhandel - annat",https://www.allabolag.se/foretag/ps-sweden-ab/staffanstorp/-/5591567093
"P & B Golv Aktiebolag",556142-7385,45636,28,"455 35 Munkedal","Byggmästare;Golvbeläggningar;Mattor;Butikshandel;Detaljhandel",https://www.allabolag.se/foretag/p-b-golv-aktiebolag/munkedal/-/5561427385
"Optima Belysning & Teknik Aktiebolag",556279-0369,39688,4,"973 31 Luleå","Belysningsarmatur;Belysningsarmatur - Komponenter;Elmateriel;Grossister",https://www.allabolag.se/foretag/optima-belysning-teknik-aktiebolag/lule%C3%A5/-/5562790369
"Ohlssons Basar & Bosättningsaffär AB",556519-1953,32019,10,"271 39 Ystad","Möbler, inredning, kök- och belysningsutrustning;Butikshandel;Detaljhandel",https://www.allabolag.se/foretag/ohlssons-basar-bos%C3%A4ttningsaff%C3%A4r-ab/ystad/-/5565191953
"Norrmalms Elektriska affär Aktiebolag",556111-6285,23750,9,"113 32 Stockholm","Möbler, inredning, kök- och belysningsutrustning;Butikshandel;Detaljhandel",https://www.allabolag.se/foretag/norrmalms-elektriska-aff%C3%A4r-aktiebolag/stockholm/-/5561116285
"Nordisk Möbeldesign AB",559199-9445,20067,6,"111 43 Stockholm","Möbler;Butikshandel;Detaljhandel",https://www.allabolag.se/foretag/nordisk-m%C3%B6beldesign-ab/stockholm/-/5591999445
"Nordhem Inredning AB",556901-9903,27327,8,"871 53 Härnösand","Möbler;Butikshandel;Detaljhandel",https://www.allabolag.se/foretag/nordhem-inredning-ab/h%C3%A4rn%C3%B6sand/-/5569019903
"NordDesign Sverige AB",556562-8525,24422,13,"311 50 Falkenberg","Belysningsarmatur - Komponenter;Grossister",https://www.allabolag.se/foretag/norddesign-sverige-ab/falkenberg/-/5565628525
"Nilssons Möbler i Lammhult Aktiebolag",556062-1780,24970,7,"363 44 Lammhult","Fastighetsbolag, lokaler;Möbler;Butikshandel;Detaljhandel",https://www.allabolag.se/foretag/nilssons-m%C3%B6bler-i-lammhult-aktiebolag/lammhult/-/5560621780
"Nils Olsson Dalahästar Aktiebolag",556143-1205,27577,29,"792 77 Nusnäs","Trävaror;Möbler, inredning, kök- och belysningsutrustning;Producenter;Trävaror - produktion;Butikshandel;Detaljhandel",https://www.allabolag.se/foretag/nils-olsson-dalah%C3%A4star-aktiebolag/nusn%C3%A4s/-/5561431205
"Natt-Kvalite i Trollhättan Aktiebolag",556461-8444,23964,7,"461 37 Trollhättan","Fastighetsbolag, lokaler;Golvbeläggningar;Mattor;Butikshandel;Detaljhandel",https://www.allabolag.se/foretag/natt-kvalite-i-trollh%C3%A4ttan-aktiebolag/trollh%C3%A4ttan/-/5564618444
"Napoleon Inredningar AB",556298-5902,20407,2,"341 31 Ljungby","Belysningsarmatur - Komponenter;Grossister",https://www.allabolag.se/foretag/napoleon-inredningar-ab/ljungby/-/5562985902
"NFG Sverige AB",559145-8509,33705,4,"661 40 Säffle","Belysningsarmatur - Komponenter;Grossister",https://www.allabolag.se/foretag/nfg-sverige-ab/s%C3%A4ffle/-/5591458509
"Möllers Butiker AB",559462-0444,23635,8,"593 61 Västervik","Färger, lacker, tapeter;Golvbeläggningar;Järnvaror;Mattor;Uthyrning;Grossister;Butikshandel;Detaljhandel;Virke och byggvaror",https://www.allabolag.se/foretag/m%C3%B6llers-butiker-ab/v%C3%A4stervik/-/5594620444
"Möbelvaruhuset i Långsele Aktiebolag",556224-2452,25487,7,"882 40 Långsele","Möbler;Butikshandel;Detaljhandel",https://www.allabolag.se/foretag/m%C3%B6belvaruhuset-i-l%C3%A5ngsele-aktiebolag/l%C3%A5ngsele/-/5562242452
"Möbelmästarna i Örebro AB",556489-9804,24492,5,"702 27 Örebro","Möbler;Butikshandel;Detaljhandel",https://www.allabolag.se/foretag/m%C3%B6belm%C3%A4starna-i-%C3%B6rebro-ab/%C3%B6rebro/-/5564899804
"Möbelmästarna Uppsala AB",556673-7234,20600,5,"753 23 Uppsala","Möbler;Butikshandel;Detaljhandel",https://www.allabolag.se/foretag/m%C3%B6belm%C3%A4starna-uppsala-ab/uppsala/-/5566737234
"Möbelmästarna Sverige AB",556425-8803,47012,7,"571 68 Malmbäck","Belysningsarmatur - Komponenter;Grossister",https://www.allabolag.se/foretag/m%C3%B6belm%C3%A4starna-sverige-ab/malmb%C3%A4ck/-/5564258803
"Möbelhuset Leander-Pehrson i Kristianstad AB",556073-5796,25980,14,"291 59 Kristianstad","Möbler;Butikshandel;Detaljhandel",https://www.allabolag.se/foretag/m%C3%B6belhuset-leander-pehrson-i-kristianstad-ab/kristianstad/-/5560735796
"Möbelcentrum i Västervik AB",556971-0402,40790,14,"593 34 Västervik","Möbler;Butikshandel;Detaljhandel",https://www.allabolag.se/foretag/m%C3%B6belcentrum-i-v%C3%A4stervik-ab/v%C3%A4stervik/-/5569710402
"Möbelcentrum i Ludvika AB",556917-8238,22904,7,"774 63 Avesta","Möbler;Butikshandel;Detaljhandel",https://www.allabolag.se/foretag/m%C3%B6belcentrum-i-ludvika-ab/avesta/-/5569178238
"Möbelcentrum i Falun AB",556571-8144,26393,10,"774 63 Avesta","Möbler;Butikshandel;Detaljhandel",https://www.allabolag.se/foretag/m%C3%B6belcentrum-i-falun-ab/avesta/-/5565718144
"Möbelcentrum i Borlänge Aktiebolag",556294-4552,38346,10,"774 63 Avesta","Möbler;Butikshandel;Detaljhandel",https://www.allabolag.se/foretag/m%C3%B6belcentrum-i-borl%C3%A4nge-aktiebolag/avesta/-/5562944552
"Möbelcentrum i Avesta AB",559052-5902,32286,10,"774 63 Avesta","Möbler;Butikshandel;Detaljhandel",https://www.allabolag.se/foretag/m%C3%B6belcentrum-i-avesta-ab/avesta/-/5590525902
"Möbelcenter i Åmål Aktiebolag",556507-7038,29803,10,"662 36 Åmål","Möbler;Butikshandel;Detaljhandel",https://www.allabolag.se/foretag/m%C3%B6belcenter-i-%C3%A5m%C3%A5l-aktiebolag/%C3%A5m%C3%A5l/-/5565077038
"Möbel-City i Arvika Aktiebolag",556215-6496,36283,11,"671 41 Arvika","Möbler;Butikshandel;Detaljhandel",https://www.allabolag.se/foretag/m%C3%B6bel-city-i-arvika-aktiebolag/arvika/-/5562156496
"Möbel Trend i Sverige AB",556322-7999,24452,7,"614 34 Söderköping","Möbler;Butikshandel;Detaljhandel",https://www.allabolag.se/foretag/m%C3%B6bel-trend-i-sverige-ab/s%C3%B6derk%C3%B6ping/-/5563227999
"Melimeli AB",559021-7278,30872,6,"111 30 Stockholm","Arkitekter;Designers, formgivare;Industridesigners;Postorder/e-handel;Möbler, inredning, kök- och belysningsutrustning;Detaljhandel",https://www.allabolag.se/foretag/melimeli-ab/stockholm/-/5590217278
"Maze Interior AB",556644-3544,26553,8,"114 54 Stockholm","Belysningsarmatur - Komponenter;Designers, formgivare;Industridesigners;Grossister",https://www.allabolag.se/foretag/maze-interior-ab/stockholm/-/5566443544
"Mattsons Beds AB",556737-7501,20931,19,"311 32 Falkenberg","Möbler;Möbler - Produktion;Producenter;Butikshandel;Detaljhandel",https://www.allabolag.se/foretag/mattsons-beds-ab/falkenberg/-/5567377501
"Matt-Landet AB",556301-8430,24051,15,"417 05 Göteborg","Golvbeläggningar;Mattor;Butikshandel;Detaljhandel",https://www.allabolag.se/foretag/matt-landet-ab/g%C3%B6teborg/-/5563018430
"Mateus Stock Aktiebolag",556475-3019,41989,9,"114 49 Stockholm","Belysningsarmatur - Komponenter;Datorer - Kringutrustningar;Företagsutveckling;Kakel, klinker;Köksinredningar;Grossister;Kakel - tillverkning;Köksinredningar - agentur och grossist;Producenter;Datorer och kringutrustningar - Partihandel",https://www.allabolag.se/foretag/mateus-stock-aktiebolag/stockholm/-/5564753019
"Martela AB",556417-9116,28061,25,"571 32 Nässjö","Kontorsinredningar;Grossister",https://www.allabolag.se/foretag/martela-ab/n%C3%A4ssj%C3%B6/-/5564179116
"Malmfältens Inredningar AB MIAB",556508-9413,24782,5,"981 38 Kiruna","Kontorsinredningar;Transportförmedling;Åkerier;Grossister",https://www.allabolag.se/foretag/malmf%C3%A4ltens-inredningar-ab-miab/kiruna/-/5565089413
"MULBERRY SWEDEN AB",559373-3628,46876,13,"411 09 Göteborg","Guld, silver, ädelstenar;Klockor, ur;Möbler;Kläder, skor;Konfektion;Läder och lädervaror;Läder, skor, inredning, reseeffekter och textilier;Urmakare;Butikshandel;Detaljhandel",https://www.allabolag.se/foretag/mulberry-sweden-ab/g%C3%B6teborg/-/5593733628
"MEJL AB",559218-8550,27199,3,"933 32 Arvidsjaur","Kontorsmateriel;Möbler;Radio TV, video;Hushållsmaskiner och apparater, radio, tv, cd och musikinstrument;Butikshandel;Detaljhandel",https://www.allabolag.se/foretag/mejl-ab/arvidsjaur/-/5592188550
"MAXEL Aktiebolag",556283-9315,38093,12,"163 53 Spånga","Belysningsarmatur - Komponenter;Grossister",https://www.allabolag.se/foretag/maxel-aktiebolag/sp%C3%A5nga/-/5562839315
"MATTVARUHUSET B. Berglund Aktiebolag",556195-1673,32976,23,"168 67 Bromma","Golvbeläggningar;Mattor;Butikshandel;Detaljhandel",https://www.allabolag.se/foretag/mattvaruhuset-b.-berglund-aktiebolag/bromma/-/5561951673
"MASKINER Skog och Trädgård i Kalmar AB",556773-0378,48791,13,"393 56 Kalmar","Möbler;Butikshandel;Detaljhandel",https://www.allabolag.se/foretag/maskiner-skog-och-tr%C3%A4dg%C3%A5rd-i-kalmar-ab/kalmar/-/5567730378
"MAGNAMETA AB",559159-6548,45821,4,"611 32 Nyköping","Belysningsarmatur - Komponenter;Grossister",https://www.allabolag.se/foretag/magnameta-ab/nyk%C3%B6ping/-/5591596548
"Lågprisvaruhuset Kosta AB",556063-8883,20676,9,"365 43 Kosta","Köksinredningar;Grossister;Köksinredningar - agentur och grossist;Möbler, inredning, kök- och belysningsutrustning;Butikshandel;Detaljhandel",https://www.allabolag.se/foretag/l%C3%A5gprisvaruhuset-kosta-ab/kosta/-/5560638883
"Lundqvist Inredningar AB",556647-9183,21428,8,"646 32 Gnesta","Butiksinredningar, butiksutrustningar;Kontorsinredningar;Möbler;Grossister;Möbler - Produktion;Producenter;Butikshandel;Detaljhandel",https://www.allabolag.se/foretag/lundqvist-inredningar-ab/gnesta/-/5566479183
"Lundins Snickerifabrik i Hestra Aktiebolag",556155-2257,22056,10,"335 71 Hestra","Möbler;Möbler - Produktion;Producenter;Butikshandel;Detaljhandel;Virke och byggvaror",https://www.allabolag.se/foretag/lundins-snickerifabrik-i-hestra-aktiebolag/hestra/-/5561552257
"Lundbäcks Inredningar AB",556433-6518,37433,13,"973 34 Luleå","Agenturer;Datorer - Kringutrustningar;Kontorsinredningar;Grossister;Möbler, hushållsartiklar och järnvaror - agentur;Datorer och kringutrustningar - Partihandel",https://www.allabolag.se/foretag/lundb%C3%A4cks-inredningar-ab/lule%C3%A5/-/5564336518
"Luminans Group AB",559168-5440,46869,1,"175 61 Järfälla","Belysningsarmatur - Komponenter;Grossister",https://www.allabolag.se/foretag/luminans-group-ab/j%C3%A4rf%C3%A4lla/-/5591685440
"Lucror Scandinavia AB",556870-1683,21027,1,"302 45 Halmstad","Belysningsarmatur - Komponenter;Grossister",https://www.allabolag.se/foretag/lucror-scandinavia-ab/halmstad/-/5568701683
"Lotuss Furniture AB",556843-8583,48936,8,"556 50 Jönköping","Kontorsinredningar;Grossister",https://www.allabolag.se/foretag/lotuss-furniture-ab/j%C3%B6nk%C3%B6ping/-/5568438583
"Lomax Sweden AB",559026-7802,35548,4,"254 42 Helsingborg","Datorer - Kringutrustningar;Kontorsinredningar;Grossister;Reseeffekter;Datorer och kringutrustningar - Partihandel",https://www.allabolag.se/foretag/lomax-sweden-ab/helsingborg/-/5590267802
"Ljusexperten Sweden AB",556758-6507,27528,6,"504 64 Borås","Belysningsarmatur - Komponenter;Grossister",https://www.allabolag.se/foretag/ljusexperten-sweden-ab/bor%C3%A5s/-/5567586507
"Lampan Sweden AB",559481-7032,32649,5,"352 50 Växjö","Postorder/e-handel;Möbler, inredning, kök- och belysningsutrustning;Detaljhandel",https://www.allabolag.se/foretag/lampan-sweden-ab/v%C3%A4xj%C3%B6/-/5594817032
"Lammhults Biblioteksdesign AB",556038-8851,37625,4,"226 60 Lund","Kontorsinredningar;Grossister",https://www.allabolag.se/foretag/lammhults-biblioteksdesign-ab/lund/-/5560388851
"KontorsCenter i Hudiksvall Aktiebolag",556259-7863,49807,19,"824 45 Hudiksvall","Belysningsarmatur - Komponenter;Flyttfirmor;Kontorsinredningar;Textilier;Transportförmedling;Åkerier;Grossister;Möbler, inredning, kök- och belysningsutrustning;Butikshandel;Detaljhandel",https://www.allabolag.se/foretag/kontorscenter-i-hudiksvall-aktiebolag/hudiksvall/-/5562597863
"Knivbrev AB",556922-1947,35120,0,"187 53 Täby","Postorder/e-handel;Möbler, inredning, kök- och belysningsutrustning;Detaljhandel",https://www.allabolag.se/foretag/knivbrev-ab/t%C3%A4by/-/5569221947
"Klintebergs Färg och Golv Aktiebolag",556135-2955,30130,22,"285 31 Markaryd","Färger, lacker, tapeter;Golvbeläggningar;Mattor;Butikshandel;Detaljhandel",https://www.allabolag.se/foretag/klintebergs-f%C3%A4rg-och-golv-aktiebolag/markaryd/-/5561352955
"Kitchen Butiksdrift Sverige AB",559013-0711,39914,0,"721 38 Västerås","Möbler, inredning, kök- och belysningsutrustning;Butikshandel;Detaljhandel",https://www.allabolag.se/foretag/kitchen-butiksdrift-sverige-ab/v%C3%A4ster%C3%A5s/-/5590130711
"Kinnarps Interior Skövde AB",556732-1046,21011,6,"541 34 Skövde","Kontorsinredningar;Grossister",https://www.allabolag.se/foretag/kinnarps-interior-sk%C3%B6vde-ab/sk%C3%B6vde/-/5567321046
"Kilands Mattor AB",556152-1120,49572,19,"553 03 Jönköping","Golvbeläggningar;Postorder/e-handel;Mattor;Läder, skor, inredning, reseeffekter och textilier;Butikshandel;Detaljhandel",https://www.allabolag.se/foretag/kilands-mattor-ab/j%C3%B6nk%C3%B6ping/-/5561521120
"Karlströms Golvaktiebolag",556095-8075,27993,17,"621 41 Visby","Byggmästare;Golvbeläggningar;Mattor;Butikshandel;Detaljhandel",https://www.allabolag.se/foretag/karlstr%C3%B6ms-golvaktiebolag/visby/-/5560958075
"Kapitalvarucenter Bladh AB",556233-2410,39516,16,"254 67 Helsingborg","Hushållsutrustningar, vitvaror;Grossister;Hushållsutrustningar, vitvaror - grossister;Möbler, inredning, kök- och belysningsutrustning;Butikshandel;Detaljhandel",https://www.allabolag.se/foretag/kapitalvarucenter-bladh-ab/helsingborg/-/5562332410
"Kaminhuset Västmanland AB",556872-4032,35600,18,"721 31 Västerås","Hushållsmaskiner och apparater, radio, tv, cd och musikinstrument;Möbler, inredning, kök- och belysningsutrustning;Butikshandel;Detaljhandel",https://www.allabolag.se/foretag/kaminhuset-v%C3%A4stmanland-ab/v%C3%A4ster%C3%A5s/-/5568724032
"KIKIRIKI AB",556428-3074,20903,14,"436 34 Askim","Belysningsarmatur - Komponenter;Evenemangsproduktioner;Konferensarrangörer;Uthyrning;Grossister;Nöjesparker",https://www.allabolag.se/foretag/kikiriki-ab/askim/-/5564283074
"KFAB Sverige AB",556621-4242,26196,4,"856 33 Sundsvall","Belysningsarmatur - Komponenter;Elektronik - Systemkomponenter;Företagsutveckling;Elektronik - Tillverkning;Möbler, inredning, kök- och belysningsutrustning;Producenter;Butikshandel;Detaljhandel",https://www.allabolag.se/foretag/kfab-sverige-ab/sundsvall/-/5566214242
"Jansson DataSystem Aktiebolag",556289-0284,44906,14,"252 20 Helsingborg","Datorer - Kringutrustningar;Datorer - Service;Data - Programvaror;Data- och TV-spel;Datorer;Kontorsinredningar;Grossister;Reparatörer;Datorer och kringutrustningar - Partihandel;Detaljhandel",https://www.allabolag.se/foretag/jansson-datasystem-aktiebolag/helsingborg/-/5562890284
"Jannes Färg och Tapet Aktiebolag",556303-7760,21366,12,"434 42 Kungsbacka","Golvbeläggningar;Mattor;Butikshandel;Detaljhandel",https://www.allabolag.se/foretag/jannes-f%C3%A4rg-och-tapet-aktiebolag/kungsbacka/-/5563037760
"Iris Hantverk AB",556058-3527,35398,16,"122 33 Enskede","Borstar, penslar;Postorder/e-handel;Kontorstjänster;Borstar, penslar - tillverkning;Möbler, inredning, kök- och belysningsutrustning;Producenter;Butikshandel;Butikshandel -övrigt;Detaljhandel;Detaljhandel - annat",https://www.allabolag.se/foretag/iris-hantverk-ab/enskede/-/5560583527
"Interiörgolv i Helsingborg AB",556529-7347,22603,14,"025
22 603","Byggmästare;Golvbeläggningar;Mattor;Butikshandel;Detaljhandel",https://www.allabolag.se/foretag/interi%C3%B6rgolv-i-helsingborg-ab/helsingborg/-/5565297347
"Interior Design Collection Luleå AB",556560-9681,37637,6,"972 34 Luleå","Arkitekter;Belysningsarmatur - Komponenter;Designers, formgivare;Grossister",https://www.allabolag.se/foretag/interior-design-collection-lule%C3%A5-ab/lule%C3%A5/-/5565609681
"Inredningshuset i Östersund AB",556522-2584,20240,6,"831 72 Östersund","Belysningsarmatur - Komponenter;Grossister",https://www.allabolag.se/foretag/inredningshuset-i-%C3%B6stersund-ab/%C3%B6stersund/-/5565222584
"Inredningshuset Kontorscenter Västerbotten AB",556853-8739,48656,16,"906 21 Umeå","Kontorsinredningar;Grossister",https://www.allabolag.se/foretag/inredningshuset-kontorscenter-v%C3%A4sterbotten-ab/ume%C3%A5/-/5568538739
"Inredningsbolaget Wermland AB",556621-1982,40657,11,"653 46 Karlstad","Möbler;Butikshandel;Detaljhandel",https://www.allabolag.se/foretag/inredningsbolaget-wermland-ab/karlstad/-/5566211982
"Input interiör Kinna AB",556555-9118,39292,6,"421 30 Västra Frölunda","Kontorsinredningar;Grossister",https://www.allabolag.se/foretag/input-interi%C3%B6r-kinna-ab/v%C3%A4stra-fr%C3%B6lunda/-/5565559118
"Input interiör Helsingborg AB",556176-7236,47981,12,"254 67 Helsingborg","Hushållsutrustningar, vitvaror;Möbler;Grossister;Hushållsutrustningar, vitvaror - grossister;Butikshandel;Detaljhandel",https://www.allabolag.se/foretag/input-interi%C3%B6r-helsingborg-ab/helsingborg/-/5561767236
"Input interiör Halmstad Aktiebolag",556261-7174,48143,8,"302 38 Halmstad","Möbler;Textilier;Möbler, inredning, kök- och belysningsutrustning;Butikshandel;Detaljhandel",https://www.allabolag.se/foretag/input-interi%C3%B6r-halmstad-aktiebolag/halmstad/-/5562617174
"Input Interiör Skaraborg Aktiebolag",556122-9484,24258,6,"421 30 Västra Frölunda","Belysningsarmatur - Komponenter;Grossister",https://www.allabolag.se/foretag/input-interi%C3%B6r-skaraborg-aktiebolag/v%C3%A4stra-fr%C3%B6lunda/-/5561229484
"Inprove Construction AB",559147-2039,24837,4,"112 31 Stockholm","Arkitekter;Belysningsarmatur - Komponenter;Designers, formgivare;Byggmästare;Snickeriarbeten;Grossister",https://www.allabolag.se/foretag/inprove-construction-ab/stockholm/-/5591472039
"INTERVETRO AB",556642-4791,38528,8,"561 61 Tenhult","Kontorsinredningar;Uthyrning;Grossister",https://www.allabolag.se/foretag/intervetro-ab/tenhult/-/5566424791
"IM Sweden EX AB",556810-1058,33150,5,"439 74 Fjärås","Golvbeläggningar;Mattor;Butikshandel;Detaljhandel",https://www.allabolag.se/foretag/im-sweden-ex-ab/fj%C3%A4r%C3%A5s/-/5568101058
"Högberga Bygg AB",556483-9297,26847,15,"152 42 Södertälje","Byggmästare;Möbler;Snickeriarbeten;Butikshandel;Detaljhandel",https://www.allabolag.se/foretag/h%C3%B6gberga-bygg-ab/s%C3%B6dert%C3%A4lje/-/5564839297
"Holmek Consulting AB",559220-8929,28656,1-4,"602 23 Norrköping","Kontorsinredningar;Grossister",https://www.allabolag.se/foretag/holmek-consulting-ab/norrk%C3%B6ping/-/5592208929
"Hobby Butikerna i STHLM AB",556577-3693,20381,3,"126 30 Hägersten","Postorder/e-handel;Spel, nöjesanläggningsutrustningar;Möbler, inredning, kök- och belysningsutrustning;Butikshandel;Detaljhandel",https://www.allabolag.se/foretag/hobby-butikerna-i-sthlm-ab/h%C3%A4gersten/-/5565773693
"Herr Judit AB",556688-7658,23119,19,"118 21 Stockholm","Möbler;Kläder, skor;Konfektion;Butikshandel;Detaljhandel;Detaljhandel - annat",https://www.allabolag.se/foretag/herr-judit-ab/stockholm/-/5566887658
"Hedlunds Golv i Västerås Aktiebolag",556099-2348,26435,12,"722 23 Västerås","Byggmästare;Golvbeläggningar;Mattor;Butikshandel;Detaljhandel",https://www.allabolag.se/foretag/hedlunds-golv-i-v%C3%A4ster%C3%A5s-aktiebolag/v%C3%A4ster%C3%A5s/-/5560992348
"Healsafe interiör AB",556886-6726,28944,12,"411 21 Göteborg","Belysningsarmatur - Komponenter;Grossister",https://www.allabolag.se/foretag/healsafe-interi%C3%B6r-ab/g%C3%B6teborg/-/5568866726
"Harjak & Månsson AB",556466-0040,46504,12,"111 77 Stockholm","Arkitekter;Designers, formgivare;Textilier;Möbler, inredning, kök- och belysningsutrustning;Butikshandel;Detaljhandel",https://www.allabolag.se/foretag/harjak-m%C3%A5nsson-ab/stockholm/-/5564660040
"Hardanger Bestikk AB",556528-5763,24309,2,"754 49 Uppsala","Möbler, inredning, kök- och belysningsutrustning;Butikshandel;Detaljhandel",https://www.allabolag.se/foretag/hardanger-bestikk-ab/uppsala/-/5565285763
"Happy Homes Luleå AB",556628-0516,42504,10,"973 46 Luleå","Färger, lacker, tapeter;Möbler;Möbler - Produktion;Producenter;Butikshandel;Detaljhandel",https://www.allabolag.se/foretag/happy-homes-lule%C3%A5-ab/lule%C3%A5/-/5566280516
"Handelshuset i Kungälv AB",556737-5091,23714,4,"442 40 Kungälv","Hushållsutrustningar, vitvaror;Ljudanläggningar, ljusanläggningar, bildanläggningar;Grossister;Hushållsutrustningar, vitvaror - grossister;Kemikalier, industrikemikaleier - grossist;Möbler, inredning, kök- och belysningsutrustning;Butikshandel;Detaljhandel",https://www.allabolag.se/foretag/handelshuset-i-kung%C3%A4lv-ab/kung%C3%A4lv/-/5567375091
"Hallbergs Belysning AB",556315-2999,28230,15,"515 34 Viskafors","Belysningsarmatur - Komponenter;Grossister;Producenter;Övrig tillverkning",https://www.allabolag.se/foretag/hallbergs-belysning-ab/viskafors/-/5563152999
"HS Retail Stockholm 2 AB",559168-5002,20183,7,"024
20 183","Möbler, inredning, kök- och belysningsutrustning;Butikshandel;Detaljhandel",https://www.allabolag.se/foretag/hs-retail-stockholm-2-ab/stockholm/-/5591685002
"HISAB/PARTAJ Aktiebolag",556328-7779,20912,7,"291 69 Fjälkinge","Livsmedel;Kontorstjänster;Möbler, inredning, kök- och belysningsutrustning;Butikshandel;Detaljhandel",https://www.allabolag.se/foretag/hisabpartaj-aktiebolag/fj%C3%A4lkinge/-/5563287779
"HEAB Butiks & Lagerinredning AB",556792-5986,29911,7,"554 74 Jönköping","Kontorsinredningar;Grossister",https://www.allabolag.se/foretag/heab-butiks-lagerinredning-ab/j%C3%B6nk%C3%B6ping/-/5567925986
"Gustaf Westman Objects AB",559255-5568,24495,11,"116 36 Stockholm","Belysningsarmatur - Komponenter;Designers, formgivare;Industridesigners;Grossister",https://www.allabolag.se/foretag/gustaf-westman-objects-ab/stockholm/-/5592555568
"Grimstorp Försäljning Aktiebolag",556108-5191,35247,4,"571 38 Nässjö","Kontorsinredningar;Grossister",https://www.allabolag.se/foretag/grimstorp-f%C3%B6rs%C3%A4ljning-aktiebolag/n%C3%A4ssj%C3%B6/-/5561085191
"Golvteam i Huskvarna AB",556633-2267,32432,15,"561 32 Huskvarna","Byggmästare;Golvbeläggningar;Mattor;Snickeriarbeten;Butikshandel;Detaljhandel",https://www.allabolag.se/foretag/golvteam-i-huskvarna-ab/huskvarna/-/5566332267
"Golvab i Borlänge Aktiebolag",556194-1427,20215,15,"781 71 Borlänge","Byggmästare;Golvbeläggningar;Mattor;Butikshandel;Detaljhandel",https://www.allabolag.se/foretag/golvab-i-borl%C3%A4nge-aktiebolag/borl%C3%A4nge/-/5561941427
"Gobo AB",559418-8921,34457,2,"120 44 Årsta","Möbler, inredning, kök- och belysningsutrustning;Butikshandel;Detaljhandel",https://www.allabolag.se/foretag/gobo-ab/%C3%A5rsta/-/5594188921
"Glashuset Inredning & Design Sverige AB",556773-1293,35890,6,"215 86 Malmö","Fastighetsbolag, lokaler;Lager;Möbler;Spedition;Transportförmedling;Butikshandel;Detaljhandel",https://www.allabolag.se/foretag/glashuset-inredning-design-sverige-ab/malm%C3%B6/-/5567731293
"Getinge Försäljnings Aktiebolag",556130-6068,21522,5,"305 76 Getinge","Golvbeläggningar;Mattor;Butikshandel;Detaljhandel",https://www.allabolag.se/foretag/getinge-f%C3%B6rs%C3%A4ljnings-aktiebolag/getinge/-/5561306068
"Gefleborgs Flyttservice AB",556750-8949,30822,31,"802 93 Gävle","Flyttfirmor;Lager;Möbler;Transportförmedling;Åkerier;Butikshandel;Detaljhandel",https://www.allabolag.se/foretag/gefleborgs-flyttservice-ab/g%C3%A4vle/-/5567508949
"Galleri Mikael & Thomas Asplund Aktiebolag",556412-1969,29330,13,"114 42 Stockholm","Möbler;Butikshandel;Detaljhandel",https://www.allabolag.se/foretag/galleri-mikael-thomas-asplund-aktiebolag/stockholm/-/5564121969
"GRIPP INREDNING AB",556732-1038,26884,3,"541 30 Skövde","Kontorsinredningar;Grossister",https://www.allabolag.se/foretag/gripp-inredning-ab/sk%C3%B6vde/-/5567321038
"GK Restauranger AB",556719-3635,27642,16,"593 33 Västervik","Livsmedel;Restauranger;Textilier;Möbler, inredning, kök- och belysningsutrustning;Butikshandel;Detaljhandel",https://www.allabolag.se/foretag/gk-restauranger-ab/v%C3%A4stervik/-/5567193635
"G. Lundgrens Hushållsmaskiner Aktiebolag",556191-0117,23810,12,"891 55 Arnäsvall","Radio TV, video;Hushållsmaskiner och apparater, radio, tv, cd och musikinstrument;Möbler, inredning, kök- och belysningsutrustning;Butikshandel;Detaljhandel",https://www.allabolag.se/foretag/g.-lundgrens-hush%C3%A5llsmaskiner-aktiebolag/arn%C3%A4svall/-/5561910117
"Färgbröderna i Malung Aktiebolag",556449-0984,35238,16,"782 33 Malung","Byggmästare;Färger, lacker, tapeter;Golvbeläggningar;Mattor;Butikshandel;Detaljhandel;Virke och byggvaror",https://www.allabolag.se/foretag/f%C3%A4rgbr%C3%B6derna-i-malung-aktiebolag/malung/-/5564490984
"Färgaktiebolaget Gamol",556046-8687,23361,4,"451 76 Uddevalla","Färger, lacker, tapeter;Golvbeläggningar;Mattor;Trävaror;Grossister;Trä och byggvaror - grossist;Butikshandel;Detaljhandel",https://www.allabolag.se/foretag/f%C3%A4rgaktiebolaget-gamol/uddevalla/-/5560468687
"Färg, Bad och Kakel i Arvika AB",556615-3960,23904,7,"671 30 Arvika","Golvbeläggningar;Mattor;Butikshandel;Detaljhandel",https://www.allabolag.se/foretag/f%C3%A4rg-bad-och-kakel-i-arvika-ab/arvika/-/5566153960
"FÄRGHUSET AK LACK Aktiebolag",556196-7562,23800,9,"461 37 Trollhättan","Färger, lacker, tapeter;Golvbeläggningar;Mattor;Butikshandel;Detaljhandel",https://www.allabolag.se/foretag/f%C3%A4rghuset-ak-lack-aktiebolag/trollh%C3%A4ttan/-/5561967562
"Fyndlagret i Tranås AB",559266-7322,23182,8,"573 41 Tranås","Kläder;Textilier;Grossister;Konfektion;Möbler, inredning, kök- och belysningsutrustning;Textilier - Partihandel;Butikshandel;Detaljhandel",https://www.allabolag.se/foretag/fyndlagret-i-tran%C3%A5s-ab/tran%C3%A5s/-/5592667322
"Future Group Svenska AB",556576-8594,23289,5,"025
23 289","Belysningsarmatur - Komponenter;Grossister",https://www.allabolag.se/foretag/future-group-svenska-ab/trollh%C3%A4ttan/-/5565768594
"Franks Färg Aktiebolag",556280-1240,21615,8,"761 42 Norrtälje","Färger, lacker, tapeter;Golvbeläggningar;Mattor;Butikshandel;Detaljhandel",https://www.allabolag.se/foretag/franks-f%C3%A4rg-aktiebolag/norrt%C3%A4lje/-/5562801240
"Frame it International AB",559158-3595,29965,15,"111 56 Stockholm","Postorder/e-handel;Möbler, inredning, kök- och belysningsutrustning;Detaljhandel",https://www.allabolag.se/foretag/frame-it-international-ab/stockholm/-/5591583595
"FlowerTeam of Sweden Aktiebolag",556554-1058,27837,16,"254 69 Ödåkra","Möbler, inredning, kök- och belysningsutrustning;Butikshandel;Detaljhandel;Blommor, växter och tillbehör",https://www.allabolag.se/foretag/flowerteam-of-sweden-aktiebolag/%C3%B6d%C3%A5kra/-/5565541058
"FittinQ AB",559043-8627,27468,0,"221 04 Lund","Postorder/e-handel;Möbler, inredning, kök- och belysningsutrustning;Detaljhandel",https://www.allabolag.se/foretag/fittinq-ab/lund/-/5590438627
"Fibertrone AB",556579-3212,22084,4,"434 37 Kungsbacka","Belysningsarmatur - Komponenter;Ljudanläggningar, ljusanläggningar, bildanläggningar;Grossister",https://www.allabolag.se/foretag/fibertrone-ab/kungsbacka/-/5565793212
"Feel Design AB",556817-1309,38707,5,"289 92 Broby","Arkitekter;Designers, formgivare;Textilier;Möbler, inredning, kök- och belysningsutrustning;Butikshandel;Detaljhandel",https://www.allabolag.se/foretag/feel-design-ab/broby/-/5568171309
"Familjen Jonsson AB",556841-0657,26184,4,"503 30 Borås","Köksinredningar;Möbler;Möbler - Produktion;Producenter;Butikshandel;Detaljhandel",https://www.allabolag.se/foretag/familjen-jonsson-ab/bor%C3%A5s/-/5568410657
"FCT-Köpcenter AB",556602-3676,28120,12,"282 34 Tyringe","Restauranger;Möbler, inredning, kök- och belysningsutrustning;Butikshandel;Detaljhandel;Detaljhandel - annat",https://www.allabolag.se/foretag/fct-k%C3%B6pcenter-ab/tyringe/-/5566023676
"Ernst Textil Aktiebolag",556625-7597,44667,18,"269 41 Östra Karup","Belysningsarmatur - Komponenter;Kontorsinredningar;Textilier;Grossister;Producenter;Textilier - Partihandel;Textilier - Produktion",https://www.allabolag.se/foretag/ernst-textil-aktiebolag/%C3%B6stra-karup/-/5566257597
"Erikslunds Möbler AB",556902-5470,23882,13,"721 38 Västerås","Möbler;Butikshandel;Detaljhandel",https://www.allabolag.se/foretag/erikslunds-m%C3%B6bler-ab/v%C3%A4ster%C3%A5s/-/5569025470
"Ergonomic Office EO AB",556901-2007,21724,4,"118 53 Stockholm","Belysningsarmatur - Komponenter;Grossister",https://www.allabolag.se/foretag/ergonomic-office-eo-ab/stockholm/-/5569012007
"Engelska Tapetmagasinet Aktiebolag",556439-0408,34672,13,"411 17 Göteborg","Färger, lacker, tapeter;Golvbeläggningar;Postorder/e-handel;Mattor;Textilier;Läder, skor, inredning, reseeffekter och textilier;Möbler, inredning, kök- och belysningsutrustning;Producenter;Textilier - Produktion;Butikshandel;Detaljhandel",https://www.allabolag.se/foretag/engelska-tapetmagasinet-aktiebolag/g%C3%B6teborg/-/5564390408
"Emmaboda Möbler AB",556066-2313,20393,7,"361 31 Emmaboda","Möbler;Butikshandel;Detaljhandel",https://www.allabolag.se/foretag/emmaboda-m%C3%B6bler-ab/emmaboda/-/5560662313
"Elektra i Jämtland AB",559309-0706,21973,14,"833 35 Strömsund","Byggmästare;Elinstallationer;Möbler, inredning, kök- och belysningsutrustning;Butikshandel;Detaljhandel",https://www.allabolag.se/foretag/elektra-i-j%C3%A4mtland-ab/str%C3%B6msund/-/5593090706
"Eldstaden Oskarshamn AB",559382-1332,20465,9,"572 36 Oskarshamn","Byggmästare;Möbler, inredning, kök- och belysningsutrustning;Butikshandel;Detaljhandel",https://www.allabolag.se/foretag/eldstaden-oskarshamn-ab/oskarshamn/-/5593821332
"Elbyrån i Gävle Aktiebolag",556538-6561,24961,21,"803 09 Gävle","Byggmästare;Elinstallationer;Möbler, inredning, kök- och belysningsutrustning;Butikshandel;Detaljhandel",https://www.allabolag.se/foretag/elbyr%C3%A5n-i-g%C3%A4vle-aktiebolag/g%C3%A4vle/-/5565386561
"Elaffären ELON i Lidköping AB",556412-7172,28538,8,"531 60 Lidköping","Hushållsmaskiner och apparater, radio, tv, cd och musikinstrument;Möbler, inredning, kök- och belysningsutrustning;Butikshandel;Detaljhandel",https://www.allabolag.se/foretag/elaff%C3%A4ren-elon-i-lidk%C3%B6ping-ab/lidk%C3%B6ping/-/5564127172
"El & Kraft i Malmfälten AB",556754-6600,29655,15,"983 34 Malmberget","Byggmästare;Elinstallationer;Möbler, inredning, kök- och belysningsutrustning;Reparatörer;Butikshandel;Detaljhandel",https://www.allabolag.se/foretag/el-kraft-i-malmf%C3%A4lten-ab/malmberget/-/5567546600
"Ekströms Färghus AB",556399-1099,20701,7,"352 46 Växjö","Färger, lacker, tapeter;Golvbeläggningar;Mattor;Butikshandel;Detaljhandel;Virke och byggvaror",https://www.allabolag.se/foretag/ekstr%C3%B6ms-f%C3%A4rghus-ab/v%C3%A4xj%C3%B6/-/5563991099
"Edsbergs Möbler Aktiebolag",556235-1758,48041,14,"761 31 Norrtälje","Möbler;Butikshandel;Detaljhandel",https://www.allabolag.se/foretag/edsbergs-m%C3%B6bler-aktiebolag/norrt%C3%A4lje/-/5562351758
"Easyfront AB",559096-5744,23017,8,"113 22 Stockholm","Postorder/e-handel;Möbler, inredning, kök- och belysningsutrustning;Detaljhandel;Detaljhandel - annat",https://www.allabolag.se/foretag/easyfront-ab/stockholm/-/5590965744
"Easyform AB",556662-2220,25414,6,"426 71 Västra Frölunda","Belysningsarmatur - Komponenter;Grossister",https://www.allabolag.se/foretag/easyform-ab/v%C3%A4stra-fr%C3%B6lunda/-/5566622220
"EXIN Bygg & Inredning i Västerås Aktiebolag",556223-9011,23391,17,"721 30 Västerås","Flyttfirmor;Kontorsinredningar;Transportförmedling;Åkerier;Grossister",https://www.allabolag.se/foretag/exin-bygg-inredning-i-v%C3%A4ster%C3%A5s-aktiebolag/v%C3%A4ster%C3%A5s/-/5562239011
"ES-LJUS AB",556595-3774,34541,1,"757 54 Uppsala","Belysningsarmatur - Komponenter;Grossister",https://www.allabolag.se/foretag/es-ljus-ab/uppsala/-/5565953774
"EPEK Kontor AB",559029-3980,20128,7,"116 45 Stockholm","Datorer - Kringutrustningar;Kontorsmateriel;Möbler;Uthyrning;Butikshandel;Detaljhandel",https://www.allabolag.se/foretag/epek-kontor-ab/stockholm/-/5590293980
"Dynäs Import Aktiebolag",556034-6289,47829,4,"213 76 Malmö","Ljudanläggningar, ljusanläggningar, bildanläggningar;Grossister;Möbler, inredning, kök- och belysningsutrustning;Butikshandel;Detaljhandel",https://www.allabolag.se/foretag/dyn%C3%A4s-import-aktiebolag/malm%C3%B6/-/5560346289
"DuoLight AB",556665-5816,21517,3,"235 39 Vellinge","Belysningsarmatur - Komponenter;Grossister",https://www.allabolag.se/foretag/duolight-ab/vellinge/-/5566655816
"Dizaynia Möbler AB",556773-7530,27022,10,"213 64 Malmö","Möbler;Butikshandel;Detaljhandel",https://www.allabolag.se/foretag/dizaynia-m%C3%B6bler-ab/malm%C3%B6/-/5567737530
"Ditt andra hem AB",556850-4160,21366,8,"903 22 Umeå","Möbler;Butikshandel;Detaljhandel",https://www.allabolag.se/foretag/ditt-andra-hem-ab/ume%C3%A5/-/5568504160
"Desyt AB",556664-1535,21844,3,"411 19 Göteborg","Byggmästare;Evenemangsproduktioner;Möbler;Butikshandel;Detaljhandel",https://www.allabolag.se/foretag/desyt-ab/g%C3%B6teborg/-/5566641535
"De&W Möbler AB",556474-0461,24836,7,"831 72 Östersund","Möbler;Butikshandel;Detaljhandel",https://www.allabolag.se/foretag/dew-m%C3%B6bler-ab/%C3%B6stersund/-/5564740461
"Dasbaf Aktiebolag",556540-4661,41683,17,"216 16 Limhamn","Golvbeläggningar;Mattor;Sport;Grossister;Sport - grossist;Butikshandel;Detaljhandel",https://www.allabolag.se/foretag/dasbaf-aktiebolag/limhamn/-/5565404661
"DEBORA Örebro Interiör Aktiebolag",556233-5140,30566,6,"702 27 Örebro","Färger, lacker, tapeter;Golvbeläggningar;Mattor;Butikshandel;Detaljhandel",https://www.allabolag.se/foretag/debora-%C3%B6rebro-interi%C3%B6r-aktiebolag/%C3%B6rebro/-/5562335140
"DANSANI SWEDEN Aktiebolag",556029-5239,46298,5,"271 39 Ystad","Golvbeläggningar;Mattor;Grossister;Butikshandel;Detaljhandel",https://www.allabolag.se/foretag/dansani-sweden-aktiebolag/ystad/-/5560295239
"Cyklos AB",556830-1880,43355,6,"647 31 Mariefred","Kontorsinredningar;Grossister",https://www.allabolag.se/foretag/cyklos-ab/mariefred/-/5568301880
"Cuero Design AB",556984-2718,20569,2,"024
20 569","Belysningsarmatur - Komponenter;Grossister",https://www.allabolag.se/foretag/cuero-design-ab/stockholm/-/5569842718
"Cubea Interior Design AB",556844-6313,35609,0,"254 67 Helsingborg","Kontorsinredningar;Grossister",https://www.allabolag.se/foretag/cubea-interior-design-ab/helsingborg/-/5568446313
"Classic Collection Stockholm AB",556960-5099,26158,3,"137 69 Österhaninge","Belysningsarmatur - Komponenter;Grossister",https://www.allabolag.se/foretag/classic-collection-stockholm-ab/%C3%B6sterhaninge/-/5569605099
"Cirkulär Interiör Öresund AB",556820-4910,24490,5,"213 76 Malmö","Belysningsarmatur - Komponenter;Kontorsinredningar;Grossister",https://www.allabolag.se/foretag/cirkul%C3%A4r-interi%C3%B6r-%C3%B6resund-ab/malm%C3%B6/-/5568204910
"Calvin Uddevalla AB",559339-4967,27373,14,"455 34 Munkedal","Spel, nöjesanläggningsutrustningar;Möbler, inredning, kök- och belysningsutrustning;Butikshandel;Detaljhandel;Detaljhandel - annat",https://www.allabolag.se/foretag/calvin-uddevalla-ab/munkedal/-/5593394967
"Caleidoscope Systems Aktiebolag",556332-0919,48301,9,"252 27 Helsingborg","Belysningsarmatur;Belysningsarmatur - Komponenter;Trävaror;Undertak, undertaksarbeten;Grossister;Trä och byggvaror - grossist",https://www.allabolag.se/foretag/caleidoscope-systems-aktiebolag/helsingborg/-/5563320919
"C2 Operations AB",559337-4076,20533,13,"024
20 533","Belysningsarmatur - Komponenter;Uthyrning;Grossister;Arbetskraftstjänster",https://www.allabolag.se/foretag/c2-operations-ab/stockholm/-/5593374076
"Byggfirman Bengt Söderman AB",556586-7081,40576,13,"142 50 Skogås","Kontorsinredningar;Trävaror;Grossister;Producenter;Trävaror - produktion",https://www.allabolag.se/foretag/byggfirman-bengt-s%C3%B6derman-ab/skog%C3%A5s/-/5565867081
"ByggUppMera i Skivarp AB",556722-2095,21973,6,"274 51 Skivarp","Järnvaror;Trävaror;Grossister;Kemikalier, industrikemikaleier - grossist;Möbler, inredning, kök- och belysningsutrustning;Trä och byggvaror - grossist;Butikshandel;Detaljhandel",https://www.allabolag.se/foretag/bygguppmera-i-skivarp-ab/skivarp/-/5567222095
"Burner Sverige AB",556642-9477,21176,3,"235 32 Vellinge","Belysningsarmatur - Komponenter;Grossister",https://www.allabolag.se/foretag/burner-sverige-ab/vellinge/-/5566429477
"Bucca Studio AB",559237-9159,24023,1,"114 52 Stockholm","Arkitekter;Belysningsarmatur - Komponenter;Designers, formgivare;Byggentreprenader-Infrastruktur;Konsulter;Miljöteknik;Teknikkonsulter;Grossister",https://www.allabolag.se/foretag/bucca-studio-ab/stockholm/-/5592379159
"Bruket i Wiared AB",559297-9057,34563,20,"025
34 563","Restauranger;Textilier;Möbler, inredning, kök- och belysningsutrustning;Butikshandel;Detaljhandel",https://www.allabolag.se/foretag/bruket-i-wiared-ab/bor%C3%A5s/-/5592979057
"Bruka Design Aktiebolag",556195-4610,44192,16,"115 56 Stockholm","Belysningsarmatur - Komponenter;Grossister",https://www.allabolag.se/foretag/bruka-design-aktiebolag/stockholm/-/5561954610
"Bror Pehrssons Möbler AB",556503-0938,20801,11,"342 32 Alvesta","Fastighetsbolag, lokaler;Möbler;Butikshandel;Detaljhandel",https://www.allabolag.se/foretag/bror-pehrssons-m%C3%B6bler-ab/alvesta/-/5565030938
"Bromölla Möbelaffär Aktiebolag",556074-9045,23442,13,"371 49 Karlskrona","Möbler;Butikshandel;Detaljhandel",https://www.allabolag.se/foretag/brom%C3%B6lla-m%C3%B6belaff%C3%A4r-aktiebolag/karlskrona/-/5560749045
"Brasvärme i Norr AB",559122-6260,22793,9,"931 76 Skellefteå","Möbler, inredning, kök- och belysningsutrustning;Butikshandel;Detaljhandel",https://www.allabolag.se/foretag/brasv%C3%A4rme-i-norr-ab/skellefte%C3%A5/-/5591226260
"Boutique Tinna Aktiebolag",556214-0029,21740,7,"411 08 Göteborg","Möbler, inredning, kök- och belysningsutrustning;Butikshandel;Detaljhandel",https://www.allabolag.se/foretag/boutique-tinna-aktiebolag/g%C3%B6teborg/-/5562140029
"Bo Wahlgren i Uppsala AB",556495-8956,29022,7,"754 60 Uppsala","Hushållsmaskiner och apparater, radio, tv, cd och musikinstrument;Möbler, inredning, kök- och belysningsutrustning;Butikshandel;Detaljhandel",https://www.allabolag.se/foretag/bo-wahlgren-i-uppsala-ab/uppsala/-/5564958956
"Blå Huset i Sollentuna Aktiebolag",556608-4579,34563,14,"191 40 Sollentuna","Färger, lacker, tapeter;Golvbeläggningar;Mattor;Butikshandel;Detaljhandel",https://www.allabolag.se/foretag/bl%C3%A5-huset-i-sollentuna-aktiebolag/sollentuna/-/5566084579
"Björneröd Solskydd AB",556668-6464,26602,10,"436 32 Askim","Belysningsarmatur - Komponenter;Byggmästare;Metaller, legeringar;Grossister;Metaller, legeringar - Produktion;Producenter",https://www.allabolag.se/foretag/bj%C3%B6rner%C3%B6d-solskydd-ab/askim/-/5566686464
"Björkholms El Aktiebolag",556095-2094,23444,14,"703 84 Örebro","Byggmästare;Elinstallationer;Möbler, inredning, kök- och belysningsutrustning;Butikshandel;Detaljhandel",https://www.allabolag.se/foretag/bj%C3%B6rkholms-el-aktiebolag/%C3%B6rebro/-/5560952094
"Birklers Färg AB",556608-7929,33960,9,"245 34 Staffanstorp","Golvbeläggningar;Mattor;Butikshandel;Detaljhandel",https://www.allabolag.se/foretag/birklers-f%C3%A4rg-ab/staffanstorp/-/5566087929
"Berndts Färg Aktiebolag",556078-2640,30791,13,"582 73 Linköping","Färger, lacker, tapeter;Golvbeläggningar;Mattor;Butikshandel;Detaljhandel",https://www.allabolag.se/foretag/berndts-f%C3%A4rg-aktiebolag/link%C3%B6ping/-/5560782640
"Bergmans Möbler i Jönköping AB",556457-1049,22669,11,"553 03 Jönköping","Möbler;Butikshandel;Detaljhandel",https://www.allabolag.se/foretag/bergmans-m%C3%B6bler-i-j%C3%B6nk%C3%B6ping-ab/j%C3%B6nk%C3%B6ping/-/5564571049
"Bargi Aktiebolag",556199-9524,22431,10,"232 37 Arlöv","Belysningsarmatur - Komponenter;Ljudanläggningar, ljusanläggningar, bildanläggningar;Tvätterier;Grossister",https://www.allabolag.se/foretag/bargi-aktiebolag/arl%C3%B6v/-/5561999524
"Balzar Beskow Aktiebolag",556257-3435,39873,16,"383 32 Mönsterås","Designers, formgivare;Kontorsinredningar;Möbler;Grossister;Möbler - Produktion;Producenter",https://www.allabolag.se/foretag/balzar-beskow-aktiebolag/m%C3%B6nster%C3%A5s/-/5562573435
"BHG Premium Living Holding AB",559042-2589,36007,17,"352 50 Växjö","Postorder/e-handel;Möbler, inredning, kök- och belysningsutrustning;Butikshandel;Detaljhandel",https://www.allabolag.se/foretag/bhg-premium-living-holding-ab/v%C3%A4xj%C3%B6/-/5590422589
"BG kök & snickeri AB",559440-4559,38156,8,"931 33 Skellefteå","Belysningsarmatur - Komponenter;Kontorsinredningar;Köksinredningar;Möbler;Grossister;Hushållsmaskiner och apparater, radio, tv, cd och musikinstrument;Köksinredningar - agentur och grossist;Möbler - Produktion;Producenter;Butikshandel;Detaljhandel",https://www.allabolag.se/foretag/bg-k%C3%B6k-snickeri-ab/skellefte%C3%A5/-/5594404559
"Asta & Malva trading AB",556861-1429,22972,14,"111 21 Stockholm","Restauranger;Möbler, inredning, kök- och belysningsutrustning;Butikshandel;Detaljhandel",https://www.allabolag.se/foretag/asta-malva-trading-ab/stockholm/-/5568611429
"ArtGlass i Malmö AB",556784-3411,23069,5,"238 41 Oxie","Möbler, inredning, kök- och belysningsutrustning;Butikshandel;Detaljhandel",https://www.allabolag.se/foretag/artglass-i-malm%C3%B6-ab/oxie/-/5567843411
"Aprobo Aktiebolag",556507-2773,26533,7,"291 30 Kristianstad","Golvbeläggningar;Mattor;Butikshandel;Detaljhandel",https://www.allabolag.se/foretag/aprobo-aktiebolag/kristianstad/-/5565072773
"Antnäs och Bodensmöbelaffär AB",556492-8165,26880,12,"975 92 Luleå","Möbler;Butikshandel;Detaljhandel",https://www.allabolag.se/foretag/antn%C3%A4s-och-bodensm%C3%B6belaff%C3%A4r-ab/lule%C3%A5/-/5564928165
"Anteba Aktiebolag",556336-7662,29609,5,"694 35 Hallsberg","Möbler, inredning, kök- och belysningsutrustning;Butikshandel;Detaljhandel",https://www.allabolag.se/foretag/anteba-aktiebolag/hallsberg/-/5563367662
"Anfaco Fastighets Aktiebolag",556176-5859,21490,2,"211 20 Malmö","Möbler, inredning, kök- och belysningsutrustning;Butikshandel;Detaljhandel",https://www.allabolag.se/foretag/anfaco-fastighets-aktiebolag/malm%C3%B6/-/5561765859
"Alvhem Mäkleri och Interiör AB",556726-0749,29752,11,"413 10 Göteborg","Fastighetsmäklare;Växtservice, kontorsservice;Grossister;Möbler, inredning, kök- och belysningsutrustning;Butikshandel;Detaljhandel",https://www.allabolag.se/foretag/alvhem-m%C3%A4kleri-och-interi%C3%B6r-ab/g%C3%B6teborg/-/5567260749
"Alsberg Studio AB",556287-7794,30846,3,"118 53 Stockholm","Belysningsarmatur - Komponenter;Kontorsinredningar;Grossister",https://www.allabolag.se/foretag/alsberg-studio-ab/stockholm/-/5562877794
"Allt i Solskydd Lennart Johansson Aktiebolag",556227-7193,24873,7,"141 40 Huddinge","Textilier;Möbler, inredning, kök- och belysningsutrustning;Butikshandel;Detaljhandel",https://www.allabolag.se/foretag/allt-i-solskydd-lennart-johansson-aktiebolag/huddinge/-/5562277193
"Alfa Inredningar och Kontor AB",556349-4672,35608,10-19,"112 21 Stockholm","Kontorsinredningar;Grossister",https://www.allabolag.se/foretag/alfa-inredningar-och-kontor-ab/stockholm/-/5563494672
"Aktiebolaget Visbymöbler",556223-4970,46240,16,"621 41 Visby","Möbler;Butikshandel;Detaljhandel",https://www.allabolag.se/foretag/aktiebolaget-visbym%C3%B6bler/visby/-/5562234970
"Aktiebolaget O. Wallgård",556238-9931,47295,13,"291 54 Kristianstad","Färger, lacker, tapeter;Golvbeläggningar;Mattor;Butikshandel;Detaljhandel",https://www.allabolag.se/foretag/aktiebolaget-o.-wallg%C3%A5rd/kristianstad/-/5562389931
"Aktiebolaget Jarbells Varuhus",556144-0578,22507,8,"646 50 Björnlunda","Livsmedel;Möbler, inredning, kök- och belysningsutrustning;Butikshandel;Detaljhandel",https://www.allabolag.se/foretag/aktiebolaget-jarbells-varuhus/bj%C3%B6rnlunda/-/5561440578
"Aktiebolaget Inges El.affär",556130-3214,35907,7,"331 37 Värnamo","Möbler, inredning, kök- och belysningsutrustning;Butikshandel;Detaljhandel",https://www.allabolag.se/foretag/aktiebolaget-inges-el.aff%C3%A4r/v%C3%A4rnamo/-/5561303214
"Aktiebolaget Hellgrens Färghus",556096-8645,43982,18,"973 34 Luleå","Färger, lacker, tapeter;Golvbeläggningar;Mattor;Trävaror;Grossister;Trä och byggvaror - grossist;Butikshandel;Butikshandel -övrigt;Detaljhandel;Detaljhandel - annat",https://www.allabolag.se/foretag/aktiebolaget-hellgrens-f%C3%A4rghus/lule%C3%A5/-/5560968645
"Agromatic Nordic Heating AB",556288-0913,30216,8,"818 41 Forsbacka","Byggmästare;Elinstallationer;Möbler, inredning, kök- och belysningsutrustning;Butikshandel;Detaljhandel",https://www.allabolag.se/foretag/agromatic-nordic-heating-ab/forsbacka/-/5562880913
"Agolux AB",556892-3774,31316,6,"573 43 Tranås","Möbler, inredning, kök- och belysningsutrustning;Butikshandel;Detaljhandel",https://www.allabolag.se/foretag/agolux-ab/tran%C3%A5s/-/5568923774
"Adept Collection Aktiebolag",556497-4938,42893,5,"254 68 Helsingborg","Kontorsinredningar;Grossister",https://www.allabolag.se/foretag/adept-collection-aktiebolag/helsingborg/-/5564974938
"ABSMÅLAND Aktiebolag",556999-6464,22347,14,"211 43 Malmö","Postorder/e-handel;Textilier;Kläder, skor;Konfektion;Möbler, inredning, kök- och belysningsutrustning;Butikshandel;Detaljhandel",https://www.allabolag.se/foretag/absm%C3%A5land-aktiebolag/malm%C3%B6/-/5569996464
"AB Bredaryds Möbler",556523-2906,21362,7,"333 71 Bredaryd","Möbler;Butikshandel;Detaljhandel",https://www.allabolag.se/foretag/ab-bredaryds-m%C3%B6bler/bredaryd/-/5565232906
"A&L Dahl Agenturer AB",556202-2524,44675,9,"111 20 Stockholm","Belysningsarmatur - Komponenter;Agenturer;Golvbeläggningar;Mattor;Möbler;Grossister;Möbler, hushållsartiklar och järnvaror - agentur;Textilier - Agentur;Butikshandel;Detaljhandel",https://www.allabolag.se/foretag/al-dahl-agenturer-ab/stockholm/-/5562022524
"3eCommerce AB",559309-8949,39149,2,"603 65 Norrköping","Postorder/e-handel;Möbler, inredning, kök- och belysningsutrustning;Detaljhandel",https://www.allabolag.se/foretag/3ecommerce-ab/norrk%C3%B6ping/-/5593098949
"by Ogeborg AB",556250-6914,58932,11,"118 53 Stockholm","Belysningsarmatur - Komponenter;Trävaror;Grossister;Trä och byggvaror - grossist",https://www.allabolag.se/foretag/by-ogeborg-ab/stockholm/-/5562506914
"Zeline Accessory AB",556749-1187,55633,2,"411 32 Göteborg","Möbler;Butikshandel;Detaljhandel",https://www.allabolag.se/foretag/zeline-accessory-ab/g%C3%B6teborg/-/5567491187
"Wisest AB",559030-4530,72511,26,"573 42 Tranås","Datorer - Kringutrustningar;Datakonsulter;Konsulter;Kontorsinredningar;Grossister;Datorer och kringutrustningar - Partihandel",https://www.allabolag.se/foretag/wisest-ab/tran%C3%A5s/-/5590304530
"Vårgårda Stormarknad AB",559446-6459,92509,36,"447 37 Vårgårda","Livsmedel;Textilier;Kläder, skor;Konfektion;Möbler, inredning, kök- och belysningsutrustning;Butikshandel;Detaljhandel",https://www.allabolag.se/foretag/v%C3%A5rg%C3%A5rda-stormarknad-ab/v%C3%A5rg%C3%A5rda/-/5594466459
"Värnamo Möbler AB",556938-5999,55881,14,"331 42 Värnamo","Möbler;Butikshandel;Detaljhandel",https://www.allabolag.se/foretag/v%C3%A4rnamo-m%C3%B6bler-ab/v%C3%A4rnamo/-/5569385999
"Vesani Sweden AB",559349-9444,66356,22,"262 71 Ängelholm","Möbler;Butikshandel;Detaljhandel",https://www.allabolag.se/foretag/vesani-sweden-ab/%C3%A4ngelholm/-/5593499444
"Verna AB",556717-1953,51079,12,"254 74 Ödåkra","Belysningsarmatur - Komponenter;Köksinredningar;Textilier;Grossister;Köksinredningar - agentur och grossist;Textilier - Partihandel",https://www.allabolag.se/foretag/verna-ab/%C3%B6d%C3%A5kra/-/5567171953
"Vendite i Luleå AB",559182-8354,62516,22,"973 45 Luleå","Möbler;Butikshandel;Detaljhandel",https://www.allabolag.se/foretag/vendite-i-lule%C3%A5-ab/lule%C3%A5/-/5591828354
"Vallgatan 12 i GBG AB",556762-6832,57029,13,"411 16 Göteborg","Postorder/e-handel;Kläder, skor;Konfektion;Möbler, inredning, kök- och belysningsutrustning;Butikshandel;Detaljhandel",https://www.allabolag.se/foretag/vallgatan-12-i-gbg-ab/g%C3%B6teborg/-/5567626832
"Valley Beauty Brands AB",556933-4849,61268,32,"113 59 Stockholm","Kontorsinredningar;Grossister;Kosmetik - tillverkare och grossister;Kosmetik, parfym och frisörartiklar",https://www.allabolag.se/foretag/valley-beauty-brands-ab/stockholm/-/5569334849
"Upsala Färg Aktiebolag",556311-8685,64199,16,"753 23 Uppsala","Färger, lacker, tapeter;Golvbeläggningar;Mattor;Butikshandel;Detaljhandel",https://www.allabolag.se/foretag/upsala-f%C3%A4rg-aktiebolag/uppsala/-/5563118685
"Tiffany & Co. Sweden AB",559314-1566,55752,7,"111 45 Stockholm","Guld, silver, ädelstenar;Klockor, ur;Kosmetik, parfym och frisörartiklar;Möbler, inredning, kök- och belysningsutrustning;Urmakare;Butikshandel;Detaljhandel",https://www.allabolag.se/foretag/tiffany-co.-sweden-ab/stockholm/-/5593141566
"Tiberg Interiör AB",559040-8604,70390,22,"414 63 Göteborg","Möbler;Butikshandel;Detaljhandel",https://www.allabolag.se/foretag/tiberg-interi%C3%B6r-ab/g%C3%B6teborg/-/5590408604
"Tehuset Java Aktiebolag",556311-4957,62416,26,"223 51 Lund","Postorder/e-handel;Livsmedel;Grossister;Kaffe och te - agenturer;Möbler, inredning, kök- och belysningsutrustning;Butikshandel;Detaljhandel;Detaljhandel - annat;Blommor, växter och tillbehör",https://www.allabolag.se/foretag/tehuset-java-aktiebolag/lund/-/5563114957
"Team Tejbrant Aktiebolag",556218-9497,52202,6,"187 66 Täby","Belysningsarmatur - Komponenter;Ljudanläggningar, ljusanläggningar, bildanläggningar;Trävaror;Grossister;Trä och byggvaror - grossist",https://www.allabolag.se/foretag/team-tejbrant-aktiebolag/t%C3%A4by/-/5562189497
"Talangjägarna Sverige AB",556769-6959,99225,96,"187 70 Täby","Finansbolag, finansiella tjänster;Uthyrning;Värdepappershandel;Möbler, inredning, kök- och belysningsutrustning;Butikshandel;Detaljhandel;Arbetskraftstjänster",https://www.allabolag.se/foretag/talangj%C3%A4garna-sverige-ab/t%C3%A4by/-/5567696959
"Söve AB",556716-6904,76554,9,"421 31 Västra Frölunda","Byggmästare;Kontorsinredningar;Sport;Grossister;Sport - grossist",https://www.allabolag.se/foretag/s%C3%B6ve-ab/v%C3%A4stra-fr%C3%B6lunda/-/5567166904
"Sängfabriken 111 AB",556990-9418,62769,12,"731 60 Valskog","Möbler;Butikshandel;Detaljhandel",https://www.allabolag.se/foretag/s%C3%A4ngfabriken-111-ab/valskog/-/5569909418
"Svenska Neptun Aktiebolag",556425-5486,54026,6,"254 64 Helsingborg","Belysningsarmatur - Komponenter;Trävaror;Grossister;Trä och byggvaror - grossist",https://www.allabolag.se/foretag/svenska-neptun-aktiebolag/helsingborg/-/5564255486
"Svenska Folkhemmet Möbler & Inredning AB",556773-4891,87008,21,"187 66 Täby","Möbler;Möbler, inredning, kök- och belysningsutrustning;Butikshandel;Detaljhandel",https://www.allabolag.se/foretag/svenska-folkhemmet-m%C3%B6bler-inredning-ab/t%C3%A4by/-/5567734891
"Svenska DecoSteel Försäljnings AB",556773-2812,75796,7,"314 91 Hyltebruk","Köksinredningar;Butikshandel;Detaljhandel;Virke och byggvaror",https://www.allabolag.se/foretag/svenska-decosteel-f%C3%B6rs%C3%A4ljnings-ab/hyltebruk/-/5567732812
"Svea nu AB",556371-3881,55437,9,"581 13 Linköping","Belysningsarmatur - Komponenter;Byggmästare;Maskinförnödenheter;Grossister",https://www.allabolag.se/foretag/svea-nu-ab/link%C3%B6ping/-/5563713881
"Stockholm Lighting Company Aktiebolag",556315-1561,51662,19,"112 35 Stockholm","Belysningsarmatur - Komponenter;Uthyrning;Grossister;Möbler, inredning, kök- och belysningsutrustning;Butikshandel;Detaljhandel",https://www.allabolag.se/foretag/stockholm-lighting-company-aktiebolag/stockholm/-/5563151561
"Sonnelids Möbler Aktiebolag",556080-1382,96284,26,"652 25 Karlstad","Möbler;Butikshandel;Detaljhandel",https://www.allabolag.se/foretag/sonnelids-m%C3%B6bler-aktiebolag/karlstad/-/5560801382
"Slettvoll Stockholm AB",556758-0310,62091,13,"111 53 Stockholm","Möbler;Butikshandel;Detaljhandel",https://www.allabolag.se/foretag/slettvoll-stockholm-ab/stockholm/-/5567580310
"Scapa Inter AB",556559-3984,64049,21,"342 32 Alvesta","Belysningsarmatur - Komponenter;Möbler;Grossister;Möbler - Produktion;Producenter",https://www.allabolag.se/foretag/scapa-inter-ab/alvesta/-/5565593984
"SITEK Snickeri & Inredningsteknik AB",556622-6915,54826,7,"415 05 Göteborg","Kontorsinredningar;Grossister",https://www.allabolag.se/foretag/sitek-snickeri-inredningsteknik-ab/g%C3%B6teborg/-/5566226915
"SA Möbler Aktiebolag",556213-3362,56889,37,"543 34 Tibro","Butiksinredningar, butiksutrustningar;Kontorsinredningar;Möbler;Grossister;Möbler - Produktion;Producenter",https://www.allabolag.se/foretag/sa-m%C3%B6bler-aktiebolag/tibro/-/5562133362
"Ronnie Bergdahls försäljnings AB",556455-3336,62706,17,"582 78 Linköping","Möbler, inredning, kök- och belysningsutrustning;Butikshandel;Detaljhandel",https://www.allabolag.se/foretag/ronnie-bergdahls-f%C3%B6rs%C3%A4ljnings-ab/link%C3%B6ping/-/5564553336
"Recycling Partner RP AB",556653-3278,57377,26,"131 76 Nacka","Datorer - Kringutrustningar;Kontorsinredningar;Möbler;Uthyrning;Grossister;Butikshandel;Detaljhandel",https://www.allabolag.se/foretag/recycling-partner-rp-ab/nacka/-/5566533278
"RW Trading AB",559198-1369,67754,9,"861 36 Timrå","Belysningsarmatur - Komponenter;Grossister",https://www.allabolag.se/foretag/rw-trading-ab/timr%C3%A5/-/5591981369
"Printworks Sweden AB",556314-2347,71704,19,"111 45 Stockholm","Postorder/e-handel;Möbler;Spel, nöjesanläggningsutrustningar;Möbler, inredning, kök- och belysningsutrustning;Producenter;Spel, nöjesanläggningsutrustningar - tillverkning;Butikshandel;Detaljhandel",https://www.allabolag.se/foretag/printworks-sweden-ab/stockholm/-/5563142347
"Primetex AB",556253-3819,81775,47,"603 63 Norrköping","Byggmästare;Textilier;Grossister;Möbler, inredning, kök- och belysningsutrustning;Producenter;Textilier - Partihandel;Textilier - Produktion;Butikshandel;Detaljhandel",https://www.allabolag.se/foretag/primetex-ab/norrk%C3%B6ping/-/5562533819
"Paradox museum Stockholm AB",556781-0576,54707,18,"111 57 Stockholm","Möbler, inredning, kök- och belysningsutrustning;Butikshandel;Detaljhandel",https://www.allabolag.se/foretag/paradox-museum-stockholm-ab/stockholm/-/5567810576
"Orderinvest AB",556261-7406,51684,12,"291 54 Kristianstad","Belysningsarmatur - Komponenter;Kontorsinredningar;Maskinförnödenheter;Grossister;Insatsvaror;Insatsvaror - grossister",https://www.allabolag.se/foretag/orderinvest-ab/kristianstad/-/5562617406
"Oppunda El Aktiebolag",556456-8797,98458,51,"641 49 Katrineholm","Bevakningsföretag;Byggmästare;Elinstallationer;Hushållsmaskiner och apparater, radio, tv, cd och musikinstrument;Möbler, inredning, kök- och belysningsutrustning;Butikshandel;Detaljhandel",https://www.allabolag.se/foretag/oppunda-el-aktiebolag/katrineholm/-/5564568797
"Nordlux Sverige AB",559063-0215,50026,4,"024
50 026","Möbler, inredning, kök- och belysningsutrustning;Butikshandel;Detaljhandel",https://www.allabolag.se/foretag/nordlux-sverige-ab/str%C3%B6mstad/-/5590630215
"Nordiska möbler i broby AB",559199-1103,70166,10,"289 93 Broby","Postorder/e-handel;Möbler;Möbler, inredning, kök- och belysningsutrustning;Butikshandel;Detaljhandel",https://www.allabolag.se/foretag/nordiska-m%C3%B6bler-i-broby-ab/broby/-/5591991103
"Nordiska Galleriet Göteborg AB",556615-0545,70445,13,"114 37 Stockholm","Möbler;Butikshandel;Detaljhandel",https://www.allabolag.se/foretag/nordiska-galleriet-g%C3%B6teborg-ab/stockholm/-/5566150545
"Nola Industrier Aktiebolag",556207-4442,86155,22,"118 56 Stockholm","Kontorsinredningar;Möbler;Grossister",https://www.allabolag.se/foretag/nola-industrier-aktiebolag/stockholm/-/5562074442
"Nilssons Möbler i Svedala Aktiebolag",556310-4586,53671,18,"233 35 Svedala","Möbler;Butikshandel;Detaljhandel",https://www.allabolag.se/foretag/nilssons-m%C3%B6bler-i-svedala-aktiebolag/svedala/-/5563104586
"Nils Lindman Aktiebolag",556132-5084,51730,16,"112 30 Stockholm","Golvbeläggningar;Mattor;Textilier;Möbler, inredning, kök- och belysningsutrustning;Butikshandel;Detaljhandel",https://www.allabolag.se/foretag/nils-lindman-aktiebolag/stockholm/-/5561325084
"Newport In & Exterior Downtown Aktiebolag",556629-2602,54782,19,"111 47 Stockholm","Möbler;Butikshandel;Detaljhandel",https://www.allabolag.se/foretag/newport-in-exterior-downtown-aktiebolag/stockholm/-/5566292602
"NC Nordic Care AB",556249-9177,79707,14,"615 95 Valdemarsvik","Belysningsarmatur - Komponenter;Möbler;Grossister;Möbler - Produktion;Producenter",https://www.allabolag.se/foretag/nc-nordic-care-ab/valdemarsvik/-/5562499177
"Möbler och Slöjd i Uppsala Aktiebolag",556309-1726,62450,22,"754 50 Uppsala","Möbler;Butikshandel;Detaljhandel",https://www.allabolag.se/foretag/m%C3%B6bler-och-sl%C3%B6jd-i-uppsala-aktiebolag/uppsala/-/5563091726
"Möbler i halländsk hemmiljö AB",556740-4644,69902,18,"333 33 Smålandsstenar","Möbler;Butikshandel;Detaljhandel",https://www.allabolag.se/foretag/m%C3%B6bler-i-hall%C3%A4ndsk-hemmilj%C3%B6-ab/sm%C3%A5landsstenar/-/5567404644
"Möbelcenter i Trollhättan AB",559378-2757,69617,23,"461 50 Trollhättan","Möbler;Butikshandel;Detaljhandel",https://www.allabolag.se/foretag/m%C3%B6belcenter-i-trollh%C3%A4ttan-ab/trollh%C3%A4ttan/-/5593782757
"Mässbolaget Butik i Tranås AB",559044-9004,69410,21,"573 38 Tranås","Kontorsinredningar;Grossister",https://www.allabolag.se/foretag/m%C3%A4ssbolaget-butik-i-tran%C3%A5s-ab/tran%C3%A5s/-/5590449004
"My Window AB",556535-5020,87036,29,"114 59 Stockholm","Belysningsarmatur - Komponenter;Lager;Grossister",https://www.allabolag.se/foretag/my-window-ab/stockholm/-/5565355020
"Modernity Stockholm AB",556662-6718,52458,6,"114 42 Stockholm","Möbler;Butikshandel;Detaljhandel",https://www.allabolag.se/foretag/modernity-stockholm-ab/stockholm/-/5566626718
"Mockfjärds BioBränsle AB",556486-3032,56209,9,"785 42 Mockfjärd","Trävaror;Möbler, inredning, kök- och belysningsutrustning;Producenter;Trävaror - produktion;Butikshandel;Detaljhandel",https://www.allabolag.se/foretag/mockfj%C3%A4rds-biobr%C3%A4nsle-ab/mockfj%C3%A4rd/-/5564863032
"Miljöbelysning Sweden AB",556888-0651,67321,18,"187 66 Täby","Belysningsarmatur;Belysningsarmatur - Komponenter;Möbler, inredning, kök- och belysningsutrustning;Butikshandel;Detaljhandel",https://www.allabolag.se/foretag/milj%C3%B6belysning-sweden-ab/t%C3%A4by/-/5568880651
"Matting Aktiebolag",556151-1907,68683,22,"441 39 Alingsås","Belysningsarmatur - Komponenter;Grossister",https://www.allabolag.se/foretag/matting-aktiebolag/alings%C3%A5s/-/5561511907
"Mattbolaget i Borås AB",556459-5162,77163,12,"504 62 Borås","Belysningsarmatur - Komponenter;Grossister",https://www.allabolag.se/foretag/mattbolaget-i-bor%C3%A5s-ab/bor%C3%A5s/-/5564595162
"Markslöjd Aktiebolag",556087-6111,82016,6,"511 62 Skene","Belysningsarmatur - Komponenter;Grossister",https://www.allabolag.se/foretag/marksl%C3%B6jd-aktiebolag/skene/-/5560876111
"Malmstolen Aktiebolag",556194-7846,99305,11,"431 44 Mölndal","Finansbolag, finansiella tjänster;Kontorsinredningar;Värdepappershandel;Grossister",https://www.allabolag.se/foretag/malmstolen-aktiebolag/m%C3%B6lndal/-/5561947846
"MK Illumination AB",556481-7806,62503,22,"212 41 Malmö","Belysningsarmatur - Komponenter;Konferensarrangörer;Ljudanläggningar, ljusanläggningar, bildanläggningar;Grossister",https://www.allabolag.se/foretag/mk-illumination-ab/malm%C3%B6/-/5564817806
"MILJÖGÅRDENS MÖBLER Aktiebolag",556246-4908,75291,22,"227 61 Lund","Möbler;Butikshandel;Detaljhandel",https://www.allabolag.se/foretag/milj%C3%B6g%C3%A5rdens-m%C3%B6bler-aktiebolag/lund/-/5562464908
"Ljudcenter i Halmstad Aktiebolag",556208-2601,54076,38,"302 41 Halmstad","Byggmästare;Elinstallationer;Konsulter;Radio TV, video;Teknikkonsulter;Hushållsmaskiner och apparater, radio, tv, cd och musikinstrument;Möbler, inredning, kök- och belysningsutrustning;Butikshandel;Detaljhandel",https://www.allabolag.se/foretag/ljudcenter-i-halmstad-aktiebolag/halmstad/-/5562082601
"Linköpings Prima Golv & Kakel AB",556929-9810,51708,30,"582 78 Linköping","Byggmästare;Golvbeläggningar;Mattor;Butikshandel;Detaljhandel",https://www.allabolag.se/foretag/link%C3%B6pings-prima-golv-kakel-ab/link%C3%B6ping/-/5569299810
"Line Textile Möbler AB",559116-1319,84145,20,"151 66 Södertälje","Belysningsarmatur - Komponenter;Fastighetsbolag, lokaler;Möbler;Textilier;Grossister;Möbler, inredning, kök- och belysningsutrustning;Textilier - Partihandel;Butikshandel;Detaljhandel",https://www.allabolag.se/foretag/line-textile-m%C3%B6bler-ab/s%C3%B6dert%C3%A4lje/-/5591161319
"Lindahls Möbler AB",556873-5921,61823,20,"372 73 Ronneby","Företagsutveckling;Möbler;Parkanläggningar;Butikshandel;Detaljhandel",https://www.allabolag.se/foretag/lindahls-m%C3%B6bler-ab/ronneby/-/5568735921
"Ledson Lights AB",556740-5443,93795,31,"265 38 Åstorp","Belysningsarmatur - Komponenter;Bilar;Bilreservdelar;Grossister;Detaljhandel",https://www.allabolag.se/foretag/ledson-lights-ab/%C3%A5storp/-/5567405443
"Layered AB",556618-2944,70959,20,"114 51 Stockholm","Belysningsarmatur - Komponenter;Golvbeläggningar;Postorder/e-handel;Mattor;Möbler;Grossister;Butikshandel;Detaljhandel;Detaljhandel - annat",https://www.allabolag.se/foretag/layered-ab/stockholm/-/5566182944
"Lammhults Möbel Aktiebolag",556058-2602,95362,41,"363 45 Lammhult","Kontorsinredningar;Möbler;Grossister;Möbler - Produktion;Producenter",https://www.allabolag.se/foretag/lammhults-m%C3%B6bel-aktiebolag/lammhult/-/5560582602
"LUSINI Scandinavia AB",556695-9234,89406,17,"211 22 Malmö","Postorder/e-handel;Möbler, inredning, kök- och belysningsutrustning;Detaljhandel",https://www.allabolag.se/foretag/lusini-scandinavia-ab/malm%C3%B6/-/5566959234
"L N färg och tapetbutik AB",556930-6722,93781,7,"024
93 781","Färger, lacker, tapeter;Postorder/e-handel;Mattor;Läder, skor, inredning, reseeffekter och textilier;Butikshandel;Detaljhandel",https://www.allabolag.se/foretag/l-n-f%C3%A4rg-och-tapetbutik-ab/t%C3%A4by/-/5569306722
"Kontorsspecial Förbrukning Småland AB",556477-3397,90075,35,"574 38 Vetlanda","Kontorsinredningar;Möbler;Grossister;Reseeffekter;Butikshandel;Detaljhandel",https://www.allabolag.se/foretag/kontorsspecial-f%C3%B6rbrukning-sm%C3%A5land-ab/vetlanda/-/5564773397
"Kitchenlab AB",556785-6199,63470,11,"114 20 Stockholm","Postorder/e-handel;Möbler, inredning, kök- och belysningsutrustning;Detaljhandel",https://www.allabolag.se/foretag/kitchenlab-ab/stockholm/-/5567856199
"Kinnarps i Örebro AB",556650-1820,51624,12,"702 23 Örebro","Agenturer;Kontorsinredningar;Grossister;Möbler, hushållsartiklar och järnvaror - agentur",https://www.allabolag.se/foretag/kinnarps-i-%C3%B6rebro-ab/%C3%B6rebro/-/5566501820
"Kinnarps Gävle/Dalarna AB",556625-0733,63200,15,"791 55 Falun","Kontorsinredningar;Grossister",https://www.allabolag.se/foretag/kinnarps-g%C3%A4vledalarna-ab/falun/-/5566250733
"Kila Möbler AB",556165-5324,50961,15,"611 90 Ålberga","Postorder/e-handel;Möbler;Möbler, inredning, kök- och belysningsutrustning;Butikshandel;Detaljhandel",https://www.allabolag.se/foretag/kila-m%C3%B6bler-ab/%C3%A5lberga/-/5561655324
"KFL Trading AB",556887-7350,62744,12,"231 62 Trelleborg","Postorder/e-handel;Möbler, inredning, kök- och belysningsutrustning;Detaljhandel",https://www.allabolag.se/foretag/kfl-trading-ab/trelleborg/-/5568877350
"KA Skjutdörrar AB",556820-6030,65740,3,"024
65 740","Belysningsarmatur - Komponenter;Grossister",https://www.allabolag.se/foretag/ka-skjutd%C3%B6rrar-ab/-/-/5568206030
"Jubels Golv AB",556012-9628,51303,26,"531 40 Lidköping","Byggmästare;Golvbeläggningar;Mattor;Butikshandel;Detaljhandel",https://www.allabolag.se/foretag/jubels-golv-ab/lidk%C3%B6ping/-/5560129628
"JS Energi AB",556998-5830,85791,39,"254 68 Helsingborg","Byggmästare;Postorder/e-handel;Möbler, inredning, kök- och belysningsutrustning;Detaljhandel;Detaljhandel - annat",https://www.allabolag.se/foretag/js-energi-ab/helsingborg/-/5569985830
"Inventia Inredningsbyrån AB",556400-1542,74846,9,"120 63 Stockholm","Arkitekter;Belysningsarmatur - Komponenter;Designers, formgivare;Kontorsinredningar;Grossister",https://www.allabolag.se/foretag/inventia-inredningsbyr%C3%A5n-ab/stockholm/-/5564001542
"Instore Agency of Scandinavia AB",556710-7585,67212,13,"531 55 Lidköping","Belysningsarmatur - Komponenter;Kontorsinredningar;Ljudanläggningar, ljusanläggningar, bildanläggningar;Grossister;Gummi och plastprodukter - tillverkning;Insatsvaror;Insatsvaror - grossister;Producenter",https://www.allabolag.se/foretag/instore-agency-of-scandinavia-ab/lidk%C3%B6ping/-/5567107585
"Inredningshuset Uppland AB",556624-9826,55838,9,"754 50 Uppsala","Agenturer;Kontorsinredningar;Möbler;Textilier;Grossister;Möbler, hushållsartiklar och järnvaror - agentur;Möbler, inredning, kök- och belysningsutrustning;Butikshandel;Detaljhandel",https://www.allabolag.se/foretag/inredningshuset-uppland-ab/uppsala/-/5566249826
"Inredningshuset Södertörn AB",556619-2539,67107,12,"151 65 Södertälje","Möbler;Butikshandel;Detaljhandel",https://www.allabolag.se/foretag/inredningshuset-s%C3%B6dert%C3%B6rn-ab/s%C3%B6dert%C3%A4lje/-/5566192539
"Inredningshuset Ossmin Aktiebolag",556199-4533,79872,10,"582 73 Linköping","Möbler;Butikshandel;Detaljhandel",https://www.allabolag.se/foretag/inredningshuset-ossmin-aktiebolag/link%C3%B6ping/-/5561994533
"Inredningshuset Mälardalen AB",556631-4869,76434,25,"721 30 Västerås","Kontorsinredningar;Grossister",https://www.allabolag.se/foretag/inredningshuset-m%C3%A4lardalen-ab/v%C3%A4ster%C3%A5s/-/5566314869
"Input interiör Öst Aktiebolag",556319-5030,94512,18,"582 73 Linköping","Kontorsinredningar;Grossister",https://www.allabolag.se/foretag/input-interi%C3%B6r-%C3%B6st-aktiebolag/link%C3%B6ping/-/5563195030
"Input Interiör Småland Aktiebolag",556154-1763,87019,11,"421 30 Västra Frölunda","Kontorsinredningar;Grossister",https://www.allabolag.se/foretag/input-interi%C3%B6r-sm%C3%A5land-aktiebolag/v%C3%A4stra-fr%C3%B6lunda/-/5561541763
"Infurn Contract Aktiebolag",556467-9693,73227,10,"115 26 Stockholm","Belysningsarmatur - Komponenter;Grossister",https://www.allabolag.se/foretag/infurn-contract-aktiebolag/stockholm/-/5564679693
"InHouse Group Sverige AB",556007-5011,52655,13,"361 31 Emmaboda","Belysningsarmatur - Komponenter;Grossister",https://www.allabolag.se/foretag/inhouse-group-sverige-ab/emmaboda/-/5560075011
"In & Finn Scandinavien AB",556072-8528,86345,41,"177 38 Järfälla","Lager;Möbler, inredning, kök- och belysningsutrustning;Butikshandel;Detaljhandel",https://www.allabolag.se/foretag/in-finn-scandinavien-ab/j%C3%A4rf%C3%A4lla/-/5560728528
"Illums Sverige AB",556813-5387,98406,0,"215 32 Malmö","Möbler;Möbler, inredning, kök- och belysningsutrustning;Butikshandel;Detaljhandel",https://www.allabolag.se/foretag/illums-sverige-ab/malm%C3%B6/-/5568135387
"IEMS AB",556394-1151,58875,31,"411 07 Göteborg","Möbler, inredning, kök- och belysningsutrustning;Butikshandel;Detaljhandel",https://www.allabolag.se/foretag/iems-ab/g%C3%B6teborg/-/5563941151
"Hästens Sängar Aktiebolag",556052-6377,66442,3,"731 36 Köping","Belysningsarmatur - Komponenter;Grossister",https://www.allabolag.se/foretag/h%C3%A4stens-s%C3%A4ngar-aktiebolag/k%C3%B6ping/-/5560526377
"Hulténs i Sverige AB",556920-4836,81790,21,"245 34 Staffanstorp","Möbler;Butikshandel;Detaljhandel",https://www.allabolag.se/foretag/hult%C3%A9ns-i-sverige-ab/staffanstorp/-/5569204836
"Hotel Concept Sverige AB",559127-0748,72790,5,"451 55 Uddevalla","Byggmästare;Kontorsinredningar;Snickeriarbeten;Grossister",https://www.allabolag.se/foretag/hotel-concept-sverige-ab/uddevalla/-/5591270748
"Himla Aktiebolag",556396-6612,63679,28,"752 28 Uppsala","Textilier;Grossister;Möbler, inredning, kök- och belysningsutrustning;Textilier - Partihandel;Butikshandel;Detaljhandel",https://www.allabolag.se/foretag/himla-aktiebolag/uppsala/-/5563966612
"Hillerstorps Trä Aktiebolag",556189-2976,76506,16,"335 73 Hillerstorp","Belysningsarmatur - Komponenter;Grossister",https://www.allabolag.se/foretag/hillerstorps-tr%C3%A4-aktiebolag/hillerstorp/-/5561892976
"Herrljunga Terrazzo design AB",556240-0738,54783,0,"524 31 Herrljunga","Golvbeläggningar;Mattor;Butikshandel;Detaljhandel",https://www.allabolag.se/foretag/herrljunga-terrazzo-design-ab/herrljunga/-/5562400738
"Hermelin Bygg AB",559127-1696,65458,4,"024
65 458","Belysningsarmatur - Komponenter;Byggmästare;Grossister",https://www.allabolag.se/foretag/hermelin-bygg-ab/stockholm/-/5591271696
"Hayder AB",559071-9083,73683,16,"602 25 Norrköping","Livsmedel;Möbler, inredning, kök- och belysningsutrustning;Butikshandel;Detaljhandel",https://www.allabolag.se/foretag/hayder-ab/norrk%C3%B6ping/-/5590719083
"HTH Kungens Kurva AB",556884-7726,51109,9,"141 75 Kungens Kurva","Köksinredningar;Butikshandel;Detaljhandel;Virke och byggvaror",https://www.allabolag.se/foretag/hth-kungens-kurva-ab/kungens-kurva/-/5568847726
"Gärsnäs Aktiebolag",556044-4746,67281,28,"272 61 Gärsnäs","Belysningsarmatur - Komponenter;Butiksinredningar, butiksutrustningar;Elektronik - Systemkomponenter;Kontorsinredningar;Möbler;Elektronik - Tillverkning;Grossister;Möbler - Produktion;Producenter",https://www.allabolag.se/foretag/g%C3%A4rsn%C3%A4s-aktiebolag/g%C3%A4rsn%C3%A4s/-/5560444746
"Guldstaden Möbler AB",559400-7105,70099,16,"931 37 Skellefteå","Möbler;Butikshandel;Detaljhandel",https://www.allabolag.se/foretag/guldstaden-m%C3%B6bler-ab/skellefte%C3%A5/-/5594007105
"Gregarts Möbler Aktiebolag",556291-1825,78145,27,"451 75 Uddevalla","Möbler;Textilier;Möbler, inredning, kök- och belysningsutrustning;Butikshandel;Detaljhandel",https://www.allabolag.se/foretag/gregarts-m%C3%B6bler-aktiebolag/uddevalla/-/5562911825
"Green Furniture Concept AB",556737-4748,76461,16,"211 20 Malmö","Designers, formgivare;Kontorsinredningar;Industridesigners;Möbler;Grossister;Möbler - Produktion;Producenter",https://www.allabolag.se/foretag/green-furniture-concept-ab/malm%C3%B6/-/5567374748
"Golvet HFV AB",556092-5678,54057,35,"424 69 Angered","Byggmästare;Golvbeläggningar;Mattor;Butikshandel;Detaljhandel",https://www.allabolag.se/foretag/golvet-hfv-ab/angered/-/5560925678
"Fyrklövern Aktiebolag",556187-0626,89663,34,"211 20 Malmö","Postorder/e-handel;Möbler, inredning, kök- och belysningsutrustning;Detaljhandel",https://www.allabolag.se/foretag/fyrkl%C3%B6vern-aktiebolag/malm%C3%B6/-/5561870626
"Fricks Möbler Eftr. Aktiebolag",556245-5955,56656,17,"531 40 Lidköping","Möbler;Butikshandel;Detaljhandel",https://www.allabolag.se/foretag/fricks-m%C3%B6bler-eftr.-aktiebolag/lidk%C3%B6ping/-/5562455955
"Fredag Handel AB",556963-6755,50887,16,"421 32 Västra Frölunda","Postorder/e-handel;Möbler, inredning, kök- och belysningsutrustning;Butikshandel;Detaljhandel;Detaljhandel - annat",https://www.allabolag.se/foretag/fredag-handel-ab/v%C3%A4stra-fr%C3%B6lunda/-/5569636755
"Fox Belysning AB",556254-1960,61367,10,"126 26 Hägersten","Belysningsarmatur - Komponenter;Elektronik - Systemkomponenter;Elektronik - Tillverkning;Grossister;Producenter",https://www.allabolag.se/foretag/fox-belysning-ab/h%C3%A4gersten/-/5562541960
"FRESCO AB",556768-4575,59840,10,"703 65 Örebro","Byggmästare;Kontorsinredningar;Snickeriarbeten;Grossister",https://www.allabolag.se/foretag/fresco-ab/%C3%B6rebro/-/5567684575
"Expolinc AB",556277-5303,58515,14,"163 44 Spånga","Kontorsinredningar;Maskinförnödenheter;Grossister",https://www.allabolag.se/foretag/expolinc-ab/sp%C3%A5nga/-/5562775303
"Englesson Sverige Aktiebolag",556262-4642,63881,12,"182 62 Djursholm","Belysningsarmatur - Komponenter;Möbler;Grossister;Möbler - Produktion;Producenter",https://www.allabolag.se/foretag/englesson-sverige-aktiebolag/djursholm/-/5562624642
"Elman-butikerna i Västerås och Köping AB",556385-5864,67322,17,"731 50 Köping","Möbler, inredning, kök- och belysningsutrustning;Butikshandel;Detaljhandel",https://www.allabolag.se/foretag/elman-butikerna-i-v%C3%A4ster%C3%A5s-och-k%C3%B6ping-ab/k%C3%B6ping/-/5563855864
"Elit Golv Norr AB",556211-5740,72104,43,"853 50 Sundsvall","Byggmästare;Golvbeläggningar;Mattor;Butikshandel;Detaljhandel",https://www.allabolag.se/foretag/elit-golv-norr-ab/sundsvall/-/5562115740
"Ekeby Möbler Aktiebolag",556310-2184,89730,36,"267 76 Ekeby","Möbler;Restauranger;Butikshandel;Detaljhandel",https://www.allabolag.se/foretag/ekeby-m%C3%B6bler-aktiebolag/ekeby/-/5563102184
"Ecolux AB",556187-4214,76394,28,"265 38 Åstorp","Belysningsarmatur - Komponenter;Elektronik - Systemkomponenter;Elektronik - Tillverkning;Grossister;Producenter",https://www.allabolag.se/foretag/ecolux-ab/%C3%A5storp/-/5561874214
"E. Svenssons i Lammhult Aktiebolag",556075-2577,59487,31,"363 44 Lammhult","Möbler;Butikshandel;Detaljhandel",https://www.allabolag.se/foretag/e.-svenssons-i-lammhult-aktiebolag/lammhult/-/5560752577
"Duro Sweden Aktiebolag",556342-0958,66806,27,"806 28 Gävle","Belysningsarmatur - Komponenter;Färger, lacker, tapeter;Pappersvaror;Plaster- Helfabrikat, beställningsarbeten;Grossister;Pappersvaror - Produktion;Producenter",https://www.allabolag.se/foretag/duro-sweden-aktiebolag/g%C3%A4vle/-/5563420958
"Djurgårdens Fotboll Försäljning AB",556531-5701,50971,3,"115 41 Stockholm","Medieförmedling;Reklambyråer;Möbler, inredning, kök- och belysningsutrustning;Nöjesparker;Butikshandel;Detaljhandel",https://www.allabolag.se/foretag/djurg%C3%A5rdens-fotboll-f%C3%B6rs%C3%A4ljning-ab/stockholm/-/5565315701
"Direktlaminat Aktiebolag",556210-0205,89849,41,"342 93 Hjortsberga","Belysningsarmatur - Komponenter;Möbler;Grossister;Möbler - Produktion;Producenter",https://www.allabolag.se/foretag/direktlaminat-aktiebolag/hjortsberga/-/5562100205
"Design House Stockholm AB",556442-4611,61929,20,"118 46 Stockholm","Designers, formgivare;Industridesigners;Lager;Möbler, inredning, kök- och belysningsutrustning;Butikshandel;Detaljhandel",https://www.allabolag.se/foretag/design-house-stockholm-ab/stockholm/-/5564424611
"Cheil Nordic AB",556932-8403,62451,22,"164 40 Kista","Arkitekter;Designers, formgivare;Reklambyråer;Textilier;Möbler, inredning, kök- och belysningsutrustning;Butikshandel;Detaljhandel",https://www.allabolag.se/foretag/cheil-nordic-ab/kista/-/5569328403
"CA Development AB",559096-9571,78978,29,"212 25 Malmö","Möbler;Möbler - Produktion;Producenter;Butikshandel;Detaljhandel",https://www.allabolag.se/foretag/ca-development-ab/malm%C3%B6/-/5590969571
"Bädd & Bad Aktiebolag",556127-2302,54288,11,"254 64 Helsingborg","Belysningsarmatur - Komponenter;Hushållsutrustningar, vitvaror;Ljudanläggningar, ljusanläggningar, bildanläggningar;Textilier;Grossister;Hushållsutrustningar, vitvaror - grossister;Kosmetik - tillverkare och grossister;Kosmetik, parfym och frisörartiklar;Textilier - Partihandel",https://www.allabolag.se/foretag/b%C3%A4dd-bad-aktiebolag/helsingborg/-/5561272302
"Bra Sommarmöbler i Göteborg AB",556528-8874,71957,11,"417 55 Göteborg","Möbler;Butikshandel;Detaljhandel",https://www.allabolag.se/foretag/bra-sommarm%C3%B6bler-i-g%C3%B6teborg-ab/g%C3%B6teborg/-/5565288874
"Bloms Möbler i Piteå Aktiebolag",556445-7025,63452,20,"943 36 Öjebyn","Möbler;Butikshandel;Detaljhandel",https://www.allabolag.se/foretag/bloms-m%C3%B6bler-i-pite%C3%A5-aktiebolag/%C3%B6jebyn/-/5564457025
"Björn Jansson Livsmedel Aktiebolag",556469-2357,80072,27,"447 37 Vårgårda","Livsmedel;Textilier;Kläder, skor;Konfektion;Möbler, inredning, kök- och belysningsutrustning;Butikshandel;Detaljhandel",https://www.allabolag.se/foretag/bj%C3%B6rn-jansson-livsmedel-aktiebolag/v%C3%A5rg%C3%A5rda/-/5564692357
"BeslagOnline i Båstad AB",559023-4430,53164,0,"024
53 164","Badrumsinredningar, badrumsrenoveringar;Beslag;Järnvaror;Inredningar;Postorder/e-handel;Möbler, inredning, kök- och belysningsutrustning;Detaljhandel",https://www.allabolag.se/foretag/beslagonline-i-b%C3%A5stad-ab/b%C3%A5stad/-/5590234430
"Bergslagens Golvservice Aktiebolag",556238-6747,58872,31,"771 42 Ludvika","Byggmästare;Golvbeläggningar;Mattor;Butikshandel;Detaljhandel",https://www.allabolag.se/foretag/bergslagens-golvservice-aktiebolag/ludvika/-/5562386747
"Belab Elbutik AB",556594-1126,83719,26,"113 50 Stockholm","Hushållsmaskiner och apparater, radio, tv, cd och musikinstrument;Möbler, inredning, kök- och belysningsutrustning;Butikshandel;Detaljhandel",https://www.allabolag.se/foretag/belab-elbutik-ab/stockholm/-/5565941126
"Atlantis Aktiebolag",556211-4073,63552,37,"186 40 Vallentuna","Möbler;Butikshandel;Detaljhandel",https://www.allabolag.se/foretag/atlantis-aktiebolag/vallentuna/-/5562114073
"Artipelag AB",556691-1524,70238,42,"134 40 Gustavsberg","Konferensarrangörer;Restauranger;Konstnärer;Museer;Möbler, inredning, kök- och belysningsutrustning;Butikshandel;Detaljhandel",https://www.allabolag.se/foretag/artipelag-ab/gustavsberg/-/5566911524
"Artilleriet Interiors AB",556823-6920,64915,16,"411 18 Göteborg","Möbler;Butikshandel;Detaljhandel",https://www.allabolag.se/foretag/artilleriet-interiors-ab/g%C3%B6teborg/-/5568236920
"Aneta Lighting AB",556291-0264,52949,14,"352 46 Växjö","Belysningsarmatur - Komponenter;Elektronik - Systemkomponenter;Elektronik - Tillverkning;Grossister;Producenter",https://www.allabolag.se/foretag/aneta-lighting-ab/v%C3%A4xj%C3%B6/-/5562910264
"Amet & Partners AB",556897-9602,68947,6,"646 30 Gnesta","Belysningsarmatur - Komponenter;Textilier;Grossister;Kosmetik, parfym och frisörartiklar;Textilier - Partihandel;Butikshandel;Detaljhandel",https://www.allabolag.se/foretag/amet-partners-ab/gnesta/-/5568979602
"Aktiebolaget Vårby Färghall",556179-5690,80732,16,"143 30 Vårby","Färger, lacker, tapeter;Golvbeläggningar;Mattor;Trävaror;Grossister;Trä och byggvaror - grossist;Butikshandel;Detaljhandel",https://www.allabolag.se/foretag/aktiebolaget-v%C3%A5rby-f%C3%A4rghall/v%C3%A5rby/-/5561795690
"Aktiebolaget Rydéns i Gnosjö",556090-6298,74890,21,"335 33 Gnosjö","Belysningsarmatur - Komponenter;Grossister",https://www.allabolag.se/foretag/aktiebolaget-ryd%C3%A9ns-i-gnosj%C3%B6/gnosj%C3%B6/-/5560906298
"Aktiebolaget Butiken Hem och Hobby i Hjo",556443-2697,66895,16,"544 50 Hjo","Järnvaror;Textilier;Möbler, inredning, kök- och belysningsutrustning;Butikshandel;Detaljhandel",https://www.allabolag.se/foretag/aktiebolaget-butiken-hem-och-hobby-i-hjo/hjo/-/5564432697
"Addentity Interiör AB",556839-3416,55518,8,"236 41 Höllviken","Belysningsarmatur - Komponenter;Grossister",https://www.allabolag.se/foretag/addentity-interi%C3%B6r-ab/h%C3%B6llviken/-/5568393416
"Addcol Sweden AB",556943-1934,50283,1-4,"291 36 Kristianstad","Möbler;Butikshandel;Detaljhandel",https://www.allabolag.se/foretag/addcol-sweden-ab/kristianstad/-/5569431934
"AB Yllw Factory",556894-0562,83923,53,"247 50 Dalby","Kontorsinredningar;Möbler;Grossister;Möbler - Produktion;Producenter;Reparatörer",https://www.allabolag.se/foretag/ab-yllw-factory/dalby/-/5568940562
"AB Golvinteriör",556412-1621,55541,16,"231 66 Trelleborg","Byggmästare;Golvbeläggningar;Mattor;Butikshandel;Detaljhandel",https://www.allabolag.se/foretag/ab-golvinteri%C3%B6r/trelleborg/-/5564121621
"gotain AB",559065-5642,108487,26,"114 29 Stockholm","Postorder/e-handel;Mattor;Läder, skor, inredning, reseeffekter och textilier;Detaljhandel",https://www.allabolag.se/foretag/gotain-ab/stockholm/-/5590655642
"ZilenZio AB",556651-5689,123374,25,"702 27 Örebro","Kontorsinredningar;Grossister",https://www.allabolag.se/foretag/zilenzio-ab/%C3%B6rebro/-/5566515689
"ZG Lighting Nordic AB",556410-5608,178722,36,"215 32 Malmö","Belysningsarmatur - Komponenter;Elmateriel;Grossister",https://www.allabolag.se/foretag/zg-lighting-nordic-ab/malm%C3%B6/-/5564105608
"Yalda Grossist AB",559055-7095,104783,9,"602 10 Norrköping","Kläder;Livsmedel;Spel, nöjesanläggningsutrustningar;Grossister;Hushållsmaskiner och apparater, radio, tv, cd och musikinstrument;Konfektion;Livsmedel - agenturer och grossister;Möbler, inredning, kök- och belysningsutrustning;Butikshandel;Detaljhandel",https://www.allabolag.se/foretag/yalda-grossist-ab/norrk%C3%B6ping/-/5590557095
"Workplaces For Industries WFI AB",556663-2567,154159,24,"335 32 Gnosjö","Kontorsinredningar;Möbler;Grossister;Möbler - Produktion;Producenter",https://www.allabolag.se/foretag/workplaces-for-industries-wfi-ab/gnosj%C3%B6/-/5566632567
"Wikholm Form AB",556692-1606,140177,27,"506 46 Borås","Belysningsarmatur - Komponenter;Köksinredningar;Textilier;Grossister;Köksinredningar - agentur och grossist;Textilier - Partihandel",https://www.allabolag.se/foretag/wikholm-form-ab/bor%C3%A5s/-/5566921606
"Wanzl Nordic AB",556173-9383,151069,33,"571 75 Fredriksdal","Kontorsinredningar;Grossister",https://www.allabolag.se/foretag/wanzl-nordic-ab/fredriksdal/-/5561739383
"Vikingsun Aktiebolag",556492-4362,104430,18,"112 33 Stockholm","Postorder/e-handel;Ljudanläggningar, ljusanläggningar, bildanläggningar;Grossister;Möbler, inredning, kök- och belysningsutrustning;Detaljhandel",https://www.allabolag.se/foretag/vikingsun-aktiebolag/stockholm/-/5564924362
"Vestre Sverige AB (VESTREAB)",556572-2344,116325,4,"685 34 Torsby","Kontorsinredningar;Grossister",https://www.allabolag.se/foretag/vestre-sverige-ab-vestreab/torsby/-/5565722344
"TreCe AB",556181-0820,103906,20,"602 28 Norrköping","Kontorsinredningar;Grossister",https://www.allabolag.se/foretag/trece-ab/norrk%C3%B6ping/-/5561810820
"Tempur Sealy Sverige AB",556082-7718,138320,25,"118 63 Stockholm","Belysningsarmatur - Komponenter;Textilier;Grossister;Textilier - Partihandel",https://www.allabolag.se/foretag/tempur-sealy-sverige-ab/stockholm/-/5560827718
"Sänghuset Elgen AB",556633-5997,100039,20,"114 31 Stockholm","Möbler;Butikshandel;Detaljhandel",https://www.allabolag.se/foretag/s%C3%A4nghuset-elgen-ab/stockholm/-/5566335997
"Swedese Möbler Aktiebolag",556280-1323,165761,87,"567 30 Vaggeryd","Möbler;Möbler - Produktion;Producenter;Butikshandel;Detaljhandel",https://www.allabolag.se/foretag/swedese-m%C3%B6bler-aktiebolag/vaggeryd/-/5562801323
"Strömstads Värme & Sanitet Aktiebolag",556051-2971,100961,40,"452 35 Strömstad","Byggmästare;Golvbeläggningar;Järnvaror;Mattor;Grossister;Butikshandel;Detaljhandel",https://www.allabolag.se/foretag/str%C3%B6mstads-v%C3%A4rme-sanitet-aktiebolag/str%C3%B6mstad/-/5560512971
"Stefan Billing Livs AB",556209-5306,197362,47,"223 63 Lund","Köttprodukter, slakteriprodukter;Livsmedel;Livsmedel - tillverkning;Möbler, inredning, kök- och belysningsutrustning;Producenter;Butikshandel;Detaljhandel",https://www.allabolag.se/foretag/stefan-billing-livs-ab/lund/-/5562095306
"Steamery AB",556926-1166,130600,35,"118 48 Stockholm","Möbler;Hushållsmaskiner och apparater, radio, tv, cd och musikinstrument;Butikshandel;Detaljhandel",https://www.allabolag.se/foretag/steamery-ab/stockholm/-/5569261166
"Sono Sverige AB",556595-7809,161147,18,"421 31 Västra Frölunda","Belysningsarmatur - Komponenter;Kontorsinredningar;Grossister",https://www.allabolag.se/foretag/sono-sverige-ab/v%C3%A4stra-fr%C3%B6lunda/-/5565957809
"Sonesson Inredningar AB",556139-0336,117268,8,"421 31 Västra Frölunda","Kontorsinredningar;Grossister",https://www.allabolag.se/foretag/sonesson-inredningar-ab/v%C3%A4stra-fr%C3%B6lunda/-/5561390336
"Soffadirekt Scandinavia AB",556827-4897,146357,18,"602 23 Norrköping","Belysningsarmatur - Komponenter;Grossister",https://www.allabolag.se/foretag/soffadirekt-scandinavia-ab/norrk%C3%B6ping/-/5568274897
"Smart Products Scandinavia Aktiebolag",556226-1437,126268,12,"137 69 Österhaninge","Postorder/e-handel;Köksinredningar;Grossister;Köksinredningar - agentur och grossist;Möbler, inredning, kök- och belysningsutrustning;Detaljhandel",https://www.allabolag.se/foretag/smart-products-scandinavia-aktiebolag/%C3%B6sterhaninge/-/5562261437
"Sleepo AB",556857-0146,144667,14,"113 53 Stockholm","Möbler;Butikshandel;Detaljhandel",https://www.allabolag.se/foretag/sleepo-ab/stockholm/-/5568570146
"Sagaform AB",556402-4064,100973,25,"504 64 Borås","Belysningsarmatur - Komponenter;Fastighetsbolag, lokaler;Köksinredningar;Ljudanläggningar, ljusanläggningar, bildanläggningar;Grossister;Köksinredningar - agentur och grossist",https://www.allabolag.se/foretag/sagaform-ab/bor%C3%A5s/-/5564024064
"SENG Sverige AB",559320-2426,133899,70,"417 03 Göteborg","Möbler;Butikshandel;Detaljhandel",https://www.allabolag.se/foretag/seng-sverige-ab/g%C3%B6teborg/-/5593202426
"Runelandhs Försäljnings Aktiebolag",556453-2009,115732,16,"392 41 Kalmar","Kontorsinredningar;Grossister;Insatsvaror;Insatsvaror - grossister",https://www.allabolag.se/foretag/runelandhs-f%C3%B6rs%C3%A4ljnings-aktiebolag/kalmar/-/5564532009
"Rekomo AB",556347-9343,162875,54,"431 37 Mölndal","Kontorsinredningar;Möbler;Grossister;Butikshandel;Detaljhandel",https://www.allabolag.se/foretag/rekomo-ab/m%C3%B6lndal/-/5563479343
"Rainbow Bay AB",559342-1877,143599,11,"113 21 Stockholm","Postorder/e-handel;Mattor;Läder, skor, inredning, reseeffekter och textilier;Detaljhandel",https://www.allabolag.se/foretag/rainbow-bay-ab/stockholm/-/5593421877
"ROL Fredbergs AB",556048-1177,126907,18,"555 93 Jönköping","Kontorsinredningar;Grossister",https://www.allabolag.se/foretag/rol-fredbergs-ab/j%C3%B6nk%C3%B6ping/-/5560481177
"Proton Lighting AB",556048-6325,181292,73,"331 42 Värnamo","Belysningsarmatur - Komponenter;Elektronik - Systemkomponenter;Elektronik - Tillverkning;Grossister;Producenter",https://www.allabolag.se/foretag/proton-lighting-ab/v%C3%A4rnamo/-/5560486325
"Produktion Ella i Mälardalen AB",556945-7111,103146,19,"731 60 Valskog","Möbler;Möbler - Produktion;Producenter;Butikshandel;Detaljhandel",https://www.allabolag.se/foretag/produktion-ella-i-m%C3%A4lardalen-ab/valskog/-/5569457111
"Norrgavel AB",556491-3381,127986,62,"211 20 Malmö","Designers, formgivare;Industridesigners;Möbler;Möbler - Produktion;Producenter;Reparatörer;Butikshandel;Detaljhandel",https://www.allabolag.se/foretag/norrgavel-ab/malm%C3%B6/-/5564913381
"Najell AB",556819-7494,147353,35,"222 23 Lund","Postorder/e-handel;Möbler, inredning, kök- och belysningsutrustning;Detaljhandel",https://www.allabolag.se/foretag/najell-ab/lund/-/5568197494
"NMM i Gällivare AB",556633-6300,172321,3,"983 41 Koskullskulle","Byggmaskiner, arbetsmaskiner;Byggmästare;Fastighetsbolag, lokaler;Elinstallationer;Motorer;Möbler, inredning, kök- och belysningsutrustning;Reparatörer;Butikshandel;Detaljhandel",https://www.allabolag.se/foretag/nmm-i-g%C3%A4llivare-ab/koskullskulle/-/5566336300
"Miljöhallen Golv AB",556260-5674,138030,63,"553 02 Jönköping","Byggmästare;Golvbeläggningar;Mattor;Butikshandel;Detaljhandel",https://www.allabolag.se/foretag/milj%C3%B6hallen-golv-ab/j%C3%B6nk%C3%B6ping/-/5562605674
"Mattadirekt Sweden AB",559248-2441,101499,14,"554 74 Jönköping","Postorder/e-handel;Mattor;Läder, skor, inredning, reseeffekter och textilier;Möbler, inredning, kök- och belysningsutrustning;Detaljhandel",https://www.allabolag.se/foretag/mattadirekt-sweden-ab/j%C3%B6nk%C3%B6ping/-/5592482441
"MaterialMännen AB",556190-2510,179946,62,"598 40 Vimmerby","Möbler;Trävaror;Grossister;Trä och byggvaror - grossist;Butikshandel;Detaljhandel;Virke och byggvaror",https://www.allabolag.se/foretag/materialm%C3%A4nnen-ab/vimmerby/-/5561902510
"Markslöjd Intertrade Aktiebolag",556022-2050,107046,26,"511 62 Skene","Belysningsarmatur - Komponenter;Grossister",https://www.allabolag.se/foretag/marksl%C3%B6jd-intertrade-aktiebolag/skene/-/5560222050
"Mariedals Möbler i Umeå AB",559018-5459,145792,31,"906 40 Umeå","Möbler;Textilier;Möbler, inredning, kök- och belysningsutrustning;Butikshandel;Detaljhandel",https://www.allabolag.se/foretag/mariedals-m%C3%B6bler-i-ume%C3%A5-ab/ume%C3%A5/-/5590185459
"Livv AB",556282-2394,107856,21,"722 13 Västerås","Belysningsarmatur - Komponenter;Grossister",https://www.allabolag.se/foretag/livv-ab/v%C3%A4ster%C3%A5s/-/5562822394
"Kasthall Mattor och Golv AB",556518-5880,140534,77,"511 57 Kinna","Belysningsarmatur - Komponenter;Textilier;Trävaror;Grossister;Producenter;Textilier - Produktion;Trä och byggvaror - grossist",https://www.allabolag.se/foretag/kasthall-mattor-och-golv-ab/kinna/-/5565185880
"Interior Experts Sweden AB",556507-0736,151623,57,"692 35 Kumla","Butiksinredningar, butiksutrustningar;Kontorsinredningar;Möbler;Grossister;Möbler - Produktion;Producenter",https://www.allabolag.se/foretag/interior-experts-sweden-ab/kumla/-/5565070736
"Interface Sverige Aktiebolag",556097-1961,124766,17,"118 53 Stockholm","Belysningsarmatur - Komponenter;Grossister",https://www.allabolag.se/foretag/interface-sverige-aktiebolag/stockholm/-/5560971961
"Input interiör Nord Aktiebolag",556504-9060,114443,29,"906 40 Umeå","Belysningsarmatur - Komponenter;Kontorsinredningar;Lager;Grossister",https://www.allabolag.se/foretag/input-interi%C3%B6r-nord-aktiebolag/ume%C3%A5/-/5565049060
"Input Interiör Sjuhärad Aktiebolag",556311-2290,101896,23,"506 34 Borås","Kontorsinredningar;Grossister",https://www.allabolag.se/foretag/input-interi%C3%B6r-sjuh%C3%A4rad-aktiebolag/bor%C3%A5s/-/5563112290
"Imaginative Design INT AB",559047-2766,104311,41,"116 20 Stockholm","Postorder/e-handel;Möbler, inredning, kök- och belysningsutrustning;Detaljhandel",https://www.allabolag.se/foretag/imaginative-design-int-ab/stockholm/-/5590472766
"Hästens Sängar Tillverkning Aktiebolag",556581-2996,181695,91,"731 36 Köping","Belysningsarmatur - Komponenter;Möbler;Textilier;Grossister;Möbler - Produktion;Producenter;Textilier - Partihandel",https://www.allabolag.se/foretag/h%C3%A4stens-s%C3%A4ngar-tillverkning-aktiebolag/k%C3%B6ping/-/5565812996
"Holdit AB",556456-9928,143765,22,"432 40 Varberg","Belysningsarmatur - Komponenter;Datorer - Kringutrustningar;Elmateriel;Postorder/e-handel;Elektronik- och telekommunikationsutrustning;Elektronik- och telekommunikationsutrustning - grossist;Grossister;Detaljhandel",https://www.allabolag.se/foretag/holdit-ab/varberg/-/5564569928
"Haga Gruppen i möbler AB",556609-2861,121334,12,"565 76 Bottnaryd","Belysningsarmatur - Komponenter;Grossister",https://www.allabolag.se/foretag/haga-gruppen-i-m%C3%B6bler-ab/bottnaryd/-/5566092861
"Guldcentrum Sverige AB",556780-3340,183087,3,"211 35 Malmö","Guld, silver, ädelstenar;Klockor, ur;Möbler, inredning, kök- och belysningsutrustning;Urmakare;Butikshandel;Detaljhandel",https://www.allabolag.se/foretag/guldcentrum-sverige-ab/malm%C3%B6/-/5567803340
"Gnosjö Konstsmide Aktiebolag",556217-1313,132051,41,"335 30 Gnosjö","Belysningsarmatur - Komponenter;Grossister",https://www.allabolag.se/foretag/gnosj%C3%B6-konstsmide-aktiebolag/gnosj%C3%B6/-/5562171313
"Fredrik Källströms Elektriska AB",556992-1421,193821,94,"549 65 Skövde","Byggmästare;Elinstallationer;Hushållsutrustningar, vitvaror;Maskinförnödenheter;Grossister;Hushållsutrustningar, vitvaror - grossister;Maskinförnödenheter - reparationer;Möbler, inredning, kök- och belysningsutrustning;Reparatörer;Butikshandel;Detaljhandel",https://www.allabolag.se/foretag/fredrik-k%C3%A4llstr%C3%B6ms-elektriska-ab/sk%C3%B6vde/-/5569921421
"Fogia Collection Aktiebolag",556204-6218,108304,18,"131 72 Nacka","Belysningsarmatur - Komponenter;Kontorsinredningar;Grossister",https://www.allabolag.se/foretag/fogia-collection-aktiebolag/nacka/-/5562046218
"Expohouse Sweden Aktiebolag",556355-7122,143446,57,"195 72 Rosersberg","Belysningsarmatur - Komponenter;Möbler;Grossister;Möbler - Produktion;Producenter",https://www.allabolag.se/foretag/expohouse-sweden-aktiebolag/rosersberg/-/5563557122
"Ege Carpets Sweden AB",556157-3501,155149,13,"413 28 Göteborg","Belysningsarmatur - Komponenter;Grossister",https://www.allabolag.se/foretag/ege-carpets-sweden-ab/g%C3%B6teborg/-/5561573501
"Dux Industrier AB",556898-1525,142210,13,"282 71 Sösdala","Belysningsarmatur - Komponenter;Möbler;Grossister;Möbler - Produktion;Producenter",https://www.allabolag.se/foretag/dux-industrier-ab/s%C3%B6sdala/-/5568981525
"Designlight Scandinavian AB",556274-3061,124473,27,"342 60 Moheda","Belysningsarmatur - Komponenter;Grossister",https://www.allabolag.se/foretag/designlight-scandinavian-ab/moheda/-/5562743061
"DesignTorget AB",556508-3267,102308,33,"113 43 Stockholm","Möbler;Kontorstjänster;Möbler, inredning, kök- och belysningsutrustning;Butikshandel;Detaljhandel",https://www.allabolag.se/foretag/designtorget-ab/stockholm/-/5565083267
"Dealproffsen AB",559201-2867,141389,13,"254 68 Helsingborg","Möbler;Spel, nöjesanläggningsutrustningar;Sport;Butikshandel;Detaljhandel",https://www.allabolag.se/foretag/dealproffsen-ab/helsingborg/-/5592012867
"Centralhallen i Sveg AB",556545-4757,142238,35,"842 32 Sveg","Livsmedel;Möbler, inredning, kök- och belysningsutrustning;Butikshandel;Detaljhandel",https://www.allabolag.se/foretag/centralhallen-i-sveg-ab/sveg/-/5565454757
"Byrd Lifestyle AB",559001-6100,102050,3,"262 91 Ängelholm","Belysningsarmatur - Komponenter;Grossister",https://www.allabolag.se/foretag/byrd-lifestyle-ab/%C3%A4ngelholm/-/5590016100
"Brizley AB",556860-8110,166772,4,"120 30 Stockholm","Kontorsinredningar;Möbler;Grossister;Möbler - Produktion;Producenter",https://www.allabolag.se/foretag/brizley-ab/stockholm/-/5568608110
"Brands Selection Sweden AB",556862-5536,117710,10,"573 92 Tranås","Belysningsarmatur - Komponenter;Grossister",https://www.allabolag.se/foretag/brands-selection-sweden-ab/tran%C3%A5s/-/5568625536
"Artwood Aktiebolag",556131-4294,138292,18,"511 62 Skene","Belysningsarmatur - Komponenter;Grossister",https://www.allabolag.se/foretag/artwood-aktiebolag/skene/-/5561314294
"Aktiebolaget Evert Lindelöf Inredningsservice",556071-3462,129426,19,"116 49 Stockholm","Belysningsarmatur - Komponenter;Konsulter;Miljöteknik;Teknikkonsulter;Grossister",https://www.allabolag.se/foretag/aktiebolaget-evert-lindel%C3%B6f-inredningsservice/stockholm/-/5560713462
"Aktiebolaget Ebeco",556198-1316,175144,31,"415 02 Göteborg","Elmateriel;Grossister;Möbler, inredning, kök- och belysningsutrustning;Butikshandel;Detaljhandel",https://www.allabolag.se/foretag/aktiebolaget-ebeco/g%C3%B6teborg/-/5561981316
"AB Edsbyverken",556040-0755,195618,151,"828 32 Edsbyn","Fastighetsbolag, lokaler;Kontorsinredningar;Möbler;Grossister;Möbler - Produktion;Producenter",https://www.allabolag.se/foretag/ab-edsbyverken/edsbyn/-/5560400755
"Witre Aktiebolag",556354-5226,333706,59,"431 53 Mölndal","Belysningsarmatur - Komponenter;Apoteksvaror, läkemedel - Distribution;Maskinförnödenheter;Grossister;Reseeffekter;Apoteksvaror, läkemedel - Partihandel",https://www.allabolag.se/foretag/witre-aktiebolag/m%C3%B6lndal/-/5563545226
"Venture Design AB",556787-4424,297177,32,"352 45 Växjö","Belysningsarmatur - Komponenter;Grossister",https://www.allabolag.se/foretag/venture-design-ab/v%C3%A4xj%C3%B6/-/5567874424
"Velant AB",556032-3189,314340,11,"115 28 Stockholm","Möbler;Textilier;Möbler, inredning, kök- och belysningsutrustning;Butikshandel;Detaljhandel",https://www.allabolag.se/foretag/velant-ab/stockholm/-/5560323189
"Sweef AB",556850-4681,271688,40,"111 60 Stockholm","Datakonsulter;Konsulter;Postorder/e-handel;Möbler, inredning, kök- och belysningsutrustning;Detaljhandel",https://www.allabolag.se/foretag/sweef-ab/stockholm/-/5568504681
"Svenskt Tenn Aktiebolag",556032-0375,447962,92,"115 23 Stockholm","Lager;Möbler;Textilier;Kontorstjänster;Möbler, inredning, kök- och belysningsutrustning;Butikshandel;Detaljhandel",https://www.allabolag.se/foretag/svenskt-tenn-aktiebolag/stockholm/-/5560320375
"Svenska Hem Aktiebolag",556073-8543,296252,15,"555 93 Jönköping","Belysningsarmatur - Komponenter;Grossister",https://www.allabolag.se/foretag/svenska-hem-aktiebolag/j%C3%B6nk%C3%B6ping/-/5560738543
"String Furniture AB",556637-6629,333533,44,"216 13 Limhamn","Kontorsinredningar;Grossister",https://www.allabolag.se/foretag/string-furniture-ab/limhamn/-/5566376629
"Stenlunds Maskincenter Aktiebolag",556222-4021,254935,31,"164 40 Kista","Hushållsmaskiner och apparater, radio, tv, cd och musikinstrument;Möbler, inredning, kök- och belysningsutrustning;Butikshandel;Detaljhandel",https://www.allabolag.se/foretag/stenlunds-maskincenter-aktiebolag/kista/-/5562224021
"Star Trading i Svenljunga Aktiebolag",556123-0300,280315,84,"512 50 Svenljunga","Belysningsarmatur - Komponenter;Elmateriel;Grossister",https://www.allabolag.se/foretag/star-trading-i-svenljunga-aktiebolag/svenljunga/-/5561230300
"Sonsa Business AB",556062-3349,369667,79,"282 67 Vittsjö","Belysningsarmatur - Komponenter;Finansbolag, finansiella tjänster;Sågverk;Trävaror;Grossister;Holdingbolag;Trä och byggvaror - grossist",https://www.allabolag.se/foretag/sonsa-business-ab/vittsj%C3%B6/-/5560623349
"Sono Sweop AB",556591-2374,419039,82,"573 92 Tranås","Belysningsarmatur - Komponenter;Kontorsinredningar;Möbler;Spedition;Transportförmedling;Grossister;Möbler - Produktion;Producenter",https://www.allabolag.se/foretag/sono-sweop-ab/tran%C3%A5s/-/5565912374
"Senab Concept AB",556876-9193,225183,21,"414 51 Göteborg","Kontorsinredningar;Lager;Grossister",https://www.allabolag.se/foretag/senab-concept-ab/g%C3%B6teborg/-/5568769193
"SOVA Stockholm Retail AB",559119-2629,421133,94,"215 32 Malmö","Möbler;Kontorstjänster;Butikshandel;Detaljhandel",https://www.allabolag.se/foretag/sova-stockholm-retail-ab/malm%C3%B6/-/5591192629
"SG Armaturen AB",556655-3631,332750,28,"431 30 Mölndal","Belysningsarmatur - Komponenter;Grossister",https://www.allabolag.se/foretag/sg-armaturen-ab/m%C3%B6lndal/-/5566553631
"Rowico Aktiebolag",556152-9271,303606,47,"302 62 Halmstad","Belysningsarmatur - Komponenter;Grossister",https://www.allabolag.se/foretag/rowico-aktiebolag/halmstad/-/5561529271
"Robur Safe Aktiebolag",556501-4445,229349,42,"311 68 Slöinge","Kontorsinredningar;Metaller, legeringar;Grossister;Metaller, legeringar - Produktion;Producenter",https://www.allabolag.se/foretag/robur-safe-aktiebolag/sl%C3%B6inge/-/5565014445
"Orrefors Kosta Boda AB",556519-1300,274606,138,"365 43 Kosta","Glas, glasvaror;Möbler, inredning, kök- och belysningsutrustning;Producenter;Butikshandel;Detaljhandel",https://www.allabolag.se/foretag/orrefors-kosta-boda-ab/kosta/-/5565191300
"Ols Möbler Aktiebolag",556420-1092,478527,132,"602 23 Norrköping","Möbler;Möbler, inredning, kök- och belysningsutrustning;Butikshandel;Detaljhandel",https://www.allabolag.se/foretag/ols-m%C3%B6bler-aktiebolag/norrk%C3%B6ping/-/5564201092
"Nordic International furniture group AB",556956-4056,286796,4,"343 34 Älmhult","Belysningsarmatur - Komponenter;Grossister",https://www.allabolag.se/foretag/nordic-international-furniture-group-ab/%C3%A4lmhult/-/5569564056
"Nokalux Aktiebolag",556124-4939,259889,94,"672 41 Töcksfors","Belysningsarmatur - Komponenter;Elektronik - Systemkomponenter;Elektronik - Tillverkning;Grossister;Producenter",https://www.allabolag.se/foretag/nokalux-aktiebolag/t%C3%B6cksfors/-/5561244939
"Nitton93 Inredningar AB",556949-1060,362786,68,"703 43 Örebro","Kontorsinredningar;Grossister",https://www.allabolag.se/foretag/nitton93-inredningar-ab/%C3%B6rebro/-/5569491060
"Nelco Contact Aktiebolag",556210-0239,275309,47,"195 61 Arlandastad","Belysningsarmatur - Komponenter;Fastighetsbolag, lokaler;Elmateriel;Grossister",https://www.allabolag.se/foretag/nelco-contact-aktiebolag/arlandastad/-/5562100239
"NO GA Commerce AB",559299-5541,489134,94,"115 28 Stockholm","Postorder/e-handel;Möbler;Möbler, inredning, kök- och belysningsutrustning;Butikshandel;Detaljhandel;Detaljhandel - annat",https://www.allabolag.se/foretag/no-ga-commerce-ab/stockholm/-/5592995541
"Målericentralen Väst AB",556094-3267,215095,104,"433 30 Partille","Färger, lacker, tapeter;Golvbeläggningar;Postorder/e-handel;Mattor;Trävaror;Grossister;Trä och byggvaror - grossist;Butikshandel;Detaljhandel;Detaljhandel - annat",https://www.allabolag.se/foretag/m%C3%A5lericentralen-v%C3%A4st-ab/partille/-/5560943267
"Malmbergs Elektriska Aktiebolag (publ)",556556-2781,423358,111,"692 35 Kumla","Belysningsarmatur - Komponenter;Elmateriel;Grossister",https://www.allabolag.se/foretag/malmbergs-elektriska-aktiebolag-publ/kumla/-/5565562781
"Lagerhaus Aktiebolag",556662-8730,370880,167,"412 63 Göteborg","Kontorstjänster;Möbler, inredning, kök- och belysningsutrustning;Butikshandel;Detaljhandel;Detaljhandel - annat",https://www.allabolag.se/foretag/lagerhaus-aktiebolag/g%C3%B6teborg/-/5566628730
"KungSängen Produktion AB",556553-8641,423056,141,"749 40 Enköping","Lager;Möbler;Kontorstjänster;Möbler - Produktion;Producenter;Butikshandel;Detaljhandel",https://www.allabolag.se/foretag/kungs%C3%A4ngen-produktion-ab/enk%C3%B6ping/-/5565538641
"Kinnarps Sverige Försäljning AB",556407-2964,464252,212,"131 54 Nacka","Agenturer;Datorer - Kringutrustningar;Kontorsinredningar;Möbler;Grossister;Möbler - Produktion;Möbler, hushållsartiklar och järnvaror - agentur;Producenter;Datorer och kringutrustningar - Partihandel",https://www.allabolag.se/foretag/kinnarps-sverige-f%C3%B6rs%C3%A4ljning-ab/nacka/-/5564072964
"Input interiör Stockholm Aktiebolag",556475-1492,449572,70,"113 46 Stockholm","Kontorsinredningar;Lager;Grossister",https://www.allabolag.se/foretag/input-interi%C3%B6r-stockholm-aktiebolag/stockholm/-/5564751492
"Input Interiör KC Aktiebolag",556534-1830,410868,73,"352 51 Växjö","Kontorsinredningar;Grossister",https://www.allabolag.se/foretag/input-interi%C3%B6r-kc-aktiebolag/v%C3%A4xj%C3%B6/-/5565341830
"Indiska 1901 AB",559395-2673,272837,141,"113 30 Stockholm","Textilier;Kläder, skor;Konfektion;Kontorstjänster;Möbler, inredning, kök- och belysningsutrustning;Butikshandel;Detaljhandel",https://www.allabolag.se/foretag/indiska-1901-ab/stockholm/-/5593952673
"INR Försäljning Sverige AB",556720-5165,328464,75,"211 24 Malmö","Belysningsarmatur - Komponenter;Glas, glasvaror;Möbler;Grossister;Möbler - Produktion;Producenter",https://www.allabolag.se/foretag/inr-f%C3%B6rs%C3%A4ljning-sverige-ab/malm%C3%B6/-/5567205165
"ILVA SWE AB",556775-8312,205046,34,"215 86 Malmö","Möbler;Textilier;Möbler, inredning, kök- och belysningsutrustning;Butikshandel;Detaljhandel",https://www.allabolag.se/foretag/ilva-swe-ab/malm%C3%B6/-/5567758312
"Hästens International AB",556761-4499,303430,19,"731 36 Köping","Belysningsarmatur - Komponenter;Grossister",https://www.allabolag.se/foretag/h%C3%A4stens-international-ab/k%C3%B6ping/-/5567614499
"Härjedals Kök AB",556648-1072,227269,91,"846 73 Funäsdalen","Belysningsarmatur - Komponenter;Möbler;Trävaror;Grossister;Möbler - Produktion;Producenter;Trä och byggvaror - grossist",https://www.allabolag.se/foretag/h%C3%A4rjedals-k%C3%B6k-ab/fun%C3%A4sdalen/-/5566481072
"Handshake Sweden AB",556974-8238,252514,21,"123 43 Farsta","Belysningsarmatur - Komponenter;Grossister",https://www.allabolag.se/foretag/handshake-sweden-ab/farsta/-/5569748238
"HAGS Aneby AB",556136-0081,474732,65,"578 33 Aneby","Byggmästare;Kontorsinredningar;Projektledning;Sport;Grossister;Sport - grossist",https://www.allabolag.se/foretag/hags-aneby-ab/aneby/-/5561360081
"Götessons Industri Aktiebolag",556287-5251,287097,71,"523 38 Ulricehamn","Kontorsinredningar;Metaller, legeringar;Grossister;Metaller, legeringar - Produktion;Producenter",https://www.allabolag.se/foretag/g%C3%B6tessons-industri-aktiebolag/ulricehamn/-/5562875251
"Göteborgs Orienthus AB",556639-4804,348765,59,"415 02 Göteborg","Golvbeläggningar;Livsmedel;Ljudanläggningar, ljusanläggningar, bildanläggningar;Mattor;Grossister;Livsmedel - agenturer och grossister;Möbler, inredning, kök- och belysningsutrustning;Butikshandel;Detaljhandel",https://www.allabolag.se/foretag/g%C3%B6teborgs-orienthus-ab/g%C3%B6teborg/-/5566394804
"Granit Sweden AB",556537-9418,247484,127,"113 30 Stockholm","Lager;Kontorstjänster;Möbler, inredning, kök- och belysningsutrustning;Butikshandel;Detaljhandel",https://www.allabolag.se/foretag/granit-sweden-ab/stockholm/-/5565379418
"Glamox AB",556142-8318,452595,58,"412 63 Göteborg","Belysningsarmatur - Komponenter;Elmateriel;Grossister",https://www.allabolag.se/foretag/glamox-ab/g%C3%B6teborg/-/5561428318
"Gerdmans Inredningar Aktiebolag",556318-2632,354447,56,"285 39 Markaryd","Kontorsinredningar;Grossister",https://www.allabolag.se/foretag/gerdmans-inredningar-aktiebolag/markaryd/-/5563182632
"Furninova Aktiebolag",556434-1773,342677,33,"282 64 Bjärnum","Belysningsarmatur - Komponenter;Möbler;Grossister;Möbler - Produktion;Producenter",https://www.allabolag.se/foretag/furninova-aktiebolag/bj%C3%A4rnum/-/5564341773
"Erik Tiberg Möbler AB",556068-9407,467398,130,"421 22 Västra Frölunda","Möbler;Butikshandel;Detaljhandel",https://www.allabolag.se/foretag/erik-tiberg-m%C3%B6bler-ab/v%C3%A4stra-fr%C3%B6lunda/-/5560689407
"Elfa Sverige AB",556052-5296,226691,21,"211 38 Malmö","Belysningsarmatur - Komponenter;Järnvaror;Grossister;Möbler, inredning, kök- och belysningsutrustning;Butikshandel;Detaljhandel",https://www.allabolag.se/foretag/elfa-sverige-ab/malm%C3%B6/-/5560525296
"EFG European Furniture Group Aktiebolag",556236-7259,276957,100,"573 41 Tranås","Belysningsarmatur - Komponenter;Butiksinredningar, butiksutrustningar;Kontorsinredningar;Möbler;Grossister;Möbler - Produktion;Producenter",https://www.allabolag.se/foretag/efg-european-furniture-group-aktiebolag/tran%C3%A5s/-/5562367259
"DPJ Workspace AB",556512-9193,367857,70,"120 30 Stockholm","Kontorsinredningar;Grossister",https://www.allabolag.se/foretag/dpj-workspace-ab/stockholm/-/5565129193
"Calle Gulled Agenturer AB",556508-9090,474756,16,"211 30 Malmö","Belysningsarmatur - Komponenter;Elmateriel;Grossister",https://www.allabolag.se/foretag/calle-gulled-agenturer-ab/malm%C3%B6/-/5565089090
"CaMa Gruppen AB",556768-1035,213285,33,"422 46 Hisings Backa","Postorder/e-handel;Möbler, inredning, kök- och belysningsutrustning;Detaljhandel",https://www.allabolag.se/foretag/cama-gruppen-ab/hisings-backa/-/5567681035
"Bra Fritidsprodukter Aktiebolag (BRAFAB)",556427-4099,250495,45,"285 39 Markaryd","Belysningsarmatur - Komponenter;Grossister",https://www.allabolag.se/foretag/bra-fritidsprodukter-aktiebolag-brafab/markaryd/-/5564274099
"Belid Lighting AB",556039-0659,200136,123,"432 48 Varberg","Belysningsarmatur - Komponenter;Elektronik - Systemkomponenter;Elektronik - Tillverkning;Grossister;Gummi och plastprodukter - tillverkning;Producenter",https://www.allabolag.se/foretag/belid-lighting-ab/varberg/-/5560390659
"Beds by Scapa AB",556395-7777,225228,41,"342 32 Alvesta","Belysningsarmatur - Komponenter;Möbler;Grossister;Möbler - Produktion;Producenter",https://www.allabolag.se/foretag/beds-by-scapa-ab/alvesta/-/5563957777
"Ateljé Lyktan Aktiebolag",556063-9634,294700,128,"296 35 Åhus","Belysningsarmatur - Komponenter;Elektronik - Systemkomponenter;Elmateriel;Elektronik - Tillverkning;Grossister;Producenter",https://www.allabolag.se/foretag/atelj%C3%A9-lyktan-aktiebolag/%C3%A5hus/-/5560639634
"Arcenta AB",556311-2936,211978,8,"142 51 Skogås","Möbler;Butikshandel;Detaljhandel",https://www.allabolag.se/foretag/arcenta-ab/skog%C3%A5s/-/5563112936
"Abstracta Aktiebolag",556046-3852,254028,63,"363 45 Lammhult","Belysningsarmatur - Komponenter;Dörrar, portar;Elektronik - Systemkomponenter;Metaller, legeringar;Möbler;Textilier;Elektronik - Tillverkning;Grossister;Möbler - Produktion;Producenter;Textilier - Produktion",https://www.allabolag.se/foretag/abstracta-aktiebolag/lammhult/-/5560463852
"AB Stalands Möbler",556244-8356,258387,104,"141 75 Kungens Kurva","Lager;Möbler;Butikshandel;Detaljhandel",https://www.allabolag.se/foretag/ab-stalands-m%C3%B6bler/kungens-kurva/-/5562448356
"24 se Sverige AB",556444-4593,213859,28,"392 39 Kalmar","Postorder/e-handel;Kläder, skor;Möbler, inredning, kök- och belysningsutrustning;Skor - detaljister;Butikshandel;Detaljhandel;Detaljhandel - annat",https://www.allabolag.se/foretag/24-se-sverige-ab/kalmar/-/5564444593
"Willab Garden AB",556517-0981,576123,148,"269 41 Östra Karup","Byggmästare;Dörrar, portar;Järnvaror;Postorder/e-handel;Metaller, legeringar;Trävaror;Metaller, legeringar - Produktion;Möbler, inredning, kök- och belysningsutrustning;Producenter;Trävaror - produktion;Butikshandel;Detaljhandel;Detaljhandel - annat;Virke och byggvaror",https://www.allabolag.se/foretag/willab-garden-ab/%C3%B6stra-karup/-/5565170981
"Vedum Kök och Bad Aktiebolag",556209-0521,691511,350,"534 60 Vedum","Belysningsarmatur - Komponenter;Köksinredningar;Möbler;Grossister;Möbler - Produktion;Producenter",https://www.allabolag.se/foretag/vedum-k%C3%B6k-och-bad-aktiebolag/vedum/-/5562090521
"Tretti AB",556665-7606,887709,30,"120 30 Stockholm","Postorder/e-handel;Hushållsmaskiner och apparater, radio, tv, cd och musikinstrument;Möbler, inredning, kök- och belysningsutrustning;Detaljhandel",https://www.allabolag.se/foretag/tretti-ab/stockholm/-/5566657606
"Signify Sweden AB",556596-3773,686497,78,"164 40 Kista","Belysningsarmatur - Komponenter;Byggmästare;Elinstallationer;Elmateriel;Grossister",https://www.allabolag.se/foretag/signify-sweden-ab/kista/-/5565963773
"Senab AB",556299-1447,544949,133,"111 39 Stockholm","Kontorsinredningar;Lager;Grossister",https://www.allabolag.se/foretag/senab-ab/stockholm/-/5562991447
"SGD Sveriges Golvdistributörer AB",556445-3529,764152,129,"213 74 Malmö","Byggmästare;Golvbeläggningar;Mattor;Trävaror;Grossister;Trä och byggvaror - grossist;Butikshandel;Detaljhandel;Virke och byggvaror",https://www.allabolag.se/foretag/sgd-sveriges-golvdistribut%C3%B6rer-ab/malm%C3%B6/-/5564453529
"Rugvista AB",556458-9207,700196,91,"211 24 Malmö","Postorder/e-handel;Mattor;Läder, skor, inredning, reseeffekter och textilier;Detaljhandel",https://www.allabolag.se/foretag/rugvista-ab/malm%C3%B6/-/5564589207
"Royal Design Group AB",556573-2426,800217,112,"382 37 Nybro","Lager;Möbler;Redovisning, bokföring;Telemarketing;Kontor- och teletjänster;Kontorstjänster;Möbler, inredning, kök- och belysningsutrustning;Skatterådgivning;Butikshandel;Detaljhandel",https://www.allabolag.se/foretag/royal-design-group-ab/nybro/-/5565732426
"ROL Ergo AB",556101-6402,683624,75,"555 93 Jönköping","Designers, formgivare;Kontorsinredningar;Industridesigners;Grossister",https://www.allabolag.se/foretag/rol-ergo-ab/j%C3%B6nk%C3%B6ping/-/5561016402
"Plantagen Logistik AB",556631-6658,928758,16,"731 91 Köping","Belysningsarmatur - Komponenter;Ljudanläggningar, ljusanläggningar, bildanläggningar;Grossister",https://www.allabolag.se/foretag/plantagen-logistik-ab/k%C3%B6ping/-/5566316658
"Liko Aktiebolag",556202-6004,510823,139,"975 92 Luleå","Belysningsarmatur - Komponenter;Lager;Medicinteknisk utrustning;Grossister;Medicinteknisk utrustning - produktion;Producenter",https://www.allabolag.se/foretag/liko-aktiebolag/lule%C3%A5/-/5562026004
"Input interiör AB",559150-6349,822014,54,"421 30 Västra Frölunda","Kontorsinredningar;Grossister",https://www.allabolag.se/foretag/input-interi%C3%B6r-ab/v%C3%A4stra-fr%C3%B6lunda/-/5591506349
"Input Interiör Göteborg Aktiebolag",556119-2757,524145,107,"421 30 Västra Frölunda","Kontorsinredningar;Lager;Grossister",https://www.allabolag.se/foretag/input-interi%C3%B6r-g%C3%B6teborg-aktiebolag/v%C3%A4stra-fr%C3%B6lunda/-/5561192757
"ITAB Sweden AB",556474-2244,636970,117,"571 34 Nässjö","Belysningsarmatur - Komponenter;Butiksinredningar, butiksutrustningar;Kontorsinredningar;Möbler;Grossister;Möbler - Produktion;Producenter",https://www.allabolag.se/foretag/itab-sweden-ab/n%C3%A4ssj%C3%B6/-/5564742244
"Home Furnishing Nordic AB",556780-9685,840242,151,"252 32 Helsingborg","Möbler;Transportförmedling;Åkerier;Kontorstjänster;Möbler, inredning, kök- och belysningsutrustning;Butikshandel;Detaljhandel",https://www.allabolag.se/foretag/home-furnishing-nordic-ab/helsingborg/-/5567809685
"Hilding Anders Sweden AB",556289-7941,763244,148,"281 35 Hässleholm","Belysningsarmatur - Komponenter;Möbler;Grossister;Möbler - Produktion;Producenter",https://www.allabolag.se/foretag/hilding-anders-sweden-ab/h%C3%A4ssleholm/-/5562897941
"Golvpoolen Arredo AB",556245-2994,563550,90,"212 37 Malmö","Byggmaterial;Golvbeläggningar;Järnvaror;Lager;Mattor;Grossister;Butikshandel;Detaljhandel;Virke och byggvaror",https://www.allabolag.se/foretag/golvpoolen-arredo-ab/malm%C3%B6/-/5562452994
"Flokk AB",556411-5672,756544,165,"571 41 Nässjö","Kontorsinredningar;Möbler;Grossister;Möbler - Produktion;Producenter",https://www.allabolag.se/foretag/flokk-ab/n%C3%A4ssj%C3%B6/-/5564115672
"Fiskars Sweden (Vita) AB",556286-0477,854538,122,"112 27 Stockholm","Köksinredningar;Grossister;Köksinredningar - agentur och grossist;Möbler, inredning, kök- och belysningsutrustning;Butikshandel;Detaljhandel",https://www.allabolag.se/foretag/fiskars-sweden-vita-ab/stockholm/-/5562860477
"Fagerhults Belysning Sverige Aktiebolag",556122-2000,805283,75,"566 92 Habo","Belysningsarmatur - Komponenter;Elmateriel;Grossister",https://www.allabolag.se/foretag/fagerhults-belysning-sverige-aktiebolag/habo/-/5561222000
"Elfa Manufacturing Sweden AB",556052-2558,551104,101,"593 32 Västervik","Belysningsarmatur - Komponenter;Möbler;Grossister;Gummi och plastprodukter - tillverkning;Möbler - Produktion;Producenter",https://www.allabolag.se/foretag/elfa-manufacturing-sweden-ab/v%C3%A4stervik/-/5560522558
"Beans in Cup AB",559085-5564,622419,321,"124 59 Bandhagen","Kontorsinredningar;Livsmedel;Maskinförnödenheter;Uthyrning;Grossister;Kaffe och te - agenturer;Maskinförnödenheter - reparationer;Reparatörer;Butikshandel;Detaljhandel;Dryckesvaror",https://www.allabolag.se/foretag/beans-in-cup-ab/bandhagen/-/5590855564
"Akzo Nobel Decorative Coatings AB",556142-8011,869018,319,"232 61 Arlöv","Färger, lacker, tapeter;Företagsutveckling;Golvbeläggningar;Kemikalier, industrikemikalier;Mattor;Färger, lacker, tapeter - tillverkning;Kemikalier, industrikemikalier - tillverkning;Producenter;Butikshandel;Detaljhandel",https://www.allabolag.se/foretag/akzo-nobel-decorative-coatings-ab/arl%C3%B6v/-/5561428011
